path,filename,modality,vocal_channel,emotion_code,emotion,intensity,statement,repetition,actor,gender,split,error,duration,sr,channels,frames,subtype,md5
C:\Emotion detection\-Emotion-Recognition-from-Speech\data\raw\RAVDESS\Actor_01\03-01-01-01-01-01-01.wav,03-01-01-01-01-01-01.wav,03,01,01,neutral,normal,Kids are talking by the door,1,1,male,train,,3.3032916666666665,48000,1,158558,PCM_16,880ae6a06b809441b366a04d94cc6526
C:\Emotion detection\-Emotion-Recognition-from-Speech\data\raw\RAVDESS\Actor_01\03-01-01-01-01-02-01.wav,03-01-01-01-01-02-01.wav,03,01,01,neutral,normal,Kids are talking by the door,2,1,male,train,,3.3366666666666664,48000,1,160160,PCM_16,89c4c44b112dd9f92b0fbfd196993ae5
C:\Emotion detection\-Emotion-Recognition-from-Speech\data\raw\RAVDESS\Actor_01\03-01-01-01-02-01-01.wav,03-01-01-01-02-01-01.wav,03,01,01,neutral,normal,Dogs are sitting by the door,1,1,male,train,,3.2699166666666666,48000,1,156956,PCM_16,c42dc571fee813208a5d291aed771878
C:\Emotion detection\-Emotion-Recognition-from-Speech\data\raw\RAVDESS\Actor_01\03-01-01-01-02-02-01.wav,03-01-01-01-02-02-01.wav,03,01,01,neutral,normal,Dogs are sitting by the door,2,1,male,train,,3.1698333333333335,48000,1,152152,PCM_16,a9feefc64ca15ee755b0116e16edef94
C:\Emotion detection\-Emotion-Recognition-from-Speech\data\raw\RAVDESS\Actor_01\03-01-02-01-01-01-01.wav,03-01-02-01-01-01-01.wav,03,01,02,calm,normal,Kids are talking by the door,1,1,male,train,,3.5368541666666666,48000,1,169769,PCM_16,bb245edb08569d3bc983daad540f11b1
C:\Emotion detection\-Emotion-Recognition-from-Speech\data\raw\RAVDESS\Actor_01\03-01-02-01-01-02-01.wav,03-01-02-01-01-02-01.wav,03,01,02,calm,normal,Kids are talking by the door,2,1,male,train,,3.6035833333333334,48000,2,172972,PCM_16,08ba4b7df36739e377ef7261e9104ecf
C:\Emotion detection\-Emotion-Recognition-from-Speech\data\raw\RAVDESS\Actor_01\03-01-02-01-02-01-01.wav,03-01-02-01-02-01-01.wav,03,01,02,calm,normal,Dogs are sitting by the door,1,1,male,train,,3.5035,48000,1,168168,PCM_16,d9b3808998049ab0e62024b8063fe0be
C:\Emotion detection\-Emotion-Recognition-from-Speech\data\raw\RAVDESS\Actor_01\03-01-02-01-02-02-01.wav,03-01-02-01-02-02-01.wav,03,01,02,calm,normal,Dogs are sitting by the door,2,1,male,train,,3.4701458333333335,48000,1,166567,PCM_16,fbf9fa4afffb5a1466f87f7732f0c19f
C:\Emotion detection\-Emotion-Recognition-from-Speech\data\raw\RAVDESS\Actor_01\03-01-02-02-01-01-01.wav,03-01-02-02-01-01-01.wav,03,01,02,calm,strong,Kids are talking by the door,1,1,male,train,,3.703708333333333,48000,1,177778,PCM_16,99a2f79fb22d3456cd297c561371d238
C:\Emotion detection\-Emotion-Recognition-from-Speech\data\raw\RAVDESS\Actor_01\03-01-02-02-01-02-01.wav,03-01-02-02-01-02-01.wav,03,01,02,calm,strong,Kids are talking by the door,2,1,male,train,,4.004,48000,1,192192,PCM_16,30988e09b3d8dc22482eec8d4f381b09
C:\Emotion detection\-Emotion-Recognition-from-Speech\data\raw\RAVDESS\Actor_01\03-01-02-02-02-01-01.wav,03-01-02-02-02-01-01.wav,03,01,02,calm,strong,Dogs are sitting by the door,1,1,male,train,,4.204208333333334,48000,1,201802,PCM_16,275f81be11df99a3123f2c5e6b92715c
C:\Emotion detection\-Emotion-Recognition-from-Speech\data\raw\RAVDESS\Actor_01\03-01-02-02-02-02-01.wav,03-01-02-02-02-02-01.wav,03,01,02,calm,strong,Dogs are sitting by the door,2,1,male,train,,4.004,48000,1,192192,PCM_16,1305c439d51704362aa655666da360fc
C:\Emotion detection\-Emotion-Recognition-from-Speech\data\raw\RAVDESS\Actor_01\03-01-03-01-01-01-01.wav,03-01-03-01-01-01-01.wav,03,01,03,happy,normal,Kids are talking by the door,1,1,male,train,,3.4701458333333335,48000,1,166567,PCM_16,3a2d91c26bcb26bf2737846db1ed7c46
C:\Emotion detection\-Emotion-Recognition-from-Speech\data\raw\RAVDESS\Actor_01\03-01-03-01-01-02-01.wav,03-01-03-01-01-02-01.wav,03,01,03,happy,normal,Kids are talking by the door,2,1,male,train,,3.470125,48000,1,166566,PCM_16,bf9fc1c9ecfbc147f2f160323f6023c5
C:\Emotion detection\-Emotion-Recognition-from-Speech\data\raw\RAVDESS\Actor_01\03-01-03-01-02-01-01.wav,03-01-03-01-02-01-01.wav,03,01,03,happy,normal,Dogs are sitting by the door,1,1,male,train,,3.5368541666666666,48000,1,169769,PCM_16,576e0c8025c57e2e4f0826379c7a1e51
C:\Emotion detection\-Emotion-Recognition-from-Speech\data\raw\RAVDESS\Actor_01\03-01-03-01-02-02-01.wav,03-01-03-01-02-02-01.wav,03,01,03,happy,normal,Dogs are sitting by the door,2,1,male,train,,3.703708333333333,48000,1,177778,PCM_16,a3082f06b2429f1fa5aa2663df53ef17
C:\Emotion detection\-Emotion-Recognition-from-Speech\data\raw\RAVDESS\Actor_01\03-01-03-02-01-01-01.wav,03-01-03-02-01-01-01.wav,03,01,03,happy,strong,Kids are talking by the door,1,1,male,train,,3.6703333333333332,48000,1,176176,PCM_16,4c6fcac0b890e79b8389efbec7980b9b
C:\Emotion detection\-Emotion-Recognition-from-Speech\data\raw\RAVDESS\Actor_01\03-01-03-02-01-02-01.wav,03-01-03-02-01-02-01.wav,03,01,03,happy,strong,Kids are talking by the door,2,1,male,train,,3.6369583333333333,48000,1,174574,PCM_16,3ef432148a0974201641e3d3bcce8cee
C:\Emotion detection\-Emotion-Recognition-from-Speech\data\raw\RAVDESS\Actor_01\03-01-03-02-02-01-01.wav,03-01-03-02-02-01-01.wav,03,01,03,happy,strong,Dogs are sitting by the door,1,1,male,train,,3.93725,48000,1,188988,PCM_16,4fc85557b5164b75b84b58b6f80e74e1
C:\Emotion detection\-Emotion-Recognition-from-Speech\data\raw\RAVDESS\Actor_01\03-01-03-02-02-02-01.wav,03-01-03-02-02-02-01.wav,03,01,03,happy,strong,Dogs are sitting by the door,2,1,male,train,,3.9372708333333333,48000,1,188989,PCM_16,3f41255c08fdd714952d03c3e60dbefb
C:\Emotion detection\-Emotion-Recognition-from-Speech\data\raw\RAVDESS\Actor_01\03-01-04-01-01-01-01.wav,03-01-04-01-01-01-01.wav,03,01,04,sad,normal,Kids are talking by the door,1,1,male,train,,3.8371666666666666,48000,1,184184,PCM_16,8eaf12bbbf5c416ca4a8f22f2e7146fa
C:\Emotion detection\-Emotion-Recognition-from-Speech\data\raw\RAVDESS\Actor_01\03-01-04-01-01-02-01.wav,03-01-04-01-01-02-01.wav,03,01,04,sad,normal,Kids are talking by the door,2,1,male,train,,3.5702291666666666,48000,1,171371,PCM_16,4553e4de25cd7fdbc4b66827dad97739
C:\Emotion detection\-Emotion-Recognition-from-Speech\data\raw\RAVDESS\Actor_01\03-01-04-01-02-01-01.wav,03-01-04-01-02-01-01.wav,03,01,04,sad,normal,Dogs are sitting by the door,1,1,male,train,,3.5035,48000,1,168168,PCM_16,9ff3ec08a011c83004f9d00dda9023d6
C:\Emotion detection\-Emotion-Recognition-from-Speech\data\raw\RAVDESS\Actor_01\03-01-04-01-02-02-01.wav,03-01-04-01-02-02-01.wav,03,01,04,sad,normal,Dogs are sitting by the door,2,1,male,train,,3.370041666666667,48000,1,161762,PCM_16,b1c3db90124ae5aaecb7b4307548642d
C:\Emotion detection\-Emotion-Recognition-from-Speech\data\raw\RAVDESS\Actor_01\03-01-04-02-01-01-01.wav,03-01-04-02-01-01-01.wav,03,01,04,sad,strong,Kids are talking by the door,1,1,male,train,,3.8037916666666667,48000,1,182582,PCM_16,5580c846f480f424165b5439dae924db
C:\Emotion detection\-Emotion-Recognition-from-Speech\data\raw\RAVDESS\Actor_01\03-01-04-02-01-02-01.wav,03-01-04-02-01-02-01.wav,03,01,04,sad,strong,Kids are talking by the door,2,1,male,train,,3.703708333333333,48000,1,177778,PCM_16,dabd8c40df2ec65dbd7cc4beacfa1e26
C:\Emotion detection\-Emotion-Recognition-from-Speech\data\raw\RAVDESS\Actor_01\03-01-04-02-02-01-01.wav,03-01-04-02-02-01-01.wav,03,01,04,sad,strong,Dogs are sitting by the door,1,1,male,train,,3.7370833333333335,48000,1,179380,PCM_16,089484cab65ef797351228e9e65d9e70
C:\Emotion detection\-Emotion-Recognition-from-Speech\data\raw\RAVDESS\Actor_01\03-01-04-02-02-02-01.wav,03-01-04-02-02-02-01.wav,03,01,04,sad,strong,Dogs are sitting by the door,2,1,male,train,,3.7370625,48000,1,179379,PCM_16,92cc26a45c389f6029fa0f8cebfad0ae
C:\Emotion detection\-Emotion-Recognition-from-Speech\data\raw\RAVDESS\Actor_01\03-01-05-01-01-01-01.wav,03-01-05-01-01-01-01.wav,03,01,05,angry,normal,Kids are talking by the door,1,1,male,train,,3.8705416666666665,48000,1,185786,PCM_16,e352ce212346f077e53f404165f5d2c2
C:\Emotion detection\-Emotion-Recognition-from-Speech\data\raw\RAVDESS\Actor_01\03-01-05-01-01-02-01.wav,03-01-05-01-01-02-01.wav,03,01,05,angry,normal,Kids are talking by the door,2,1,male,train,,3.9372708333333333,48000,1,188989,PCM_16,8ca5e29074e4baa45ba64cd4580ea034
C:\Emotion detection\-Emotion-Recognition-from-Speech\data\raw\RAVDESS\Actor_01\03-01-05-01-02-01-01.wav,03-01-05-01-02-01-01.wav,03,01,05,angry,normal,Dogs are sitting by the door,1,1,male,train,,3.5035,48000,1,168168,PCM_16,57cfbd10a1ec4f11c899dc1e40619f4f
C:\Emotion detection\-Emotion-Recognition-from-Speech\data\raw\RAVDESS\Actor_01\03-01-05-01-02-02-01.wav,03-01-05-01-02-02-01.wav,03,01,05,angry,normal,Dogs are sitting by the door,2,1,male,train,,3.7370625,48000,1,179379,PCM_16,26082bfb0d94784b5b800c66dad9f73e
C:\Emotion detection\-Emotion-Recognition-from-Speech\data\raw\RAVDESS\Actor_01\03-01-05-02-01-01-01.wav,03-01-05-02-01-01-01.wav,03,01,05,angry,strong,Kids are talking by the door,1,1,male,train,,4.104104166666667,48000,1,196997,PCM_16,3b3a46f4229a95b1200fe9c6fd326d35
C:\Emotion detection\-Emotion-Recognition-from-Speech\data\raw\RAVDESS\Actor_01\03-01-05-02-01-02-01.wav,03-01-05-02-01-02-01.wav,03,01,05,angry,strong,Kids are talking by the door,2,1,male,train,,4.371041666666667,48000,1,209810,PCM_16,8fa6481fce927cf6232aea327c42d625
C:\Emotion detection\-Emotion-Recognition-from-Speech\data\raw\RAVDESS\Actor_01\03-01-05-02-02-01-01.wav,03-01-05-02-02-01-01.wav,03,01,05,angry,strong,Dogs are sitting by the door,1,1,male,train,,4.137458333333333,48000,1,198598,PCM_16,66326fc5ebe0613fa2fadb87c1caec47
C:\Emotion detection\-Emotion-Recognition-from-Speech\data\raw\RAVDESS\Actor_01\03-01-05-02-02-02-01.wav,03-01-05-02-02-02-01.wav,03,01,05,angry,strong,Dogs are sitting by the door,2,1,male,train,,4.437770833333333,48000,1,213013,PCM_16,798544d06603a4b799397d9ed63b1483
C:\Emotion detection\-Emotion-Recognition-from-Speech\data\raw\RAVDESS\Actor_01\03-01-06-01-01-01-01.wav,03-01-06-01-01-01-01.wav,03,01,06,fearful,normal,Kids are talking by the door,1,1,male,train,,3.6703333333333332,48000,1,176176,PCM_16,c69204c1f03d2301c19c8c24a8d5e9bb
C:\Emotion detection\-Emotion-Recognition-from-Speech\data\raw\RAVDESS\Actor_01\03-01-06-01-01-02-01.wav,03-01-06-01-01-02-01.wav,03,01,06,fearful,normal,Kids are talking by the door,2,1,male,train,,3.636979166666667,48000,1,174575,PCM_16,d0893636c02f297255dd508bc695a7fe
C:\Emotion detection\-Emotion-Recognition-from-Speech\data\raw\RAVDESS\Actor_01\03-01-06-01-02-01-01.wav,03-01-06-01-02-01-01.wav,03,01,06,fearful,normal,Dogs are sitting by the door,1,1,male,train,,3.4367708333333336,48000,1,164965,PCM_16,cc95661163a6955c267dca4bce6ddc7f
C:\Emotion detection\-Emotion-Recognition-from-Speech\data\raw\RAVDESS\Actor_01\03-01-06-01-02-02-01.wav,03-01-06-01-02-02-01.wav,03,01,06,fearful,normal,Dogs are sitting by the door,2,1,male,train,,3.7036875,48000,1,177777,PCM_16,66e040f6e7deed40f3218e700e89885d
C:\Emotion detection\-Emotion-Recognition-from-Speech\data\raw\RAVDESS\Actor_01\03-01-06-02-01-01-01.wav,03-01-06-02-01-01-01.wav,03,01,06,fearful,strong,Kids are talking by the door,1,1,male,train,,5.005,48000,1,240240,PCM_16,eb6d08d05d8f9f74fb6d02a9fb5ca5e2
C:\Emotion detection\-Emotion-Recognition-from-Speech\data\raw\RAVDESS\Actor_01\03-01-06-02-01-02-01.wav,03-01-06-02-01-02-01.wav,03,01,06,fearful,strong,Kids are talking by the door,2,1,male,train,,4.2375625,48000,1,203403,PCM_16,ed3ddbd557c81e4f1382b83f7002e2cd
C:\Emotion detection\-Emotion-Recognition-from-Speech\data\raw\RAVDESS\Actor_01\03-01-06-02-02-01-01.wav,03-01-06-02-02-01-01.wav,03,01,06,fearful,strong,Dogs are sitting by the door,1,1,male,train,,3.970625,48000,1,190590,PCM_16,0bb7339716d1932d5d25b28a7178482a
C:\Emotion detection\-Emotion-Recognition-from-Speech\data\raw\RAVDESS\Actor_01\03-01-06-02-02-02-01.wav,03-01-06-02-02-02-01.wav,03,01,06,fearful,strong,Dogs are sitting by the door,2,1,male,train,,3.9039166666666665,48000,1,187388,PCM_16,4a19b8722194f1a808cfce2a7d7deef4
C:\Emotion detection\-Emotion-Recognition-from-Speech\data\raw\RAVDESS\Actor_01\03-01-07-01-01-01-01.wav,03-01-07-01-01-01-01.wav,03,01,07,disgust,normal,Kids are talking by the door,1,1,male,train,,3.8705208333333334,48000,1,185785,PCM_16,0d31e591c80c3a8a378dbf673303341a
C:\Emotion detection\-Emotion-Recognition-from-Speech\data\raw\RAVDESS\Actor_01\03-01-07-01-01-02-01.wav,03-01-07-01-01-02-01.wav,03,01,07,disgust,normal,Kids are talking by the door,2,1,male,train,,3.9038958333333333,48000,1,187387,PCM_16,a218dc9f5ba045983beec977a91773d7
C:\Emotion detection\-Emotion-Recognition-from-Speech\data\raw\RAVDESS\Actor_01\03-01-07-01-02-01-01.wav,03-01-07-01-02-01-01.wav,03,01,07,disgust,normal,Dogs are sitting by the door,1,1,male,train,,3.9038958333333333,48000,1,187387,PCM_16,120382d83289d04623ec71cea8ee60fb
C:\Emotion detection\-Emotion-Recognition-from-Speech\data\raw\RAVDESS\Actor_01\03-01-07-01-02-02-01.wav,03-01-07-01-02-02-01.wav,03,01,07,disgust,normal,Dogs are sitting by the door,2,1,male,train,,3.8371666666666666,48000,1,184184,PCM_16,4fdfdb45f9714b7263f042355c57220e
C:\Emotion detection\-Emotion-Recognition-from-Speech\data\raw\RAVDESS\Actor_01\03-01-07-02-01-01-01.wav,03-01-07-02-01-01-01.wav,03,01,07,disgust,strong,Kids are talking by the door,1,1,male,train,,4.304291666666667,48000,1,206606,PCM_16,037c0457b293114273dc4567220a5359
C:\Emotion detection\-Emotion-Recognition-from-Speech\data\raw\RAVDESS\Actor_01\03-01-07-02-01-02-01.wav,03-01-07-02-01-02-01.wav,03,01,07,disgust,strong,Kids are talking by the door,2,1,male,train,,4.104104166666667,48000,1,196997,PCM_16,397c663579bf6169ae9e1b9ca4675a2b
C:\Emotion detection\-Emotion-Recognition-from-Speech\data\raw\RAVDESS\Actor_01\03-01-07-02-02-01-01.wav,03-01-07-02-02-01-01.wav,03,01,07,disgust,strong,Dogs are sitting by the door,1,1,male,train,,4.037375,48000,1,193794,PCM_16,782229200e7ddfdc4d767ce5dbae1da3
C:\Emotion detection\-Emotion-Recognition-from-Speech\data\raw\RAVDESS\Actor_01\03-01-07-02-02-02-01.wav,03-01-07-02-02-02-01.wav,03,01,07,disgust,strong,Dogs are sitting by the door,2,1,male,train,,4.371020833333334,48000,1,209809,PCM_16,402b648077fef1e08d3f6d936354252d
C:\Emotion detection\-Emotion-Recognition-from-Speech\data\raw\RAVDESS\Actor_01\03-01-08-01-01-01-01.wav,03-01-08-01-01-01-01.wav,03,01,08,surprised,normal,Kids are talking by the door,1,1,male,train,,3.403395833333333,48000,1,163363,PCM_16,4c324abc9b6c52f19c136b69bbc942fa
C:\Emotion detection\-Emotion-Recognition-from-Speech\data\raw\RAVDESS\Actor_01\03-01-08-01-01-02-01.wav,03-01-08-01-01-02-01.wav,03,01,08,surprised,normal,Kids are talking by the door,2,1,male,train,,3.2699166666666666,48000,1,156956,PCM_16,103fee565ffbc5a71cc908e3ef8acabf
C:\Emotion detection\-Emotion-Recognition-from-Speech\data\raw\RAVDESS\Actor_01\03-01-08-01-02-01-01.wav,03-01-08-01-02-01-01.wav,03,01,08,surprised,normal,Dogs are sitting by the door,1,1,male,train,,3.536875,48000,1,169770,PCM_16,d6b5b08334b1e163df89475ae7db358c
C:\Emotion detection\-Emotion-Recognition-from-Speech\data\raw\RAVDESS\Actor_01\03-01-08-01-02-02-01.wav,03-01-08-01-02-02-01.wav,03,01,08,surprised,normal,Dogs are sitting by the door,2,1,male,train,,3.2699166666666666,48000,2,156956,PCM_16,5523a4fe48bbcfa0c90dae964df15505
C:\Emotion detection\-Emotion-Recognition-from-Speech\data\raw\RAVDESS\Actor_01\03-01-08-02-01-01-01.wav,03-01-08-02-01-01-01.wav,03,01,08,surprised,strong,Kids are talking by the door,1,1,male,train,,3.43675,48000,1,164964,PCM_16,a11e95b92d8ac2a307e272cbfba6eac5
C:\Emotion detection\-Emotion-Recognition-from-Speech\data\raw\RAVDESS\Actor_01\03-01-08-02-01-02-01.wav,03-01-08-02-01-02-01.wav,03,01,08,surprised,strong,Kids are talking by the door,2,1,male,train,,3.5702291666666666,48000,1,171371,PCM_16,22a35720e716591397407d633704bd36
C:\Emotion detection\-Emotion-Recognition-from-Speech\data\raw\RAVDESS\Actor_01\03-01-08-02-02-01-01.wav,03-01-08-02-02-01-01.wav,03,01,08,surprised,strong,Dogs are sitting by the door,1,1,male,train,,3.5035,48000,1,168168,PCM_16,a115bf04b0b5a10dd9fe945088649459
C:\Emotion detection\-Emotion-Recognition-from-Speech\data\raw\RAVDESS\Actor_01\03-01-08-02-02-02-01.wav,03-01-08-02-02-02-01.wav,03,01,08,surprised,strong,Dogs are sitting by the door,2,1,male,train,,3.2699375,48000,1,156957,PCM_16,91d802476f27631116ab313c28f70194
C:\Emotion detection\-Emotion-Recognition-from-Speech\data\raw\RAVDESS\Actor_02\03-01-01-01-01-01-02.wav,03-01-01-01-01-01-02.wav,03,01,01,neutral,normal,Kids are talking by the door,1,2,female,train,,3.6369583333333333,48000,1,174574,PCM_16,69c49ecb61bb3aa4fb645f8574ab02d0
C:\Emotion detection\-Emotion-Recognition-from-Speech\data\raw\RAVDESS\Actor_02\03-01-01-01-01-02-02.wav,03-01-01-01-01-02-02.wav,03,01,01,neutral,normal,Kids are talking by the door,2,2,female,train,,3.6036041666666665,48000,1,172973,PCM_16,db8721fc3764f4190694a9de1ef71dff
C:\Emotion detection\-Emotion-Recognition-from-Speech\data\raw\RAVDESS\Actor_02\03-01-01-01-02-01-02.wav,03-01-01-01-02-01-02.wav,03,01,01,neutral,normal,Dogs are sitting by the door,1,2,female,train,,3.7704166666666667,48000,1,180980,PCM_16,ba96ce0f107c5363b6315484df1abd38
C:\Emotion detection\-Emotion-Recognition-from-Speech\data\raw\RAVDESS\Actor_02\03-01-01-01-02-02-02.wav,03-01-01-01-02-02-02.wav,03,01,01,neutral,normal,Dogs are sitting by the door,2,2,female,train,,3.6035833333333334,48000,1,172972,PCM_16,03d0edb843fdd095042a81e153b20081
C:\Emotion detection\-Emotion-Recognition-from-Speech\data\raw\RAVDESS\Actor_02\03-01-02-01-01-01-02.wav,03-01-02-01-01-01-02.wav,03,01,02,calm,normal,Kids are talking by the door,1,2,female,train,,3.8371666666666666,48000,1,184184,PCM_16,78f179fe1d8ff7ad838b4f303c8ab88d
C:\Emotion detection\-Emotion-Recognition-from-Speech\data\raw\RAVDESS\Actor_02\03-01-02-01-01-02-02.wav,03-01-02-01-01-02-02.wav,03,01,02,calm,normal,Kids are talking by the door,2,2,female,train,,4.004,48000,1,192192,PCM_16,44b6262f1dac0beaec9b6ef035a65a52
C:\Emotion detection\-Emotion-Recognition-from-Speech\data\raw\RAVDESS\Actor_02\03-01-02-01-02-01-02.wav,03-01-02-01-02-01-02.wav,03,01,02,calm,normal,Dogs are sitting by the door,1,2,female,train,,3.8371666666666666,48000,1,184184,PCM_16,a70b5e5947605771b7ed36435784a858
C:\Emotion detection\-Emotion-Recognition-from-Speech\data\raw\RAVDESS\Actor_02\03-01-02-01-02-02-02.wav,03-01-02-01-02-02-02.wav,03,01,02,calm,normal,Dogs are sitting by the door,2,2,female,train,,3.970625,48000,1,190590,PCM_16,386ca64184f0b2757b406fb1593195c6
C:\Emotion detection\-Emotion-Recognition-from-Speech\data\raw\RAVDESS\Actor_02\03-01-02-02-01-01-02.wav,03-01-02-02-01-01-02.wav,03,01,02,calm,strong,Kids are talking by the door,1,2,female,train,,4.137479166666667,48000,1,198599,PCM_16,76cfbaeb61ed42d899e621fdb325be0f
C:\Emotion detection\-Emotion-Recognition-from-Speech\data\raw\RAVDESS\Actor_02\03-01-02-02-01-02-02.wav,03-01-02-02-01-02-02.wav,03,01,02,calm,strong,Kids are talking by the door,2,2,female,train,,4.037375,48000,1,193794,PCM_16,65a4c2a6b90e93ddce5508473e686c27
C:\Emotion detection\-Emotion-Recognition-from-Speech\data\raw\RAVDESS\Actor_02\03-01-02-02-02-01-02.wav,03-01-02-02-02-01-02.wav,03,01,02,calm,strong,Dogs are sitting by the door,1,2,female,train,,4.104104166666667,48000,1,196997,PCM_16,42f020b482bd860073beca02bde14c06
C:\Emotion detection\-Emotion-Recognition-from-Speech\data\raw\RAVDESS\Actor_02\03-01-02-02-02-02-02.wav,03-01-02-02-02-02-02.wav,03,01,02,calm,strong,Dogs are sitting by the door,2,2,female,train,,4.104104166666667,48000,1,196997,PCM_16,8f2e75829306ef50e0ba76d5708a6847
C:\Emotion detection\-Emotion-Recognition-from-Speech\data\raw\RAVDESS\Actor_02\03-01-03-01-01-01-02.wav,03-01-03-01-01-01-02.wav,03,01,03,happy,normal,Kids are talking by the door,1,2,female,train,,3.6036041666666665,48000,1,172973,PCM_16,f6ad1e910f4d9c113cb46b72158a71d1
C:\Emotion detection\-Emotion-Recognition-from-Speech\data\raw\RAVDESS\Actor_02\03-01-03-01-01-02-02.wav,03-01-03-01-01-02-02.wav,03,01,03,happy,normal,Kids are talking by the door,2,2,female,train,,3.7036875,48000,1,177777,PCM_16,ba92e7de149fafb1b5c5afa4b113b2fe
C:\Emotion detection\-Emotion-Recognition-from-Speech\data\raw\RAVDESS\Actor_02\03-01-03-01-02-01-02.wav,03-01-03-01-02-01-02.wav,03,01,03,happy,normal,Dogs are sitting by the door,1,2,female,train,,3.7704375,48000,1,180981,PCM_16,51d248498b8716b32a0730c27cb4c1f5
C:\Emotion detection\-Emotion-Recognition-from-Speech\data\raw\RAVDESS\Actor_02\03-01-03-01-02-02-02.wav,03-01-03-01-02-02-02.wav,03,01,03,happy,normal,Dogs are sitting by the door,2,2,female,train,,3.7370833333333335,48000,1,179380,PCM_16,49c8ed005c8fbf6599405474ec5b8984
C:\Emotion detection\-Emotion-Recognition-from-Speech\data\raw\RAVDESS\Actor_02\03-01-03-02-01-01-02.wav,03-01-03-02-01-01-02.wav,03,01,03,happy,strong,Kids are talking by the door,1,2,female,train,,3.703708333333333,48000,1,177778,PCM_16,2d891babec6c1882441a7d7f2ea5b908
C:\Emotion detection\-Emotion-Recognition-from-Speech\data\raw\RAVDESS\Actor_02\03-01-03-02-01-02-02.wav,03-01-03-02-01-02-02.wav,03,01,03,happy,strong,Kids are talking by the door,2,2,female,train,,3.6703333333333332,48000,1,176176,PCM_16,14410bbaf70d30cced60c2ede724e2cd
C:\Emotion detection\-Emotion-Recognition-from-Speech\data\raw\RAVDESS\Actor_02\03-01-03-02-02-01-02.wav,03-01-03-02-02-01-02.wav,03,01,03,happy,strong,Dogs are sitting by the door,1,2,female,train,,3.703708333333333,48000,1,177778,PCM_16,bc3a1e43734cd29e19b89a7b96f9d6a2
C:\Emotion detection\-Emotion-Recognition-from-Speech\data\raw\RAVDESS\Actor_02\03-01-03-02-02-02-02.wav,03-01-03-02-02-02-02.wav,03,01,03,happy,strong,Dogs are sitting by the door,2,2,female,train,,3.8705208333333334,48000,1,185785,PCM_16,7c82eacbabbc479d490967ad2c4c7dd4
C:\Emotion detection\-Emotion-Recognition-from-Speech\data\raw\RAVDESS\Actor_02\03-01-04-01-01-01-02.wav,03-01-04-01-01-01-02.wav,03,01,04,sad,normal,Kids are talking by the door,1,2,female,train,,3.8371666666666666,48000,1,184184,PCM_16,a3f8504d80700b5107f654a4337567b4
C:\Emotion detection\-Emotion-Recognition-from-Speech\data\raw\RAVDESS\Actor_02\03-01-04-01-01-02-02.wav,03-01-04-01-01-02-02.wav,03,01,04,sad,normal,Kids are talking by the door,2,2,female,train,,3.7704375,48000,1,180981,PCM_16,8c9bfd1bc82ac324f176917c37babcb3
C:\Emotion detection\-Emotion-Recognition-from-Speech\data\raw\RAVDESS\Actor_02\03-01-04-01-02-01-02.wav,03-01-04-01-02-01-02.wav,03,01,04,sad,normal,Dogs are sitting by the door,1,2,female,train,,3.7370625,48000,1,179379,PCM_16,a9bf933aa81d9137b43a5eb171c0292c
C:\Emotion detection\-Emotion-Recognition-from-Speech\data\raw\RAVDESS\Actor_02\03-01-04-01-02-02-02.wav,03-01-04-01-02-02-02.wav,03,01,04,sad,normal,Dogs are sitting by the door,2,2,female,train,,3.7704375,48000,1,180981,PCM_16,cf248dacd33e777b5062f82be36439e0
C:\Emotion detection\-Emotion-Recognition-from-Speech\data\raw\RAVDESS\Actor_02\03-01-04-02-01-01-02.wav,03-01-04-02-01-01-02.wav,03,01,04,sad,strong,Kids are talking by the door,1,2,female,train,,3.7370833333333335,48000,1,179380,PCM_16,19d59325e00ba53548a3b771b8443edc
C:\Emotion detection\-Emotion-Recognition-from-Speech\data\raw\RAVDESS\Actor_02\03-01-04-02-01-02-02.wav,03-01-04-02-01-02-02.wav,03,01,04,sad,strong,Kids are talking by the door,2,2,female,train,,3.7704166666666667,48000,1,180980,PCM_16,28a7677b7631e98b7b394a1d524b458f
C:\Emotion detection\-Emotion-Recognition-from-Speech\data\raw\RAVDESS\Actor_02\03-01-04-02-02-01-02.wav,03-01-04-02-02-01-02.wav,03,01,04,sad,strong,Dogs are sitting by the door,1,2,female,train,,3.7036875,48000,1,177777,PCM_16,4f565cb569a36f7aa2af430648bfecc8
C:\Emotion detection\-Emotion-Recognition-from-Speech\data\raw\RAVDESS\Actor_02\03-01-04-02-02-02-02.wav,03-01-04-02-02-02-02.wav,03,01,04,sad,strong,Dogs are sitting by the door,2,2,female,train,,3.6703333333333332,48000,1,176176,PCM_16,e31573b5162be1bc784a05ea985c6b24
C:\Emotion detection\-Emotion-Recognition-from-Speech\data\raw\RAVDESS\Actor_02\03-01-05-01-01-01-02.wav,03-01-05-01-01-01-02.wav,03,01,05,angry,normal,Kids are talking by the door,1,2,female,train,,3.6703333333333332,48000,1,176176,PCM_16,f6c3eb0f78b922fc2478b4167ea5f972
C:\Emotion detection\-Emotion-Recognition-from-Speech\data\raw\RAVDESS\Actor_02\03-01-05-01-01-02-02.wav,03-01-05-01-01-02-02.wav,03,01,05,angry,normal,Kids are talking by the door,2,2,female,train,,3.6703333333333332,48000,1,176176,PCM_16,ef77ba531d9c5a03cec5cf89c4cb083c
C:\Emotion detection\-Emotion-Recognition-from-Speech\data\raw\RAVDESS\Actor_02\03-01-05-01-02-01-02.wav,03-01-05-01-02-01-02.wav,03,01,05,angry,normal,Dogs are sitting by the door,1,2,female,train,,3.7704166666666667,48000,1,180980,PCM_16,9e2df8906b018cc9c6ecda26db06af8f
C:\Emotion detection\-Emotion-Recognition-from-Speech\data\raw\RAVDESS\Actor_02\03-01-05-01-02-02-02.wav,03-01-05-01-02-02-02.wav,03,01,05,angry,normal,Dogs are sitting by the door,2,2,female,train,,3.8037916666666667,48000,1,182582,PCM_16,b82b42610532b4cb22f1a93750c1450a
C:\Emotion detection\-Emotion-Recognition-from-Speech\data\raw\RAVDESS\Actor_02\03-01-05-02-01-01-02.wav,03-01-05-02-01-01-02.wav,03,01,05,angry,strong,Kids are talking by the door,1,2,female,train,,3.9039166666666665,48000,1,187388,PCM_16,6bd8eafde1a016a3ee0f3cafa520ff87
C:\Emotion detection\-Emotion-Recognition-from-Speech\data\raw\RAVDESS\Actor_02\03-01-05-02-01-02-02.wav,03-01-05-02-01-02-02.wav,03,01,05,angry,strong,Kids are talking by the door,2,2,female,train,,4.004,48000,1,192192,PCM_16,ffeb795ddc513e47c8368f9f76f30b92
C:\Emotion detection\-Emotion-Recognition-from-Speech\data\raw\RAVDESS\Actor_02\03-01-05-02-02-01-02.wav,03-01-05-02-02-01-02.wav,03,01,05,angry,strong,Dogs are sitting by the door,1,2,female,train,,4.004,48000,1,192192,PCM_16,91a1676e87a0804f4b51e65b5f6ddd1c
C:\Emotion detection\-Emotion-Recognition-from-Speech\data\raw\RAVDESS\Actor_02\03-01-05-02-02-02-02.wav,03-01-05-02-02-02-02.wav,03,01,05,angry,strong,Dogs are sitting by the door,2,2,female,train,,4.004,48000,1,192192,PCM_16,5be33db83200c4e439062054adf5f047
C:\Emotion detection\-Emotion-Recognition-from-Speech\data\raw\RAVDESS\Actor_02\03-01-06-01-01-01-02.wav,03-01-06-01-01-01-02.wav,03,01,06,fearful,normal,Kids are talking by the door,1,2,female,train,,3.636979166666667,48000,1,174575,PCM_16,a1200348590016aefacb42a10fccaf74
C:\Emotion detection\-Emotion-Recognition-from-Speech\data\raw\RAVDESS\Actor_02\03-01-06-01-01-02-02.wav,03-01-06-01-01-02-02.wav,03,01,06,fearful,normal,Kids are talking by the door,2,2,female,train,,3.7370625,48000,1,179379,PCM_16,86576d22ab2b29f1e09057eeb880435e
C:\Emotion detection\-Emotion-Recognition-from-Speech\data\raw\RAVDESS\Actor_02\03-01-06-01-02-01-02.wav,03-01-06-01-02-01-02.wav,03,01,06,fearful,normal,Dogs are sitting by the door,1,2,female,train,,3.6703333333333332,48000,1,176176,PCM_16,2e39bf6e043ed280d68d350c89079560
C:\Emotion detection\-Emotion-Recognition-from-Speech\data\raw\RAVDESS\Actor_02\03-01-06-01-02-02-02.wav,03-01-06-01-02-02-02.wav,03,01,06,fearful,normal,Dogs are sitting by the door,2,2,female,train,,3.7370625,48000,1,179379,PCM_16,e6d528db27ce61e1ade41acb05510db1
C:\Emotion detection\-Emotion-Recognition-from-Speech\data\raw\RAVDESS\Actor_02\03-01-06-02-01-01-02.wav,03-01-06-02-01-01-02.wav,03,01,06,fearful,strong,Kids are talking by the door,1,2,female,train,,3.8037916666666667,48000,1,182582,PCM_16,2b640cbb7a7c131707623909d9186ba3
C:\Emotion detection\-Emotion-Recognition-from-Speech\data\raw\RAVDESS\Actor_02\03-01-06-02-01-02-02.wav,03-01-06-02-01-02-02.wav,03,01,06,fearful,strong,Kids are talking by the door,2,2,female,train,,3.636979166666667,48000,1,174575,PCM_16,5560234b458d0817a42c1fa3da78375f
C:\Emotion detection\-Emotion-Recognition-from-Speech\data\raw\RAVDESS\Actor_02\03-01-06-02-02-01-02.wav,03-01-06-02-02-01-02.wav,03,01,06,fearful,strong,Dogs are sitting by the door,1,2,female,train,,3.6036041666666665,48000,1,172973,PCM_16,27765c2aa92fd0f52b278f6a4cc31892
C:\Emotion detection\-Emotion-Recognition-from-Speech\data\raw\RAVDESS\Actor_02\03-01-06-02-02-02-02.wav,03-01-06-02-02-02-02.wav,03,01,06,fearful,strong,Dogs are sitting by the door,2,2,female,train,,3.6036041666666665,48000,1,172973,PCM_16,2661f09f6d03857e02e1398585a8450c
C:\Emotion detection\-Emotion-Recognition-from-Speech\data\raw\RAVDESS\Actor_02\03-01-07-01-01-01-02.wav,03-01-07-01-01-01-02.wav,03,01,07,disgust,normal,Kids are talking by the door,1,2,female,train,,3.6703333333333332,48000,1,176176,PCM_16,b598394043286d0a535d365e5605c596
C:\Emotion detection\-Emotion-Recognition-from-Speech\data\raw\RAVDESS\Actor_02\03-01-07-01-01-02-02.wav,03-01-07-01-01-02-02.wav,03,01,07,disgust,normal,Kids are talking by the door,2,2,female,train,,3.636979166666667,48000,1,174575,PCM_16,dd533b4e51cef71b6dc6df606eae2ad5
C:\Emotion detection\-Emotion-Recognition-from-Speech\data\raw\RAVDESS\Actor_02\03-01-07-01-02-01-02.wav,03-01-07-01-02-01-02.wav,03,01,07,disgust,normal,Dogs are sitting by the door,1,2,female,train,,3.8705416666666665,48000,1,185786,PCM_16,cffd4cef48f5e138023dbda3bbc5028f
C:\Emotion detection\-Emotion-Recognition-from-Speech\data\raw\RAVDESS\Actor_02\03-01-07-01-02-02-02.wav,03-01-07-01-02-02-02.wav,03,01,07,disgust,normal,Dogs are sitting by the door,2,2,female,train,,3.8371666666666666,48000,1,184184,PCM_16,fc851f6397182bcb356c935556d2cd0e
C:\Emotion detection\-Emotion-Recognition-from-Speech\data\raw\RAVDESS\Actor_02\03-01-07-02-01-01-02.wav,03-01-07-02-01-01-02.wav,03,01,07,disgust,strong,Kids are talking by the door,1,2,female,train,,4.137458333333333,48000,1,198598,PCM_16,35e1bda2d23e9c99f92f172b3ec1eaff
C:\Emotion detection\-Emotion-Recognition-from-Speech\data\raw\RAVDESS\Actor_02\03-01-07-02-01-02-02.wav,03-01-07-02-01-02-02.wav,03,01,07,disgust,strong,Kids are talking by the door,2,2,female,train,,4.137458333333333,48000,1,198598,PCM_16,4cdf37a629d86de250ec723fd2526058
C:\Emotion detection\-Emotion-Recognition-from-Speech\data\raw\RAVDESS\Actor_02\03-01-07-02-02-01-02.wav,03-01-07-02-02-01-02.wav,03,01,07,disgust,strong,Dogs are sitting by the door,1,2,female,train,,4.004,48000,1,192192,PCM_16,a263cf7504c2dc99ddeb83bf8198bf75
C:\Emotion detection\-Emotion-Recognition-from-Speech\data\raw\RAVDESS\Actor_02\03-01-07-02-02-02-02.wav,03-01-07-02-02-02-02.wav,03,01,07,disgust,strong,Dogs are sitting by the door,2,2,female,train,,4.037375,48000,1,193794,PCM_16,24a9906d7618131e6a5e9712b7526b22
C:\Emotion detection\-Emotion-Recognition-from-Speech\data\raw\RAVDESS\Actor_02\03-01-08-01-01-01-02.wav,03-01-08-01-01-01-02.wav,03,01,08,surprised,normal,Kids are talking by the door,1,2,female,train,,3.5368541666666666,48000,1,169769,PCM_16,9b904a2666b90d938ea31538628b3b5d
C:\Emotion detection\-Emotion-Recognition-from-Speech\data\raw\RAVDESS\Actor_02\03-01-08-01-01-02-02.wav,03-01-08-01-01-02-02.wav,03,01,08,surprised,normal,Kids are talking by the door,2,2,female,train,,3.5368541666666666,48000,1,169769,PCM_16,fe2361b20cb6df530105f41184491eb1
C:\Emotion detection\-Emotion-Recognition-from-Speech\data\raw\RAVDESS\Actor_02\03-01-08-01-02-01-02.wav,03-01-08-01-02-01-02.wav,03,01,08,surprised,normal,Dogs are sitting by the door,1,2,female,train,,3.6036041666666665,48000,1,172973,PCM_16,69a95d99ea1dc830fc7aa7fa98444ea7
C:\Emotion detection\-Emotion-Recognition-from-Speech\data\raw\RAVDESS\Actor_02\03-01-08-01-02-02-02.wav,03-01-08-01-02-02-02.wav,03,01,08,surprised,normal,Dogs are sitting by the door,2,2,female,train,,3.536875,48000,1,169770,PCM_16,49c9868b4575fe8347aa052aac04dead
C:\Emotion detection\-Emotion-Recognition-from-Speech\data\raw\RAVDESS\Actor_02\03-01-08-02-01-01-02.wav,03-01-08-02-01-01-02.wav,03,01,08,surprised,strong,Kids are talking by the door,1,2,female,train,,3.7370625,48000,1,179379,PCM_16,b0a5243e0ccc9570978fb0fcb74823c6
C:\Emotion detection\-Emotion-Recognition-from-Speech\data\raw\RAVDESS\Actor_02\03-01-08-02-01-02-02.wav,03-01-08-02-01-02-02.wav,03,01,08,surprised,strong,Kids are talking by the door,2,2,female,train,,3.7704375,48000,1,180981,PCM_16,266b0801af3d5f48165367c4d8316455
C:\Emotion detection\-Emotion-Recognition-from-Speech\data\raw\RAVDESS\Actor_02\03-01-08-02-02-01-02.wav,03-01-08-02-02-01-02.wav,03,01,08,surprised,strong,Dogs are sitting by the door,1,2,female,train,,3.7370833333333335,48000,1,179380,PCM_16,e3861f9828286b580c718e87a3f92d9c
C:\Emotion detection\-Emotion-Recognition-from-Speech\data\raw\RAVDESS\Actor_02\03-01-08-02-02-02-02.wav,03-01-08-02-02-02-02.wav,03,01,08,surprised,strong,Dogs are sitting by the door,2,2,female,train,,3.8038125,48000,1,182583,PCM_16,3cb434a03553d5a8e70e6324e8017573
C:\Emotion detection\-Emotion-Recognition-from-Speech\data\raw\RAVDESS\Actor_03\03-01-01-01-01-01-03.wav,03-01-01-01-01-01-03.wav,03,01,01,neutral,normal,Kids are talking by the door,1,3,male,train,,3.4367708333333336,48000,1,164965,PCM_16,f4fcfef1cba57c9509644f914d3f76ea
C:\Emotion detection\-Emotion-Recognition-from-Speech\data\raw\RAVDESS\Actor_03\03-01-01-01-01-02-03.wav,03-01-01-01-01-02-03.wav,03,01,01,neutral,normal,Kids are talking by the door,2,3,male,train,,3.5035,48000,1,168168,PCM_16,452390e2d7ae0cd394102b6117e121d0
C:\Emotion detection\-Emotion-Recognition-from-Speech\data\raw\RAVDESS\Actor_03\03-01-01-01-02-01-03.wav,03-01-01-01-02-01-03.wav,03,01,01,neutral,normal,Dogs are sitting by the door,1,3,male,train,,3.5035,48000,1,168168,PCM_16,dc279657edb89a9dd6d840a74caedef6
C:\Emotion detection\-Emotion-Recognition-from-Speech\data\raw\RAVDESS\Actor_03\03-01-01-01-02-02-03.wav,03-01-01-01-02-02-03.wav,03,01,01,neutral,normal,Dogs are sitting by the door,2,3,male,train,,3.4701458333333335,48000,1,166567,PCM_16,994c4f360bd3a625d6995b18b53bc7d8
C:\Emotion detection\-Emotion-Recognition-from-Speech\data\raw\RAVDESS\Actor_03\03-01-02-01-01-01-03.wav,03-01-02-01-01-01-03.wav,03,01,02,calm,normal,Kids are talking by the door,1,3,male,train,,3.8371666666666666,48000,1,184184,PCM_16,0742614a51fda76545c00895408118f2
C:\Emotion detection\-Emotion-Recognition-from-Speech\data\raw\RAVDESS\Actor_03\03-01-02-01-01-02-03.wav,03-01-02-01-01-02-03.wav,03,01,02,calm,normal,Kids are talking by the door,2,3,male,train,,3.7370625,48000,1,179379,PCM_16,3e71b21d9e8d3b35e2a7c1d1d329cd03
C:\Emotion detection\-Emotion-Recognition-from-Speech\data\raw\RAVDESS\Actor_03\03-01-02-01-02-01-03.wav,03-01-02-01-02-01-03.wav,03,01,02,calm,normal,Dogs are sitting by the door,1,3,male,train,,3.8371666666666666,48000,1,184184,PCM_16,636290015d15602d246026bcad5d97c5
C:\Emotion detection\-Emotion-Recognition-from-Speech\data\raw\RAVDESS\Actor_03\03-01-02-01-02-02-03.wav,03-01-02-01-02-02-03.wav,03,01,02,calm,normal,Dogs are sitting by the door,2,3,male,train,,3.970625,48000,1,190590,PCM_16,ae64fa04247e736203126aab03e17d47
C:\Emotion detection\-Emotion-Recognition-from-Speech\data\raw\RAVDESS\Actor_03\03-01-02-02-01-01-03.wav,03-01-02-02-01-01-03.wav,03,01,02,calm,strong,Kids are talking by the door,1,3,male,train,,4.037375,48000,1,193794,PCM_16,b2cdeb6798f57e08a5d3e5eccb94f064
C:\Emotion detection\-Emotion-Recognition-from-Speech\data\raw\RAVDESS\Actor_03\03-01-02-02-01-02-03.wav,03-01-02-02-01-02-03.wav,03,01,02,calm,strong,Kids are talking by the door,2,3,male,train,,3.970645833333333,48000,1,190591,PCM_16,ad8b8a3cb5136865fbb03c9196181472
C:\Emotion detection\-Emotion-Recognition-from-Speech\data\raw\RAVDESS\Actor_03\03-01-02-02-02-01-03.wav,03-01-02-02-02-01-03.wav,03,01,02,calm,strong,Dogs are sitting by the door,1,3,male,train,,4.137458333333333,48000,1,198598,PCM_16,d96e2a83d9a1d101bc3eb49c917225b6
C:\Emotion detection\-Emotion-Recognition-from-Speech\data\raw\RAVDESS\Actor_03\03-01-02-02-02-02-03.wav,03-01-02-02-02-02-03.wav,03,01,02,calm,strong,Dogs are sitting by the door,2,3,male,train,,4.004,48000,1,192192,PCM_16,5b4b9ced8e319d58d1d8b89e22e0dff4
C:\Emotion detection\-Emotion-Recognition-from-Speech\data\raw\RAVDESS\Actor_03\03-01-03-01-01-01-03.wav,03-01-03-01-01-01-03.wav,03,01,03,happy,normal,Kids are talking by the door,1,3,male,train,,3.7704166666666667,48000,1,180980,PCM_16,77a8f10b4f5034e1c19ac55512c665de
C:\Emotion detection\-Emotion-Recognition-from-Speech\data\raw\RAVDESS\Actor_03\03-01-03-01-01-02-03.wav,03-01-03-01-01-02-03.wav,03,01,03,happy,normal,Kids are talking by the door,2,3,male,train,,3.6035833333333334,48000,1,172972,PCM_16,0cdb5bb2278c86e1311d56d84a419561
C:\Emotion detection\-Emotion-Recognition-from-Speech\data\raw\RAVDESS\Actor_03\03-01-03-01-02-01-03.wav,03-01-03-01-02-01-03.wav,03,01,03,happy,normal,Dogs are sitting by the door,1,3,male,train,,3.5035,48000,1,168168,PCM_16,51900e2fe49bc07040dc3585d9a3555e
C:\Emotion detection\-Emotion-Recognition-from-Speech\data\raw\RAVDESS\Actor_03\03-01-03-01-02-02-03.wav,03-01-03-01-02-02-03.wav,03,01,03,happy,normal,Dogs are sitting by the door,2,3,male,train,,3.5035,48000,1,168168,PCM_16,a29e7ce858e783f796a67b90e85ce752
C:\Emotion detection\-Emotion-Recognition-from-Speech\data\raw\RAVDESS\Actor_03\03-01-03-02-01-01-03.wav,03-01-03-02-01-01-03.wav,03,01,03,happy,strong,Kids are talking by the door,1,3,male,train,,4.3043125,48000,1,206607,PCM_16,76247aafa844e3abab4f5db6a2d78c14
C:\Emotion detection\-Emotion-Recognition-from-Speech\data\raw\RAVDESS\Actor_03\03-01-03-02-01-02-03.wav,03-01-03-02-01-02-03.wav,03,01,03,happy,strong,Kids are talking by the door,2,3,male,train,,4.404395833333333,48000,1,211411,PCM_16,8a4b9014071c8de292c56df98d82fd39
C:\Emotion detection\-Emotion-Recognition-from-Speech\data\raw\RAVDESS\Actor_03\03-01-03-02-02-01-03.wav,03-01-03-02-02-01-03.wav,03,01,03,happy,strong,Dogs are sitting by the door,1,3,male,train,,4.137458333333333,48000,1,198598,PCM_16,474fc69140ff58025844306e81a9fa4a
C:\Emotion detection\-Emotion-Recognition-from-Speech\data\raw\RAVDESS\Actor_03\03-01-03-02-02-02-03.wav,03-01-03-02-02-02-03.wav,03,01,03,happy,strong,Dogs are sitting by the door,2,3,male,train,,3.8371666666666666,48000,1,184184,PCM_16,57054bf56a2da41be65def4ab2ad21ed
C:\Emotion detection\-Emotion-Recognition-from-Speech\data\raw\RAVDESS\Actor_03\03-01-04-01-01-01-03.wav,03-01-04-01-01-01-03.wav,03,01,04,sad,normal,Kids are talking by the door,1,3,male,train,,3.6036041666666665,48000,1,172973,PCM_16,f1bed2ba1453acf1c3976ae35315f09e
C:\Emotion detection\-Emotion-Recognition-from-Speech\data\raw\RAVDESS\Actor_03\03-01-04-01-01-02-03.wav,03-01-04-01-01-02-03.wav,03,01,04,sad,normal,Kids are talking by the door,2,3,male,train,,3.5702291666666666,48000,1,171371,PCM_16,1efb1fcba57e33acd0622795a4d47e2a
C:\Emotion detection\-Emotion-Recognition-from-Speech\data\raw\RAVDESS\Actor_03\03-01-04-01-02-01-03.wav,03-01-04-01-02-01-03.wav,03,01,04,sad,normal,Dogs are sitting by the door,1,3,male,train,,3.5702291666666666,48000,1,171371,PCM_16,46e58a2241ae2b7c3fee20dcd977c295
C:\Emotion detection\-Emotion-Recognition-from-Speech\data\raw\RAVDESS\Actor_03\03-01-04-01-02-02-03.wav,03-01-04-01-02-02-03.wav,03,01,04,sad,normal,Dogs are sitting by the door,2,3,male,train,,3.536875,48000,1,169770,PCM_16,7d36faef938d30848a1065c46d6d3941
C:\Emotion detection\-Emotion-Recognition-from-Speech\data\raw\RAVDESS\Actor_03\03-01-04-02-01-01-03.wav,03-01-04-02-01-01-03.wav,03,01,04,sad,strong,Kids are talking by the door,1,3,male,train,,3.7704375,48000,1,180981,PCM_16,ee4958e0cdd8104b8fcefc065065a5bb
C:\Emotion detection\-Emotion-Recognition-from-Speech\data\raw\RAVDESS\Actor_03\03-01-04-02-01-02-03.wav,03-01-04-02-01-02-03.wav,03,01,04,sad,strong,Kids are talking by the door,2,3,male,train,,3.8371666666666666,48000,1,184184,PCM_16,d813416fd6024e4002ac8f7bc9b4d747
C:\Emotion detection\-Emotion-Recognition-from-Speech\data\raw\RAVDESS\Actor_03\03-01-04-02-02-01-03.wav,03-01-04-02-02-01-03.wav,03,01,04,sad,strong,Dogs are sitting by the door,1,3,male,train,,3.470125,48000,1,166566,PCM_16,704256c1567643bbb0f2b4ae545fb411
C:\Emotion detection\-Emotion-Recognition-from-Speech\data\raw\RAVDESS\Actor_03\03-01-04-02-02-02-03.wav,03-01-04-02-02-02-03.wav,03,01,04,sad,strong,Dogs are sitting by the door,2,3,male,train,,3.7036875,48000,1,177777,PCM_16,3511b26cfa40ad2676aa9f1183e6ac87
C:\Emotion detection\-Emotion-Recognition-from-Speech\data\raw\RAVDESS\Actor_03\03-01-05-01-01-01-03.wav,03-01-05-01-01-01-03.wav,03,01,05,angry,normal,Kids are talking by the door,1,3,male,train,,4.004,48000,1,192192,PCM_16,37031d1107268e962d15962ca16c7b80
C:\Emotion detection\-Emotion-Recognition-from-Speech\data\raw\RAVDESS\Actor_03\03-01-05-01-01-02-03.wav,03-01-05-01-01-02-03.wav,03,01,05,angry,normal,Kids are talking by the door,2,3,male,train,,4.070729166666666,48000,1,195395,PCM_16,141b848427a1f06eded90ec0fdcceb2a
C:\Emotion detection\-Emotion-Recognition-from-Speech\data\raw\RAVDESS\Actor_03\03-01-05-01-02-01-03.wav,03-01-05-01-02-01-03.wav,03,01,05,angry,normal,Dogs are sitting by the door,1,3,male,train,,3.8038125,48000,1,182583,PCM_16,5f0436696ef1f1cc915cb6b93bae8855
C:\Emotion detection\-Emotion-Recognition-from-Speech\data\raw\RAVDESS\Actor_03\03-01-05-01-02-02-03.wav,03-01-05-01-02-02-03.wav,03,01,05,angry,normal,Dogs are sitting by the door,2,3,male,train,,3.8371666666666666,48000,1,184184,PCM_16,3c68553db374fd880372d5bf2be155fd
C:\Emotion detection\-Emotion-Recognition-from-Speech\data\raw\RAVDESS\Actor_03\03-01-05-02-01-01-03.wav,03-01-05-02-01-01-03.wav,03,01,05,angry,strong,Kids are talking by the door,1,3,male,train,,4.404395833333333,48000,1,211411,PCM_16,16309b334f5e432e2963df8600b27988
C:\Emotion detection\-Emotion-Recognition-from-Speech\data\raw\RAVDESS\Actor_03\03-01-05-02-01-02-03.wav,03-01-05-02-01-02-03.wav,03,01,05,angry,strong,Kids are talking by the door,2,3,male,train,,4.404416666666667,48000,1,211412,PCM_16,c544b588bc3ee1002538e5681994d5af
C:\Emotion detection\-Emotion-Recognition-from-Speech\data\raw\RAVDESS\Actor_03\03-01-05-02-02-01-03.wav,03-01-05-02-02-01-03.wav,03,01,05,angry,strong,Dogs are sitting by the door,1,3,male,train,,4.2375625,48000,1,203403,PCM_16,58da3798306320d00049525e0d964387
C:\Emotion detection\-Emotion-Recognition-from-Speech\data\raw\RAVDESS\Actor_03\03-01-05-02-02-02-03.wav,03-01-05-02-02-02-03.wav,03,01,05,angry,strong,Dogs are sitting by the door,2,3,male,train,,4.5045,48000,1,216216,PCM_16,21bc0d05dc2121652458d18ec531f7eb
C:\Emotion detection\-Emotion-Recognition-from-Speech\data\raw\RAVDESS\Actor_03\03-01-06-01-01-01-03.wav,03-01-06-01-01-01-03.wav,03,01,06,fearful,normal,Kids are talking by the door,1,3,male,train,,3.7370833333333335,48000,1,179380,PCM_16,8a798885567fd079855d547f97954d77
C:\Emotion detection\-Emotion-Recognition-from-Speech\data\raw\RAVDESS\Actor_03\03-01-06-01-01-02-03.wav,03-01-06-01-01-02-03.wav,03,01,06,fearful,normal,Kids are talking by the door,2,3,male,train,,3.8371666666666666,48000,1,184184,PCM_16,f150b40f6d7a6d4c9b58abd5bae4395f
C:\Emotion detection\-Emotion-Recognition-from-Speech\data\raw\RAVDESS\Actor_03\03-01-06-01-02-01-03.wav,03-01-06-01-02-01-03.wav,03,01,06,fearful,normal,Dogs are sitting by the door,1,3,male,train,,3.5035,48000,1,168168,PCM_16,343a41eb33efb251d758985537e9189c
C:\Emotion detection\-Emotion-Recognition-from-Speech\data\raw\RAVDESS\Actor_03\03-01-06-01-02-02-03.wav,03-01-06-01-02-02-03.wav,03,01,06,fearful,normal,Dogs are sitting by the door,2,3,male,train,,3.2032083333333334,48000,1,153754,PCM_16,4a015ef29ef0944be555b9fc48c2ebbb
C:\Emotion detection\-Emotion-Recognition-from-Speech\data\raw\RAVDESS\Actor_03\03-01-06-02-01-01-03.wav,03-01-06-02-01-01-03.wav,03,01,06,fearful,strong,Kids are talking by the door,1,3,male,train,,3.3033125,48000,1,158559,PCM_16,2eb5298beb5666c61058d805e7c6dcb4
C:\Emotion detection\-Emotion-Recognition-from-Speech\data\raw\RAVDESS\Actor_03\03-01-06-02-01-02-03.wav,03-01-06-02-01-02-03.wav,03,01,06,fearful,strong,Kids are talking by the door,2,3,male,train,,3.9038958333333333,48000,1,187387,PCM_16,2292714cf7194a6c043d39c629d149f1
C:\Emotion detection\-Emotion-Recognition-from-Speech\data\raw\RAVDESS\Actor_03\03-01-06-02-02-01-03.wav,03-01-06-02-02-01-03.wav,03,01,06,fearful,strong,Dogs are sitting by the door,1,3,male,train,,3.3033125,48000,1,158559,PCM_16,97d03927310280f465938c012b710bf2
C:\Emotion detection\-Emotion-Recognition-from-Speech\data\raw\RAVDESS\Actor_03\03-01-06-02-02-02-03.wav,03-01-06-02-02-02-03.wav,03,01,06,fearful,strong,Dogs are sitting by the door,2,3,male,train,,3.4367708333333336,48000,1,164965,PCM_16,ce6808595c00479272cb01043c3c5bf9
C:\Emotion detection\-Emotion-Recognition-from-Speech\data\raw\RAVDESS\Actor_03\03-01-07-01-01-01-03.wav,03-01-07-01-01-01-03.wav,03,01,07,disgust,normal,Kids are talking by the door,1,3,male,train,,4.037375,48000,1,193794,PCM_16,7b22f5ed88e6a75b01ae8482da4a5d8a
C:\Emotion detection\-Emotion-Recognition-from-Speech\data\raw\RAVDESS\Actor_03\03-01-07-01-01-02-03.wav,03-01-07-01-01-02-03.wav,03,01,07,disgust,normal,Kids are talking by the door,2,3,male,train,,3.970645833333333,48000,1,190591,PCM_16,8a508ff0ca25fb391088c606fd08940a
C:\Emotion detection\-Emotion-Recognition-from-Speech\data\raw\RAVDESS\Actor_03\03-01-07-01-02-01-03.wav,03-01-07-01-02-01-03.wav,03,01,07,disgust,normal,Dogs are sitting by the door,1,3,male,train,,3.6036041666666665,48000,1,172973,PCM_16,d60a3df70d93592dc2e2c77b2b86b621
C:\Emotion detection\-Emotion-Recognition-from-Speech\data\raw\RAVDESS\Actor_03\03-01-07-01-02-02-03.wav,03-01-07-01-02-02-03.wav,03,01,07,disgust,normal,Dogs are sitting by the door,2,3,male,train,,3.7704375,48000,1,180981,PCM_16,096f3851aac4979d0e9a9e00d7b805e9
C:\Emotion detection\-Emotion-Recognition-from-Speech\data\raw\RAVDESS\Actor_03\03-01-07-02-01-01-03.wav,03-01-07-02-01-01-03.wav,03,01,07,disgust,strong,Kids are talking by the door,1,3,male,train,,4.104104166666667,48000,1,196997,PCM_16,d345a2c7dbf3a43b4d3803f05353518a
C:\Emotion detection\-Emotion-Recognition-from-Speech\data\raw\RAVDESS\Actor_03\03-01-07-02-01-02-03.wav,03-01-07-02-01-02-03.wav,03,01,07,disgust,strong,Kids are talking by the door,2,3,male,train,,4.104104166666667,48000,1,196997,PCM_16,cb30dd7824bc1afedb2c434ee1f4b0f5
C:\Emotion detection\-Emotion-Recognition-from-Speech\data\raw\RAVDESS\Actor_03\03-01-07-02-02-01-03.wav,03-01-07-02-02-01-03.wav,03,01,07,disgust,strong,Dogs are sitting by the door,1,3,male,train,,3.8371666666666666,48000,1,184184,PCM_16,c4b97a1b60bdd0b4344d9a3e4ab6ac62
C:\Emotion detection\-Emotion-Recognition-from-Speech\data\raw\RAVDESS\Actor_03\03-01-07-02-02-02-03.wav,03-01-07-02-02-02-03.wav,03,01,07,disgust,strong,Dogs are sitting by the door,2,3,male,train,,3.9372708333333333,48000,1,188989,PCM_16,1cfea302a11b4dbce3a18ad9498c997d
C:\Emotion detection\-Emotion-Recognition-from-Speech\data\raw\RAVDESS\Actor_03\03-01-08-01-01-01-03.wav,03-01-08-01-01-01-03.wav,03,01,08,surprised,normal,Kids are talking by the door,1,3,male,train,,3.2365625,48000,1,155355,PCM_16,72bf122dc69730301c21ffe7de00d558
C:\Emotion detection\-Emotion-Recognition-from-Speech\data\raw\RAVDESS\Actor_03\03-01-08-01-01-02-03.wav,03-01-08-01-01-02-03.wav,03,01,08,surprised,normal,Kids are talking by the door,2,3,male,train,,3.370041666666667,48000,1,161762,PCM_16,77fe5eb2b897f3de1e9ed565be153c93
C:\Emotion detection\-Emotion-Recognition-from-Speech\data\raw\RAVDESS\Actor_03\03-01-08-01-02-01-03.wav,03-01-08-01-02-01-03.wav,03,01,08,surprised,normal,Dogs are sitting by the door,1,3,male,train,,3.2032083333333334,48000,1,153754,PCM_16,d540694b338fbd946eaea2ac51328cf7
C:\Emotion detection\-Emotion-Recognition-from-Speech\data\raw\RAVDESS\Actor_03\03-01-08-01-02-02-03.wav,03-01-08-01-02-02-03.wav,03,01,08,surprised,normal,Dogs are sitting by the door,2,3,male,train,,3.5702291666666666,48000,1,171371,PCM_16,156df3183f65d1a9ad47ea431b3ffcda
C:\Emotion detection\-Emotion-Recognition-from-Speech\data\raw\RAVDESS\Actor_03\03-01-08-02-01-01-03.wav,03-01-08-02-01-01-03.wav,03,01,08,surprised,strong,Kids are talking by the door,1,3,male,train,,3.2699375,48000,1,156957,PCM_16,2398507712f7a2ff9e3df5d228f88e6e
C:\Emotion detection\-Emotion-Recognition-from-Speech\data\raw\RAVDESS\Actor_03\03-01-08-02-01-02-03.wav,03-01-08-02-01-02-03.wav,03,01,08,surprised,strong,Kids are talking by the door,2,3,male,train,,3.6036041666666665,48000,1,172973,PCM_16,4320c659d204bfcebc6e4c5b9aaf68d5
C:\Emotion detection\-Emotion-Recognition-from-Speech\data\raw\RAVDESS\Actor_03\03-01-08-02-02-01-03.wav,03-01-08-02-02-01-03.wav,03,01,08,surprised,strong,Dogs are sitting by the door,1,3,male,train,,3.5035,48000,1,168168,PCM_16,72909bd7f8b87a08bab4471a728920c9
C:\Emotion detection\-Emotion-Recognition-from-Speech\data\raw\RAVDESS\Actor_03\03-01-08-02-02-02-03.wav,03-01-08-02-02-02-03.wav,03,01,08,surprised,strong,Dogs are sitting by the door,2,3,male,train,,3.2365625,48000,1,155355,PCM_16,75e7d523f09d6f59605e41bb8dd359da
C:\Emotion detection\-Emotion-Recognition-from-Speech\data\raw\RAVDESS\Actor_04\03-01-01-01-01-01-04.wav,03-01-01-01-01-01-04.wav,03,01,01,neutral,normal,Kids are talking by the door,1,4,female,train,,3.3032916666666665,48000,1,158558,PCM_16,f34cd5dd751676f32cfa818ac01aebda
C:\Emotion detection\-Emotion-Recognition-from-Speech\data\raw\RAVDESS\Actor_04\03-01-01-01-01-02-04.wav,03-01-01-01-01-02-04.wav,03,01,01,neutral,normal,Kids are talking by the door,2,4,female,train,,3.370041666666667,48000,1,161762,PCM_16,506520d4be5e920fe176dd590628f621
C:\Emotion detection\-Emotion-Recognition-from-Speech\data\raw\RAVDESS\Actor_04\03-01-01-01-02-01-04.wav,03-01-01-01-02-01-04.wav,03,01,01,neutral,normal,Dogs are sitting by the door,1,4,female,train,,3.2699375,48000,1,156957,PCM_16,109761a4c71ab20772799d43eb0c101d
C:\Emotion detection\-Emotion-Recognition-from-Speech\data\raw\RAVDESS\Actor_04\03-01-01-01-02-02-04.wav,03-01-01-01-02-02-04.wav,03,01,01,neutral,normal,Dogs are sitting by the door,2,4,female,train,,3.2365625,48000,1,155355,PCM_16,aa8b2d99104da83ef99c049d680e7ac2
C:\Emotion detection\-Emotion-Recognition-from-Speech\data\raw\RAVDESS\Actor_04\03-01-02-01-01-01-04.wav,03-01-02-01-01-01-04.wav,03,01,02,calm,normal,Kids are talking by the door,1,4,female,train,,3.8037916666666667,48000,1,182582,PCM_16,7a1667152e6ec9e165cfb53ea2e59b7a
C:\Emotion detection\-Emotion-Recognition-from-Speech\data\raw\RAVDESS\Actor_04\03-01-02-01-01-02-04.wav,03-01-02-01-01-02-04.wav,03,01,02,calm,normal,Kids are talking by the door,2,4,female,train,,3.7370625,48000,1,179379,PCM_16,a07ce756e52c9206e05fbc0a93d4b125
C:\Emotion detection\-Emotion-Recognition-from-Speech\data\raw\RAVDESS\Actor_04\03-01-02-01-02-01-04.wav,03-01-02-01-02-01-04.wav,03,01,02,calm,normal,Dogs are sitting by the door,1,4,female,train,,3.636979166666667,48000,1,174575,PCM_16,46993e250c6f4216208732689f487316
C:\Emotion detection\-Emotion-Recognition-from-Speech\data\raw\RAVDESS\Actor_04\03-01-02-01-02-02-04.wav,03-01-02-01-02-02-04.wav,03,01,02,calm,normal,Dogs are sitting by the door,2,4,female,train,,3.57025,48000,1,171372,PCM_16,860a760a50583602a2361a91bacd942e
C:\Emotion detection\-Emotion-Recognition-from-Speech\data\raw\RAVDESS\Actor_04\03-01-02-02-01-01-04.wav,03-01-02-02-01-01-04.wav,03,01,02,calm,strong,Kids are talking by the door,1,4,female,train,,3.970625,48000,1,190590,PCM_16,ed590934b18f22cb36874297e5950d21
C:\Emotion detection\-Emotion-Recognition-from-Speech\data\raw\RAVDESS\Actor_04\03-01-02-02-01-02-04.wav,03-01-02-02-01-02-04.wav,03,01,02,calm,strong,Kids are talking by the door,2,4,female,train,,3.8038125,48000,1,182583,PCM_16,a040110f2f6a482072c4f5fa11bb8cd6
C:\Emotion detection\-Emotion-Recognition-from-Speech\data\raw\RAVDESS\Actor_04\03-01-02-02-02-01-04.wav,03-01-02-02-02-01-04.wav,03,01,02,calm,strong,Dogs are sitting by the door,1,4,female,train,,3.8037916666666667,48000,1,182582,PCM_16,c28a039408b202aa0c2bfe52b661aea2
C:\Emotion detection\-Emotion-Recognition-from-Speech\data\raw\RAVDESS\Actor_04\03-01-02-02-02-02-04.wav,03-01-02-02-02-02-04.wav,03,01,02,calm,strong,Dogs are sitting by the door,2,4,female,train,,4.037375,48000,1,193794,PCM_16,1872261e0a39c6903ede9059a3354246
C:\Emotion detection\-Emotion-Recognition-from-Speech\data\raw\RAVDESS\Actor_04\03-01-03-01-01-01-04.wav,03-01-03-01-01-01-04.wav,03,01,03,happy,normal,Kids are talking by the door,1,4,female,train,,3.5035,48000,1,168168,PCM_16,1becf96884a346ac54063634213efc10
C:\Emotion detection\-Emotion-Recognition-from-Speech\data\raw\RAVDESS\Actor_04\03-01-03-01-01-02-04.wav,03-01-03-01-01-02-04.wav,03,01,03,happy,normal,Kids are talking by the door,2,4,female,train,,3.5368541666666666,48000,1,169769,PCM_16,62faf4a74e780eb3378e7dbf58f84249
C:\Emotion detection\-Emotion-Recognition-from-Speech\data\raw\RAVDESS\Actor_04\03-01-03-01-02-01-04.wav,03-01-03-01-02-01-04.wav,03,01,03,happy,normal,Dogs are sitting by the door,1,4,female,train,,3.5035,48000,1,168168,PCM_16,ca37969568e9ef73d0be0d4ebf9913d1
C:\Emotion detection\-Emotion-Recognition-from-Speech\data\raw\RAVDESS\Actor_04\03-01-03-01-02-02-04.wav,03-01-03-01-02-02-04.wav,03,01,03,happy,normal,Dogs are sitting by the door,2,4,female,train,,3.4367708333333336,48000,1,164965,PCM_16,43e859ac94b4acbbfd6a732504e86d05
C:\Emotion detection\-Emotion-Recognition-from-Speech\data\raw\RAVDESS\Actor_04\03-01-03-02-01-01-04.wav,03-01-03-02-01-01-04.wav,03,01,03,happy,strong,Kids are talking by the door,1,4,female,train,,3.8705416666666665,48000,1,185786,PCM_16,adb2e837425e16fa897f80a0ecf29b97
C:\Emotion detection\-Emotion-Recognition-from-Speech\data\raw\RAVDESS\Actor_04\03-01-03-02-01-02-04.wav,03-01-03-02-01-02-04.wav,03,01,03,happy,strong,Kids are talking by the door,2,4,female,train,,3.5702291666666666,48000,1,171371,PCM_16,cb9b4f9abd686a3fcb6ee077db910dce
C:\Emotion detection\-Emotion-Recognition-from-Speech\data\raw\RAVDESS\Actor_04\03-01-03-02-02-01-04.wav,03-01-03-02-02-01-04.wav,03,01,03,happy,strong,Dogs are sitting by the door,1,4,female,train,,3.6036041666666665,48000,1,172973,PCM_16,b278fea5b4d481cad79cc5f3500c0d77
C:\Emotion detection\-Emotion-Recognition-from-Speech\data\raw\RAVDESS\Actor_04\03-01-03-02-02-02-04.wav,03-01-03-02-02-02-04.wav,03,01,03,happy,strong,Dogs are sitting by the door,2,4,female,train,,3.7704166666666667,48000,1,180980,PCM_16,2847f9d0ddcd14e3e6b358d310e4bfb9
C:\Emotion detection\-Emotion-Recognition-from-Speech\data\raw\RAVDESS\Actor_04\03-01-04-01-01-01-04.wav,03-01-04-01-01-01-04.wav,03,01,04,sad,normal,Kids are talking by the door,1,4,female,train,,3.370041666666667,48000,1,161762,PCM_16,ffc28e5d6fe900388288f3d0b0262842
C:\Emotion detection\-Emotion-Recognition-from-Speech\data\raw\RAVDESS\Actor_04\03-01-04-01-01-02-04.wav,03-01-04-01-01-02-04.wav,03,01,04,sad,normal,Kids are talking by the door,2,4,female,train,,3.403395833333333,48000,1,163363,PCM_16,492ff9532aa6dbdb22bd434ab979ecc4
C:\Emotion detection\-Emotion-Recognition-from-Speech\data\raw\RAVDESS\Actor_04\03-01-04-01-02-01-04.wav,03-01-04-01-02-01-04.wav,03,01,04,sad,normal,Dogs are sitting by the door,1,4,female,train,,3.4367708333333336,48000,1,164965,PCM_16,5a1e04e1b6d7642e51fa87c567a732ec
C:\Emotion detection\-Emotion-Recognition-from-Speech\data\raw\RAVDESS\Actor_04\03-01-04-01-02-02-04.wav,03-01-04-01-02-02-04.wav,03,01,04,sad,normal,Dogs are sitting by the door,2,4,female,train,,3.470125,48000,1,166566,PCM_16,fb319448311cf3aadaf882524fc31dd0
C:\Emotion detection\-Emotion-Recognition-from-Speech\data\raw\RAVDESS\Actor_04\03-01-04-02-01-01-04.wav,03-01-04-02-01-01-04.wav,03,01,04,sad,strong,Kids are talking by the door,1,4,female,train,,3.6703333333333332,48000,1,176176,PCM_16,5db26fe2c9ca9a76d6d2b302bfcc6cf5
C:\Emotion detection\-Emotion-Recognition-from-Speech\data\raw\RAVDESS\Actor_04\03-01-04-02-01-02-04.wav,03-01-04-02-01-02-04.wav,03,01,04,sad,strong,Kids are talking by the door,2,4,female,train,,3.7704375,48000,1,180981,PCM_16,87f702559b0c3ca8a72e0dab8d91d5e1
C:\Emotion detection\-Emotion-Recognition-from-Speech\data\raw\RAVDESS\Actor_04\03-01-04-02-02-01-04.wav,03-01-04-02-02-01-04.wav,03,01,04,sad,strong,Dogs are sitting by the door,1,4,female,train,,3.7704375,48000,1,180981,PCM_16,3ba33b22fb7165fdc57c3b24a969e631
C:\Emotion detection\-Emotion-Recognition-from-Speech\data\raw\RAVDESS\Actor_04\03-01-04-02-02-02-04.wav,03-01-04-02-02-02-04.wav,03,01,04,sad,strong,Dogs are sitting by the door,2,4,female,train,,3.7704375,48000,1,180981,PCM_16,3d5b39e4ac7746caecf13b414f92d1af
C:\Emotion detection\-Emotion-Recognition-from-Speech\data\raw\RAVDESS\Actor_04\03-01-05-01-01-01-04.wav,03-01-05-01-01-01-04.wav,03,01,05,angry,normal,Kids are talking by the door,1,4,female,train,,3.703708333333333,48000,1,177778,PCM_16,2c18d6b727c20ac93709c614f206702b
C:\Emotion detection\-Emotion-Recognition-from-Speech\data\raw\RAVDESS\Actor_04\03-01-05-01-01-02-04.wav,03-01-05-01-01-02-04.wav,03,01,05,angry,normal,Kids are talking by the door,2,4,female,train,,3.6036041666666665,48000,1,172973,PCM_16,1831fa2771edc58e2426879949c83d92
C:\Emotion detection\-Emotion-Recognition-from-Speech\data\raw\RAVDESS\Actor_04\03-01-05-01-02-01-04.wav,03-01-05-01-02-01-04.wav,03,01,05,angry,normal,Dogs are sitting by the door,1,4,female,train,,3.470125,48000,1,166566,PCM_16,b419bd8576995de01fbf042e5fbc4b73
C:\Emotion detection\-Emotion-Recognition-from-Speech\data\raw\RAVDESS\Actor_04\03-01-05-01-02-02-04.wav,03-01-05-01-02-02-04.wav,03,01,05,angry,normal,Dogs are sitting by the door,2,4,female,train,,3.7370625,48000,1,179379,PCM_16,fc6d6275587c20101c592d36220e8550
C:\Emotion detection\-Emotion-Recognition-from-Speech\data\raw\RAVDESS\Actor_04\03-01-05-02-01-01-04.wav,03-01-05-02-01-01-04.wav,03,01,05,angry,strong,Kids are talking by the door,1,4,female,train,,3.7704375,48000,1,180981,PCM_16,d513fad41cb399cbe427fcd15d135b6a
C:\Emotion detection\-Emotion-Recognition-from-Speech\data\raw\RAVDESS\Actor_04\03-01-05-02-01-02-04.wav,03-01-05-02-01-02-04.wav,03,01,05,angry,strong,Kids are talking by the door,2,4,female,train,,3.8705208333333334,48000,1,185785,PCM_16,41a71174be01fc5ff4842f31ffdebb31
C:\Emotion detection\-Emotion-Recognition-from-Speech\data\raw\RAVDESS\Actor_04\03-01-05-02-02-01-04.wav,03-01-05-02-02-01-04.wav,03,01,05,angry,strong,Dogs are sitting by the door,1,4,female,train,,3.7036875,48000,1,177777,PCM_16,add5f7f609d25ed52d8e97954307aac7
C:\Emotion detection\-Emotion-Recognition-from-Speech\data\raw\RAVDESS\Actor_04\03-01-05-02-02-02-04.wav,03-01-05-02-02-02-04.wav,03,01,05,angry,strong,Dogs are sitting by the door,2,4,female,train,,3.8371666666666666,48000,1,184184,PCM_16,2084549d8f99f3f438897fb11cd32cff
C:\Emotion detection\-Emotion-Recognition-from-Speech\data\raw\RAVDESS\Actor_04\03-01-06-01-01-01-04.wav,03-01-06-01-01-01-04.wav,03,01,06,fearful,normal,Kids are talking by the door,1,4,female,train,,3.3032916666666665,48000,1,158558,PCM_16,169f6e98a7b7c99fcc1f57ba4a00e47e
C:\Emotion detection\-Emotion-Recognition-from-Speech\data\raw\RAVDESS\Actor_04\03-01-06-01-01-02-04.wav,03-01-06-01-01-02-04.wav,03,01,06,fearful,normal,Kids are talking by the door,2,4,female,train,,3.2365833333333334,48000,1,155356,PCM_16,86b730cccfe4c9cd8a796e671782b724
C:\Emotion detection\-Emotion-Recognition-from-Speech\data\raw\RAVDESS\Actor_04\03-01-06-01-02-01-04.wav,03-01-06-01-02-01-04.wav,03,01,06,fearful,normal,Dogs are sitting by the door,1,4,female,train,,3.470125,48000,1,166566,PCM_16,fd92fb9472aaed2a69d052c6da3d292c
C:\Emotion detection\-Emotion-Recognition-from-Speech\data\raw\RAVDESS\Actor_04\03-01-06-01-02-02-04.wav,03-01-06-01-02-02-04.wav,03,01,06,fearful,normal,Dogs are sitting by the door,2,4,female,train,,3.470125,48000,1,166566,PCM_16,4f1f6bb9f8f77fb358b5ddf8ea10559d
C:\Emotion detection\-Emotion-Recognition-from-Speech\data\raw\RAVDESS\Actor_04\03-01-06-02-01-01-04.wav,03-01-06-02-01-01-04.wav,03,01,06,fearful,strong,Kids are talking by the door,1,4,female,train,,3.9372708333333333,48000,1,188989,PCM_16,a94f9358b37c6fe2a4424735b9b7326e
C:\Emotion detection\-Emotion-Recognition-from-Speech\data\raw\RAVDESS\Actor_04\03-01-06-02-01-02-04.wav,03-01-06-02-01-02-04.wav,03,01,06,fearful,strong,Kids are talking by the door,2,4,female,train,,3.403395833333333,48000,1,163363,PCM_16,7094f39ac9d00e26ffead88f02007dcc
C:\Emotion detection\-Emotion-Recognition-from-Speech\data\raw\RAVDESS\Actor_04\03-01-06-02-02-01-04.wav,03-01-06-02-02-01-04.wav,03,01,06,fearful,strong,Dogs are sitting by the door,1,4,female,train,,3.6036041666666665,48000,1,172973,PCM_16,6f91eab2e5a0e5506e32573cc62899e6
C:\Emotion detection\-Emotion-Recognition-from-Speech\data\raw\RAVDESS\Actor_04\03-01-06-02-02-02-04.wav,03-01-06-02-02-02-04.wav,03,01,06,fearful,strong,Dogs are sitting by the door,2,4,female,train,,3.5702291666666666,48000,1,171371,PCM_16,5c2ed6af16cd26b7a45ed656e0b9ec37
C:\Emotion detection\-Emotion-Recognition-from-Speech\data\raw\RAVDESS\Actor_04\03-01-07-01-01-01-04.wav,03-01-07-01-01-01-04.wav,03,01,07,disgust,normal,Kids are talking by the door,1,4,female,train,,3.9039166666666665,48000,1,187388,PCM_16,3f276fb62ee5f34cefa86a2b9424f6d8
C:\Emotion detection\-Emotion-Recognition-from-Speech\data\raw\RAVDESS\Actor_04\03-01-07-01-01-02-04.wav,03-01-07-01-01-02-04.wav,03,01,07,disgust,normal,Kids are talking by the door,2,4,female,train,,3.9038958333333333,48000,1,187387,PCM_16,bc94333f2ed79a170630a99217056d56
C:\Emotion detection\-Emotion-Recognition-from-Speech\data\raw\RAVDESS\Actor_04\03-01-07-01-02-01-04.wav,03-01-07-01-02-01-04.wav,03,01,07,disgust,normal,Dogs are sitting by the door,1,4,female,train,,3.7704375,48000,1,180981,PCM_16,e5426fdf6b1b7d036fbb08db5718cb00
C:\Emotion detection\-Emotion-Recognition-from-Speech\data\raw\RAVDESS\Actor_04\03-01-07-01-02-02-04.wav,03-01-07-01-02-02-04.wav,03,01,07,disgust,normal,Dogs are sitting by the door,2,4,female,train,,3.8038125,48000,1,182583,PCM_16,7bdad60e2a24c7458918b89400a81d2d
C:\Emotion detection\-Emotion-Recognition-from-Speech\data\raw\RAVDESS\Actor_04\03-01-07-02-01-01-04.wav,03-01-07-02-01-01-04.wav,03,01,07,disgust,strong,Kids are talking by the door,1,4,female,train,,4.004,48000,1,192192,PCM_16,f5e5e0b5c388d8cadc34b786fcd27bd2
C:\Emotion detection\-Emotion-Recognition-from-Speech\data\raw\RAVDESS\Actor_04\03-01-07-02-01-02-04.wav,03-01-07-02-01-02-04.wav,03,01,07,disgust,strong,Kids are talking by the door,2,4,female,train,,4.037375,48000,1,193794,PCM_16,0496c68589c92787a836e3cf0d26cd19
C:\Emotion detection\-Emotion-Recognition-from-Speech\data\raw\RAVDESS\Actor_04\03-01-07-02-02-01-04.wav,03-01-07-02-02-01-04.wav,03,01,07,disgust,strong,Dogs are sitting by the door,1,4,female,train,,3.8705416666666665,48000,1,185786,PCM_16,77d461b9219ad77a4e564b678bfe1e45
C:\Emotion detection\-Emotion-Recognition-from-Speech\data\raw\RAVDESS\Actor_04\03-01-07-02-02-02-04.wav,03-01-07-02-02-02-04.wav,03,01,07,disgust,strong,Dogs are sitting by the door,2,4,female,train,,3.9372708333333333,48000,1,188989,PCM_16,bcc2633d7f5ffdf7e34fba50519f57d5
C:\Emotion detection\-Emotion-Recognition-from-Speech\data\raw\RAVDESS\Actor_04\03-01-08-01-01-01-04.wav,03-01-08-01-01-01-04.wav,03,01,08,surprised,normal,Kids are talking by the door,1,4,female,train,,3.2365833333333334,48000,1,155356,PCM_16,4ccedcff3a0be5827751d3eb77bbc5fe
C:\Emotion detection\-Emotion-Recognition-from-Speech\data\raw\RAVDESS\Actor_04\03-01-08-01-01-02-04.wav,03-01-08-01-01-02-04.wav,03,01,08,surprised,normal,Kids are talking by the door,2,4,female,train,,3.3366666666666664,48000,1,160160,PCM_16,67c0e170cf2e8f60d9f055c25c92cc04
C:\Emotion detection\-Emotion-Recognition-from-Speech\data\raw\RAVDESS\Actor_04\03-01-08-01-02-01-04.wav,03-01-08-01-02-01-04.wav,03,01,08,surprised,normal,Dogs are sitting by the door,1,4,female,train,,3.6369583333333333,48000,1,174574,PCM_16,cab68fbc05a48119d637be808c00ff46
C:\Emotion detection\-Emotion-Recognition-from-Speech\data\raw\RAVDESS\Actor_04\03-01-08-01-02-02-04.wav,03-01-08-01-02-02-04.wav,03,01,08,surprised,normal,Dogs are sitting by the door,2,4,female,train,,3.43675,48000,1,164964,PCM_16,7995b00b0097983df67fb7ff18931bbf
C:\Emotion detection\-Emotion-Recognition-from-Speech\data\raw\RAVDESS\Actor_04\03-01-08-02-01-01-04.wav,03-01-08-02-01-01-04.wav,03,01,08,surprised,strong,Kids are talking by the door,1,4,female,train,,3.6703333333333332,48000,1,176176,PCM_16,02861add36253c5d8dd580345cc2174f
C:\Emotion detection\-Emotion-Recognition-from-Speech\data\raw\RAVDESS\Actor_04\03-01-08-02-01-02-04.wav,03-01-08-02-01-02-04.wav,03,01,08,surprised,strong,Kids are talking by the door,2,4,female,train,,3.5702291666666666,48000,1,171371,PCM_16,c5054910cd165a4a35c16fff2b8919a3
C:\Emotion detection\-Emotion-Recognition-from-Speech\data\raw\RAVDESS\Actor_04\03-01-08-02-02-01-04.wav,03-01-08-02-02-01-04.wav,03,01,08,surprised,strong,Dogs are sitting by the door,1,4,female,train,,3.470125,48000,1,166566,PCM_16,ae97334fd2260dab8247bee5fdf665cd
C:\Emotion detection\-Emotion-Recognition-from-Speech\data\raw\RAVDESS\Actor_04\03-01-08-02-02-02-04.wav,03-01-08-02-02-02-04.wav,03,01,08,surprised,strong,Dogs are sitting by the door,2,4,female,train,,3.5368541666666666,48000,1,169769,PCM_16,288f25276b2a2d039b95281ce9f98b60
C:\Emotion detection\-Emotion-Recognition-from-Speech\data\raw\RAVDESS\Actor_05\03-01-01-01-01-01-05.wav,03-01-01-01-01-01-05.wav,03,01,01,neutral,normal,Kids are talking by the door,1,5,male,train,,3.6036041666666665,48000,1,172973,PCM_16,4bb07233d58223c7270fa01fcad784e2
C:\Emotion detection\-Emotion-Recognition-from-Speech\data\raw\RAVDESS\Actor_05\03-01-01-01-01-02-05.wav,03-01-01-01-01-02-05.wav,03,01,01,neutral,normal,Kids are talking by the door,2,5,male,train,,3.636979166666667,48000,1,174575,PCM_16,f2db1ab841dbf6f450f4340460cc73fb
C:\Emotion detection\-Emotion-Recognition-from-Speech\data\raw\RAVDESS\Actor_05\03-01-01-01-02-01-05.wav,03-01-01-01-02-01-05.wav,03,01,01,neutral,normal,Dogs are sitting by the door,1,5,male,train,,3.103083333333333,48000,1,148948,PCM_16,ea05e6252a8fb84712bb63119e0e1a64
C:\Emotion detection\-Emotion-Recognition-from-Speech\data\raw\RAVDESS\Actor_05\03-01-01-01-02-02-05.wav,03-01-01-01-02-02-05.wav,03,01,01,neutral,normal,Dogs are sitting by the door,2,5,male,train,,3.6036041666666665,48000,1,172973,PCM_16,128947c242791a0d7f88c74772be8708
C:\Emotion detection\-Emotion-Recognition-from-Speech\data\raw\RAVDESS\Actor_05\03-01-02-01-01-01-05.wav,03-01-02-01-01-01-05.wav,03,01,02,calm,normal,Kids are talking by the door,1,5,male,train,,4.037354166666667,48000,1,193793,PCM_16,02a6395e2a80921b1fb84197c1ec9fd7
C:\Emotion detection\-Emotion-Recognition-from-Speech\data\raw\RAVDESS\Actor_05\03-01-02-01-01-02-05.wav,03-01-02-01-01-02-05.wav,03,01,02,calm,normal,Kids are talking by the door,2,5,male,train,,4.104104166666667,48000,1,196997,PCM_16,210e02c3bf969b8847acf36d5822de00
C:\Emotion detection\-Emotion-Recognition-from-Speech\data\raw\RAVDESS\Actor_05\03-01-02-01-02-01-05.wav,03-01-02-01-02-01-05.wav,03,01,02,calm,normal,Dogs are sitting by the door,1,5,male,train,,4.137479166666667,48000,1,198599,PCM_16,8a83353f4a40d8683993c70b0b49eca5
C:\Emotion detection\-Emotion-Recognition-from-Speech\data\raw\RAVDESS\Actor_05\03-01-02-01-02-02-05.wav,03-01-02-01-02-02-05.wav,03,01,02,calm,normal,Dogs are sitting by the door,2,5,male,train,,4.2375625,48000,2,203403,PCM_16,890beb68ec5ff7acec04b971c0f71cf6
C:\Emotion detection\-Emotion-Recognition-from-Speech\data\raw\RAVDESS\Actor_05\03-01-02-02-01-01-05.wav,03-01-02-02-01-01-05.wav,03,01,02,calm,strong,Kids are talking by the door,1,5,male,train,,4.7380625,48000,1,227427,PCM_16,26d7d2577d05973e2fc10199efc3a611
C:\Emotion detection\-Emotion-Recognition-from-Speech\data\raw\RAVDESS\Actor_05\03-01-02-02-01-02-05.wav,03-01-02-02-01-02-05.wav,03,01,02,calm,strong,Kids are talking by the door,2,5,male,train,,4.5045,48000,1,216216,PCM_16,765700a416732d84d29b7189f35251bc
C:\Emotion detection\-Emotion-Recognition-from-Speech\data\raw\RAVDESS\Actor_05\03-01-02-02-02-01-05.wav,03-01-02-02-02-01-05.wav,03,01,02,calm,strong,Dogs are sitting by the door,1,5,male,train,,4.7714375,48000,1,229029,PCM_16,924efaf0acb8fa4891597a2731d7bd62
C:\Emotion detection\-Emotion-Recognition-from-Speech\data\raw\RAVDESS\Actor_05\03-01-02-02-02-02-05.wav,03-01-02-02-02-02-05.wav,03,01,02,calm,strong,Dogs are sitting by the door,2,5,male,train,,4.304291666666667,48000,1,206606,PCM_16,57b916566c8138e3e31467a82b2cdb75
C:\Emotion detection\-Emotion-Recognition-from-Speech\data\raw\RAVDESS\Actor_05\03-01-03-01-01-01-05.wav,03-01-03-01-01-01-05.wav,03,01,03,happy,normal,Kids are talking by the door,1,5,male,train,,4.004,48000,1,192192,PCM_16,7269eb0271877c732f3a4b6915a50802
C:\Emotion detection\-Emotion-Recognition-from-Speech\data\raw\RAVDESS\Actor_05\03-01-03-01-01-02-05.wav,03-01-03-01-01-02-05.wav,03,01,03,happy,normal,Kids are talking by the door,2,5,male,train,,3.2365625,48000,1,155355,PCM_16,736168a493aa23c6c39bbfca5e70f4f3
C:\Emotion detection\-Emotion-Recognition-from-Speech\data\raw\RAVDESS\Actor_05\03-01-03-01-02-01-05.wav,03-01-03-01-02-01-05.wav,03,01,03,happy,normal,Dogs are sitting by the door,1,5,male,train,,3.3700208333333332,48000,1,161761,PCM_16,103394e53d67dc250baf39824e2983a0
C:\Emotion detection\-Emotion-Recognition-from-Speech\data\raw\RAVDESS\Actor_05\03-01-03-01-02-02-05.wav,03-01-03-01-02-02-05.wav,03,01,03,happy,normal,Dogs are sitting by the door,2,5,male,train,,3.7704375,48000,1,180981,PCM_16,4d4c85f765722af68b32781180ab05b8
C:\Emotion detection\-Emotion-Recognition-from-Speech\data\raw\RAVDESS\Actor_05\03-01-03-02-01-01-05.wav,03-01-03-02-01-01-05.wav,03,01,03,happy,strong,Kids are talking by the door,1,5,male,train,,4.137479166666667,48000,1,198599,PCM_16,531c8f2c9b46a5399caca21b4141509f
C:\Emotion detection\-Emotion-Recognition-from-Speech\data\raw\RAVDESS\Actor_05\03-01-03-02-01-02-05.wav,03-01-03-02-01-02-05.wav,03,01,03,happy,strong,Kids are talking by the door,2,5,male,train,,3.8705416666666665,48000,1,185786,PCM_16,b65c4a53987341546188b126b1d6a0db
C:\Emotion detection\-Emotion-Recognition-from-Speech\data\raw\RAVDESS\Actor_05\03-01-03-02-02-01-05.wav,03-01-03-02-02-01-05.wav,03,01,03,happy,strong,Dogs are sitting by the door,1,5,male,train,,3.6035833333333334,48000,1,172972,PCM_16,2b9b01a22742b72e437e3bbda05b9150
C:\Emotion detection\-Emotion-Recognition-from-Speech\data\raw\RAVDESS\Actor_05\03-01-03-02-02-02-05.wav,03-01-03-02-02-02-05.wav,03,01,03,happy,strong,Dogs are sitting by the door,2,5,male,train,,3.403395833333333,48000,1,163363,PCM_16,4a8246698d06d6943b715cbe6f8b6928
C:\Emotion detection\-Emotion-Recognition-from-Speech\data\raw\RAVDESS\Actor_05\03-01-04-01-01-01-05.wav,03-01-04-01-01-01-05.wav,03,01,04,sad,normal,Kids are talking by the door,1,5,male,train,,3.2699375,48000,1,156957,PCM_16,44d27ef4d8c41d010776e4e854b44e8e
C:\Emotion detection\-Emotion-Recognition-from-Speech\data\raw\RAVDESS\Actor_05\03-01-04-01-01-02-05.wav,03-01-04-01-01-02-05.wav,03,01,04,sad,normal,Kids are talking by the door,2,5,male,train,,3.6369583333333333,48000,1,174574,PCM_16,f0adaf7e335d3f36246a138567da77b8
C:\Emotion detection\-Emotion-Recognition-from-Speech\data\raw\RAVDESS\Actor_05\03-01-04-01-02-01-05.wav,03-01-04-01-02-01-05.wav,03,01,04,sad,normal,Dogs are sitting by the door,1,5,male,train,,3.1031041666666668,48000,1,148949,PCM_16,0a80b80cd8061143e5e723148a19f39e
C:\Emotion detection\-Emotion-Recognition-from-Speech\data\raw\RAVDESS\Actor_05\03-01-04-01-02-02-05.wav,03-01-04-01-02-02-05.wav,03,01,04,sad,normal,Dogs are sitting by the door,2,5,male,train,,3.7036875,48000,1,177777,PCM_16,fda1073feea3025e12387b4fe63a6b6c
C:\Emotion detection\-Emotion-Recognition-from-Speech\data\raw\RAVDESS\Actor_05\03-01-04-02-01-01-05.wav,03-01-04-02-01-01-05.wav,03,01,04,sad,strong,Kids are talking by the door,1,5,male,train,,3.5368541666666666,48000,1,169769,PCM_16,984168ff5dc32192ffd7a8945e260684
C:\Emotion detection\-Emotion-Recognition-from-Speech\data\raw\RAVDESS\Actor_05\03-01-04-02-01-02-05.wav,03-01-04-02-01-02-05.wav,03,01,04,sad,strong,Kids are talking by the door,2,5,male,train,,3.2699375,48000,1,156957,PCM_16,b6dd7f00a4aee3c2a659765021d235ea
C:\Emotion detection\-Emotion-Recognition-from-Speech\data\raw\RAVDESS\Actor_05\03-01-04-02-02-01-05.wav,03-01-04-02-02-01-05.wav,03,01,04,sad,strong,Dogs are sitting by the door,1,5,male,train,,3.2699166666666666,48000,1,156956,PCM_16,2ae92a7c4491d5725576aec1d56b5482
C:\Emotion detection\-Emotion-Recognition-from-Speech\data\raw\RAVDESS\Actor_05\03-01-04-02-02-02-05.wav,03-01-04-02-02-02-05.wav,03,01,04,sad,strong,Dogs are sitting by the door,2,5,male,train,,3.1364791666666667,48000,1,150551,PCM_16,4b49df2c8083d37a2899472b27e24915
C:\Emotion detection\-Emotion-Recognition-from-Speech\data\raw\RAVDESS\Actor_05\03-01-05-01-01-01-05.wav,03-01-05-01-01-01-05.wav,03,01,05,angry,normal,Kids are talking by the door,1,5,male,train,,3.8705416666666665,48000,1,185786,PCM_16,f12b2cae40e950aa57113c34ffc5de48
C:\Emotion detection\-Emotion-Recognition-from-Speech\data\raw\RAVDESS\Actor_05\03-01-05-01-01-02-05.wav,03-01-05-01-01-02-05.wav,03,01,05,angry,normal,Kids are talking by the door,2,5,male,train,,3.8037916666666667,48000,1,182582,PCM_16,487332a1d83e3926ddeb3254bd530056
C:\Emotion detection\-Emotion-Recognition-from-Speech\data\raw\RAVDESS\Actor_05\03-01-05-01-02-01-05.wav,03-01-05-01-02-01-05.wav,03,01,05,angry,normal,Dogs are sitting by the door,1,5,male,train,,4.070729166666666,48000,1,195395,PCM_16,f3e65ee5c9268ce3f157f899c1e9ca1c
C:\Emotion detection\-Emotion-Recognition-from-Speech\data\raw\RAVDESS\Actor_05\03-01-05-01-02-02-05.wav,03-01-05-01-02-02-05.wav,03,01,05,angry,normal,Dogs are sitting by the door,2,5,male,train,,4.404395833333333,48000,1,211411,PCM_16,b0942e6f560ab7cc909848751908cf2d
C:\Emotion detection\-Emotion-Recognition-from-Speech\data\raw\RAVDESS\Actor_05\03-01-05-02-01-01-05.wav,03-01-05-02-01-01-05.wav,03,01,05,angry,strong,Kids are talking by the door,1,5,male,train,,3.403395833333333,48000,1,163363,PCM_16,940a0204688866dd52b2246d49f7d3ff
C:\Emotion detection\-Emotion-Recognition-from-Speech\data\raw\RAVDESS\Actor_05\03-01-05-02-01-02-05.wav,03-01-05-02-01-02-05.wav,03,01,05,angry,strong,Kids are talking by the door,2,5,male,train,,3.5702291666666666,48000,1,171371,PCM_16,8b320de73a5fb032af28eca2bf2185f1
C:\Emotion detection\-Emotion-Recognition-from-Speech\data\raw\RAVDESS\Actor_05\03-01-05-02-02-01-05.wav,03-01-05-02-02-01-05.wav,03,01,05,angry,strong,Dogs are sitting by the door,1,5,male,train,,3.6369583333333333,48000,1,174574,PCM_16,7b9a810fc656fc69f7e83800f17acdcc
C:\Emotion detection\-Emotion-Recognition-from-Speech\data\raw\RAVDESS\Actor_05\03-01-05-02-02-02-05.wav,03-01-05-02-02-02-05.wav,03,01,05,angry,strong,Dogs are sitting by the door,2,5,male,train,,3.636979166666667,48000,1,174575,PCM_16,dde19f85103c10a988fbda67afa1d063
C:\Emotion detection\-Emotion-Recognition-from-Speech\data\raw\RAVDESS\Actor_05\03-01-06-01-01-01-05.wav,03-01-06-01-01-01-05.wav,03,01,06,fearful,normal,Kids are talking by the door,1,5,male,train,,3.1364791666666667,48000,1,150551,PCM_16,416567e2f45cec0cbedd8ea220e282aa
C:\Emotion detection\-Emotion-Recognition-from-Speech\data\raw\RAVDESS\Actor_05\03-01-06-01-01-02-05.wav,03-01-06-01-01-02-05.wav,03,01,06,fearful,normal,Kids are talking by the door,2,5,male,train,,3.3700208333333332,48000,1,161761,PCM_16,dca6962460512225d8ecdba9c6696960
C:\Emotion detection\-Emotion-Recognition-from-Speech\data\raw\RAVDESS\Actor_05\03-01-06-01-02-01-05.wav,03-01-06-01-02-01-05.wav,03,01,06,fearful,normal,Dogs are sitting by the door,1,5,male,train,,3.136458333333333,48000,1,150550,PCM_16,95b651ff8061c50b71939d4ee6a70e6e
C:\Emotion detection\-Emotion-Recognition-from-Speech\data\raw\RAVDESS\Actor_05\03-01-06-01-02-02-05.wav,03-01-06-01-02-02-05.wav,03,01,06,fearful,normal,Dogs are sitting by the door,2,5,male,train,,3.069729166666667,48000,1,147347,PCM_16,76f2c0f17e9212d99f800f7236ae7d5d
C:\Emotion detection\-Emotion-Recognition-from-Speech\data\raw\RAVDESS\Actor_05\03-01-06-02-01-01-05.wav,03-01-06-02-01-01-05.wav,03,01,06,fearful,strong,Kids are talking by the door,1,5,male,train,,3.2365625,48000,1,155355,PCM_16,d8e24345ac28e8287f0e57624763c6e5
C:\Emotion detection\-Emotion-Recognition-from-Speech\data\raw\RAVDESS\Actor_05\03-01-06-02-01-02-05.wav,03-01-06-02-01-02-05.wav,03,01,06,fearful,strong,Kids are talking by the door,2,5,male,train,,3.5702291666666666,48000,1,171371,PCM_16,6f2c827caeafeb528a4e9d4f76765f93
C:\Emotion detection\-Emotion-Recognition-from-Speech\data\raw\RAVDESS\Actor_05\03-01-06-02-02-01-05.wav,03-01-06-02-02-01-05.wav,03,01,06,fearful,strong,Dogs are sitting by the door,1,5,male,train,,3.2365625,48000,1,155355,PCM_16,ac66a972ae8c7291d807d54b3c6aebb3
C:\Emotion detection\-Emotion-Recognition-from-Speech\data\raw\RAVDESS\Actor_05\03-01-06-02-02-02-05.wav,03-01-06-02-02-02-05.wav,03,01,06,fearful,strong,Dogs are sitting by the door,2,5,male,train,,3.1031041666666668,48000,1,148949,PCM_16,894cb82a3ba33ad6bf2e81c7738d0be6
C:\Emotion detection\-Emotion-Recognition-from-Speech\data\raw\RAVDESS\Actor_05\03-01-07-01-01-01-05.wav,03-01-07-01-01-01-05.wav,03,01,07,disgust,normal,Kids are talking by the door,1,5,male,train,,4.337666666666666,48000,1,208208,PCM_16,3f3caddb2c588b11ca9a105e121c0a93
C:\Emotion detection\-Emotion-Recognition-from-Speech\data\raw\RAVDESS\Actor_05\03-01-07-01-01-02-05.wav,03-01-07-01-01-02-05.wav,03,01,07,disgust,normal,Kids are talking by the door,2,5,male,train,,4.104104166666667,48000,1,196997,PCM_16,6914fee15ff19ba79024e4c7b603423a
C:\Emotion detection\-Emotion-Recognition-from-Speech\data\raw\RAVDESS\Actor_05\03-01-07-01-02-01-05.wav,03-01-07-01-02-01-05.wav,03,01,07,disgust,normal,Dogs are sitting by the door,1,5,male,train,,3.9038958333333333,48000,1,187387,PCM_16,bfa128068400fb9b24648fb2a83bb282
C:\Emotion detection\-Emotion-Recognition-from-Speech\data\raw\RAVDESS\Actor_05\03-01-07-01-02-02-05.wav,03-01-07-01-02-02-05.wav,03,01,07,disgust,normal,Dogs are sitting by the door,2,5,male,train,,3.7370625,48000,1,179379,PCM_16,305bb57baeac8180df08884e4b45e840
C:\Emotion detection\-Emotion-Recognition-from-Speech\data\raw\RAVDESS\Actor_05\03-01-07-02-01-01-05.wav,03-01-07-02-01-01-05.wav,03,01,07,disgust,strong,Kids are talking by the door,1,5,male,train,,4.337666666666666,48000,1,208208,PCM_16,2799310680e35d0ee4c6a08c64bb86ff
C:\Emotion detection\-Emotion-Recognition-from-Speech\data\raw\RAVDESS\Actor_05\03-01-07-02-01-02-05.wav,03-01-07-02-01-02-05.wav,03,01,07,disgust,strong,Kids are talking by the door,2,5,male,train,,3.9038958333333333,48000,1,187387,PCM_16,979c643b2b97d692724a0eed7b263adf
C:\Emotion detection\-Emotion-Recognition-from-Speech\data\raw\RAVDESS\Actor_05\03-01-07-02-02-01-05.wav,03-01-07-02-02-01-05.wav,03,01,07,disgust,strong,Dogs are sitting by the door,1,5,male,train,,4.2709375,48000,1,205005,PCM_16,75554c8e872bda6a7fb92b88a02152fb
C:\Emotion detection\-Emotion-Recognition-from-Speech\data\raw\RAVDESS\Actor_05\03-01-07-02-02-02-05.wav,03-01-07-02-02-02-05.wav,03,01,07,disgust,strong,Dogs are sitting by the door,2,5,male,train,,4.537875,48000,1,217818,PCM_16,a0200dd76ff5891bc2a082a9388c1dbc
C:\Emotion detection\-Emotion-Recognition-from-Speech\data\raw\RAVDESS\Actor_05\03-01-08-01-01-01-05.wav,03-01-08-01-01-01-05.wav,03,01,08,surprised,normal,Kids are talking by the door,1,5,male,train,,3.7370625,48000,1,179379,PCM_16,97217a1f2910f737cc4847b5e3002e24
C:\Emotion detection\-Emotion-Recognition-from-Speech\data\raw\RAVDESS\Actor_05\03-01-08-01-01-02-05.wav,03-01-08-01-01-02-05.wav,03,01,08,surprised,normal,Kids are talking by the door,2,5,male,train,,3.6703333333333332,48000,1,176176,PCM_16,d0a5b2609a82efbb460c9e6e6230ab24
C:\Emotion detection\-Emotion-Recognition-from-Speech\data\raw\RAVDESS\Actor_05\03-01-08-01-02-01-05.wav,03-01-08-01-02-01-05.wav,03,01,08,surprised,normal,Dogs are sitting by the door,1,5,male,train,,3.069729166666667,48000,1,147347,PCM_16,dd08bacc06365b1fa3164b0ef0ab5599
C:\Emotion detection\-Emotion-Recognition-from-Speech\data\raw\RAVDESS\Actor_05\03-01-08-01-02-02-05.wav,03-01-08-01-02-02-05.wav,03,01,08,surprised,normal,Dogs are sitting by the door,2,5,male,train,,3.7036875,48000,1,177777,PCM_16,e779effc7c566d23f1b4ba02751936ad
C:\Emotion detection\-Emotion-Recognition-from-Speech\data\raw\RAVDESS\Actor_05\03-01-08-02-01-01-05.wav,03-01-08-02-01-01-05.wav,03,01,08,surprised,strong,Kids are talking by the door,1,5,male,train,,4.137479166666667,48000,1,198599,PCM_16,a1863a6ac88f4f413bb29518b7bda298
C:\Emotion detection\-Emotion-Recognition-from-Speech\data\raw\RAVDESS\Actor_05\03-01-08-02-01-02-05.wav,03-01-08-02-01-02-05.wav,03,01,08,surprised,strong,Kids are talking by the door,2,5,male,train,,4.104104166666667,48000,1,196997,PCM_16,41433fd319ffa5991c9f899401333db8
C:\Emotion detection\-Emotion-Recognition-from-Speech\data\raw\RAVDESS\Actor_05\03-01-08-02-02-01-05.wav,03-01-08-02-02-01-05.wav,03,01,08,surprised,strong,Dogs are sitting by the door,1,5,male,train,,3.6703333333333332,48000,1,176176,PCM_16,ad09ddffe8ca29963d339eaa39263c60
C:\Emotion detection\-Emotion-Recognition-from-Speech\data\raw\RAVDESS\Actor_05\03-01-08-02-02-02-05.wav,03-01-08-02-02-02-05.wav,03,01,08,surprised,strong,Dogs are sitting by the door,2,5,male,train,,3.536875,48000,1,169770,PCM_16,06eb880c4068771b3d05a3c991dc1760
C:\Emotion detection\-Emotion-Recognition-from-Speech\data\raw\RAVDESS\Actor_06\03-01-01-01-01-01-06.wav,03-01-01-01-01-01-06.wav,03,01,01,neutral,normal,Kids are talking by the door,1,6,female,train,,3.3366666666666664,48000,1,160160,PCM_16,422d93951c5a6135d2637e34d47113f6
C:\Emotion detection\-Emotion-Recognition-from-Speech\data\raw\RAVDESS\Actor_06\03-01-01-01-01-02-06.wav,03-01-01-01-01-02-06.wav,03,01,01,neutral,normal,Kids are talking by the door,2,6,female,train,,3.6036041666666665,48000,1,172973,PCM_16,c5836274d6b1181a9389f527c6578f18
C:\Emotion detection\-Emotion-Recognition-from-Speech\data\raw\RAVDESS\Actor_06\03-01-01-01-02-01-06.wav,03-01-01-01-02-01-06.wav,03,01,01,neutral,normal,Dogs are sitting by the door,1,6,female,train,,3.403395833333333,48000,1,163363,PCM_16,1ca9c48d7cbc9ded6366f7c47dcf1354
C:\Emotion detection\-Emotion-Recognition-from-Speech\data\raw\RAVDESS\Actor_06\03-01-01-01-02-02-06.wav,03-01-01-01-02-02-06.wav,03,01,01,neutral,normal,Dogs are sitting by the door,2,6,female,train,,3.4367708333333336,48000,1,164965,PCM_16,34ae340adcf8ab2282ee0aa86bbad834
C:\Emotion detection\-Emotion-Recognition-from-Speech\data\raw\RAVDESS\Actor_06\03-01-02-01-01-01-06.wav,03-01-02-01-01-01-06.wav,03,01,02,calm,normal,Kids are talking by the door,1,6,female,train,,4.037354166666667,48000,1,193793,PCM_16,f4c35afc77d758cd29fa80f2ed7d3272
C:\Emotion detection\-Emotion-Recognition-from-Speech\data\raw\RAVDESS\Actor_06\03-01-02-01-01-02-06.wav,03-01-02-01-01-02-06.wav,03,01,02,calm,normal,Kids are talking by the door,2,6,female,train,,4.104104166666667,48000,1,196997,PCM_16,5f7adc0d6b61202244b0be3416d9fe0a
C:\Emotion detection\-Emotion-Recognition-from-Speech\data\raw\RAVDESS\Actor_06\03-01-02-01-02-01-06.wav,03-01-02-01-02-01-06.wav,03,01,02,calm,normal,Dogs are sitting by the door,1,6,female,train,,3.970625,48000,1,190590,PCM_16,1fb6a6ab12a56c5e01f1681f356baf9b
C:\Emotion detection\-Emotion-Recognition-from-Speech\data\raw\RAVDESS\Actor_06\03-01-02-01-02-02-06.wav,03-01-02-01-02-02-06.wav,03,01,02,calm,normal,Dogs are sitting by the door,2,6,female,train,,4.2041875,48000,1,201801,PCM_16,f9acda7d87f3c4450613bd186e9839ae
C:\Emotion detection\-Emotion-Recognition-from-Speech\data\raw\RAVDESS\Actor_06\03-01-02-02-01-01-06.wav,03-01-02-02-01-01-06.wav,03,01,02,calm,strong,Kids are talking by the door,1,6,female,train,,4.5045,48000,1,216216,PCM_16,cd067511db9f66a436631b1f33cbfa05
C:\Emotion detection\-Emotion-Recognition-from-Speech\data\raw\RAVDESS\Actor_06\03-01-02-02-01-02-06.wav,03-01-02-02-01-02-06.wav,03,01,02,calm,strong,Kids are talking by the door,2,6,female,train,,4.637979166666667,48000,1,222623,PCM_16,326fa12e4f61c12006fcb11846c3e162
C:\Emotion detection\-Emotion-Recognition-from-Speech\data\raw\RAVDESS\Actor_06\03-01-02-02-02-01-06.wav,03-01-02-02-02-01-06.wav,03,01,02,calm,strong,Dogs are sitting by the door,1,6,female,train,,4.337666666666666,48000,1,208208,PCM_16,84a6db9fb4e5cfc1e93c2635dc46040d
C:\Emotion detection\-Emotion-Recognition-from-Speech\data\raw\RAVDESS\Actor_06\03-01-02-02-02-02-06.wav,03-01-02-02-02-02-06.wav,03,01,02,calm,strong,Dogs are sitting by the door,2,6,female,train,,4.7714375,48000,1,229029,PCM_16,9cd096a11774962c7a992ea5b285ae9c
C:\Emotion detection\-Emotion-Recognition-from-Speech\data\raw\RAVDESS\Actor_06\03-01-03-01-01-01-06.wav,03-01-03-01-01-01-06.wav,03,01,03,happy,normal,Kids are talking by the door,1,6,female,train,,3.5368541666666666,48000,1,169769,PCM_16,8aeb0e5e02c06a3d90c1fd8336a4d0c4
C:\Emotion detection\-Emotion-Recognition-from-Speech\data\raw\RAVDESS\Actor_06\03-01-03-01-01-02-06.wav,03-01-03-01-01-02-06.wav,03,01,03,happy,normal,Kids are talking by the door,2,6,female,train,,3.6036041666666665,48000,1,172973,PCM_16,c4d45c6000dc5d9500c283eeafc79a66
C:\Emotion detection\-Emotion-Recognition-from-Speech\data\raw\RAVDESS\Actor_06\03-01-03-01-02-01-06.wav,03-01-03-01-02-01-06.wav,03,01,03,happy,normal,Dogs are sitting by the door,1,6,female,train,,3.470125,48000,1,166566,PCM_16,80dad33fbca63cb2bf36a36291162933
C:\Emotion detection\-Emotion-Recognition-from-Speech\data\raw\RAVDESS\Actor_06\03-01-03-01-02-02-06.wav,03-01-03-01-02-02-06.wav,03,01,03,happy,normal,Dogs are sitting by the door,2,6,female,train,,3.4367708333333336,48000,1,164965,PCM_16,bc03c3e4abcb658e40db1f3b8ed72995
C:\Emotion detection\-Emotion-Recognition-from-Speech\data\raw\RAVDESS\Actor_06\03-01-03-02-01-01-06.wav,03-01-03-02-01-01-06.wav,03,01,03,happy,strong,Kids are talking by the door,1,6,female,train,,3.5035,48000,1,168168,PCM_16,033b05a64b7df0d4849f763a3cdaea67
C:\Emotion detection\-Emotion-Recognition-from-Speech\data\raw\RAVDESS\Actor_06\03-01-03-02-01-02-06.wav,03-01-03-02-01-02-06.wav,03,01,03,happy,strong,Kids are talking by the door,2,6,female,train,,3.470125,48000,1,166566,PCM_16,33dfbb3d15e4e204d62def0098fb3e9c
C:\Emotion detection\-Emotion-Recognition-from-Speech\data\raw\RAVDESS\Actor_06\03-01-03-02-02-01-06.wav,03-01-03-02-02-01-06.wav,03,01,03,happy,strong,Dogs are sitting by the door,1,6,female,train,,3.5702291666666666,48000,1,171371,PCM_16,1b0bc767dac8ec06a9587372e172cc84
C:\Emotion detection\-Emotion-Recognition-from-Speech\data\raw\RAVDESS\Actor_06\03-01-03-02-02-02-06.wav,03-01-03-02-02-02-06.wav,03,01,03,happy,strong,Dogs are sitting by the door,2,6,female,train,,3.6035833333333334,48000,1,172972,PCM_16,bdb96e6745644269ca30476b5338d481
C:\Emotion detection\-Emotion-Recognition-from-Speech\data\raw\RAVDESS\Actor_06\03-01-04-01-01-01-06.wav,03-01-04-01-01-01-06.wav,03,01,04,sad,normal,Kids are talking by the door,1,6,female,train,,3.5702291666666666,48000,1,171371,PCM_16,0522c0c162bf65c626b9e9512bf4f41a
C:\Emotion detection\-Emotion-Recognition-from-Speech\data\raw\RAVDESS\Actor_06\03-01-04-01-01-02-06.wav,03-01-04-01-01-02-06.wav,03,01,04,sad,normal,Kids are talking by the door,2,6,female,train,,3.6036041666666665,48000,1,172973,PCM_16,10eaf4b32346a3e856ea7cfd67d31a43
C:\Emotion detection\-Emotion-Recognition-from-Speech\data\raw\RAVDESS\Actor_06\03-01-04-01-02-01-06.wav,03-01-04-01-02-01-06.wav,03,01,04,sad,normal,Dogs are sitting by the door,1,6,female,train,,3.4701458333333335,48000,1,166567,PCM_16,f5565a24dd7fd0085e5eddea3d241d44
C:\Emotion detection\-Emotion-Recognition-from-Speech\data\raw\RAVDESS\Actor_06\03-01-04-01-02-02-06.wav,03-01-04-01-02-02-06.wav,03,01,04,sad,normal,Dogs are sitting by the door,2,6,female,train,,3.4367708333333336,48000,1,164965,PCM_16,d22b27dc6de459912112fa49455dae7c
C:\Emotion detection\-Emotion-Recognition-from-Speech\data\raw\RAVDESS\Actor_06\03-01-04-02-01-01-06.wav,03-01-04-02-01-01-06.wav,03,01,04,sad,strong,Kids are talking by the door,1,6,female,train,,4.2041875,48000,1,201801,PCM_16,25de3460633e7010d5676e4ad729c812
C:\Emotion detection\-Emotion-Recognition-from-Speech\data\raw\RAVDESS\Actor_06\03-01-04-02-01-02-06.wav,03-01-04-02-01-02-06.wav,03,01,04,sad,strong,Kids are talking by the door,2,6,female,train,,4.104104166666667,48000,1,196997,PCM_16,7bfa7544067d11bf18aebfa480d9d597
C:\Emotion detection\-Emotion-Recognition-from-Speech\data\raw\RAVDESS\Actor_06\03-01-04-02-02-01-06.wav,03-01-04-02-02-01-06.wav,03,01,04,sad,strong,Dogs are sitting by the door,1,6,female,train,,4.604583333333333,48000,1,221020,PCM_16,d3074d07d9d2930f9bfb2b89e680954d
C:\Emotion detection\-Emotion-Recognition-from-Speech\data\raw\RAVDESS\Actor_06\03-01-04-02-02-02-06.wav,03-01-04-02-02-02-06.wav,03,01,04,sad,strong,Dogs are sitting by the door,2,6,female,train,,4.037354166666667,48000,1,193793,PCM_16,5fc7b4ad281a7733592fbf3cd4f819b5
C:\Emotion detection\-Emotion-Recognition-from-Speech\data\raw\RAVDESS\Actor_06\03-01-05-01-01-01-06.wav,03-01-05-01-01-01-06.wav,03,01,05,angry,normal,Kids are talking by the door,1,6,female,train,,3.7704375,48000,1,180981,PCM_16,4d2fc91d10645f68254180ebd24d28b3
C:\Emotion detection\-Emotion-Recognition-from-Speech\data\raw\RAVDESS\Actor_06\03-01-05-01-01-02-06.wav,03-01-05-01-01-02-06.wav,03,01,05,angry,normal,Kids are talking by the door,2,6,female,train,,3.970625,48000,1,190590,PCM_16,dd5f842d6c7f96f1c90fc160329284fc
C:\Emotion detection\-Emotion-Recognition-from-Speech\data\raw\RAVDESS\Actor_06\03-01-05-01-02-01-06.wav,03-01-05-01-02-01-06.wav,03,01,05,angry,normal,Dogs are sitting by the door,1,6,female,train,,4.2041875,48000,1,201801,PCM_16,c16b19fbabab66234c90fd9c34e42433
C:\Emotion detection\-Emotion-Recognition-from-Speech\data\raw\RAVDESS\Actor_06\03-01-05-01-02-02-06.wav,03-01-05-01-02-02-06.wav,03,01,05,angry,normal,Dogs are sitting by the door,2,6,female,train,,3.9038958333333333,48000,1,187387,PCM_16,bd7ac01073a0d4ed53142dddf6bf4ce1
C:\Emotion detection\-Emotion-Recognition-from-Speech\data\raw\RAVDESS\Actor_06\03-01-05-02-01-01-06.wav,03-01-05-02-01-01-06.wav,03,01,05,angry,strong,Kids are talking by the door,1,6,female,train,,4.104104166666667,48000,1,196997,PCM_16,2a3ccaca90b852caa0274e313539c42a
C:\Emotion detection\-Emotion-Recognition-from-Speech\data\raw\RAVDESS\Actor_06\03-01-05-02-01-02-06.wav,03-01-05-02-01-02-06.wav,03,01,05,angry,strong,Kids are talking by the door,2,6,female,train,,4.2041875,48000,1,201801,PCM_16,0e11db20d0104c15134493de6e4838ec
C:\Emotion detection\-Emotion-Recognition-from-Speech\data\raw\RAVDESS\Actor_06\03-01-05-02-02-01-06.wav,03-01-05-02-02-01-06.wav,03,01,05,angry,strong,Dogs are sitting by the door,1,6,female,train,,4.437770833333333,48000,1,213013,PCM_16,98931bd133503f321c3654975ae0eaae
C:\Emotion detection\-Emotion-Recognition-from-Speech\data\raw\RAVDESS\Actor_06\03-01-05-02-02-02-06.wav,03-01-05-02-02-02-06.wav,03,01,05,angry,strong,Dogs are sitting by the door,2,6,female,train,,4.471125,48000,1,214614,PCM_16,56dfe1ab823e193445e0ab7248b3b186
C:\Emotion detection\-Emotion-Recognition-from-Speech\data\raw\RAVDESS\Actor_06\03-01-06-01-01-01-06.wav,03-01-06-01-01-01-06.wav,03,01,06,fearful,normal,Kids are talking by the door,1,6,female,train,,3.6369583333333333,48000,1,174574,PCM_16,7d20a058e07fa830cf97ca8b5a16d075
C:\Emotion detection\-Emotion-Recognition-from-Speech\data\raw\RAVDESS\Actor_06\03-01-06-01-01-02-06.wav,03-01-06-01-01-02-06.wav,03,01,06,fearful,normal,Kids are talking by the door,2,6,female,train,,3.4367708333333336,48000,1,164965,PCM_16,b4bfe0e0333a491645196c7be85b6902
C:\Emotion detection\-Emotion-Recognition-from-Speech\data\raw\RAVDESS\Actor_06\03-01-06-01-02-01-06.wav,03-01-06-01-02-01-06.wav,03,01,06,fearful,normal,Dogs are sitting by the door,1,6,female,train,,3.57025,48000,1,171372,PCM_16,b97a7c74ebc4a2437a5cdb879e9d51fc
C:\Emotion detection\-Emotion-Recognition-from-Speech\data\raw\RAVDESS\Actor_06\03-01-06-01-02-02-06.wav,03-01-06-01-02-02-06.wav,03,01,06,fearful,normal,Dogs are sitting by the door,2,6,female,train,,3.5035,48000,1,168168,PCM_16,3e4e92115893ef0e888e32e2830ac001
C:\Emotion detection\-Emotion-Recognition-from-Speech\data\raw\RAVDESS\Actor_06\03-01-06-02-01-01-06.wav,03-01-06-02-01-01-06.wav,03,01,06,fearful,strong,Kids are talking by the door,1,6,female,train,,3.636979166666667,48000,1,174575,PCM_16,fb8bcd34881d43aadccd8f8c85518133
C:\Emotion detection\-Emotion-Recognition-from-Speech\data\raw\RAVDESS\Actor_06\03-01-06-02-01-02-06.wav,03-01-06-02-01-02-06.wav,03,01,06,fearful,strong,Kids are talking by the door,2,6,female,train,,3.6036041666666665,48000,1,172973,PCM_16,2a337e9af0f1941a6fb49fcf07ba266f
C:\Emotion detection\-Emotion-Recognition-from-Speech\data\raw\RAVDESS\Actor_06\03-01-06-02-02-01-06.wav,03-01-06-02-02-01-06.wav,03,01,06,fearful,strong,Dogs are sitting by the door,1,6,female,train,,3.7370625,48000,1,179379,PCM_16,e77180dbf41f983a82c99af9fedfbe8d
C:\Emotion detection\-Emotion-Recognition-from-Speech\data\raw\RAVDESS\Actor_06\03-01-06-02-02-02-06.wav,03-01-06-02-02-02-06.wav,03,01,06,fearful,strong,Dogs are sitting by the door,2,6,female,train,,3.7370625,48000,1,179379,PCM_16,7527b278465f51bfd372564d2a412abd
C:\Emotion detection\-Emotion-Recognition-from-Speech\data\raw\RAVDESS\Actor_06\03-01-07-01-01-01-06.wav,03-01-07-01-01-01-06.wav,03,01,07,disgust,normal,Kids are talking by the door,1,6,female,train,,3.5035,48000,1,168168,PCM_16,ddff0215e3656439facf59e30f9556be
C:\Emotion detection\-Emotion-Recognition-from-Speech\data\raw\RAVDESS\Actor_06\03-01-07-01-01-02-06.wav,03-01-07-01-01-02-06.wav,03,01,07,disgust,normal,Kids are talking by the door,2,6,female,train,,4.2709375,48000,1,205005,PCM_16,8033e4a2942d76720947ecf1b2e9a3c8
C:\Emotion detection\-Emotion-Recognition-from-Speech\data\raw\RAVDESS\Actor_06\03-01-07-01-02-01-06.wav,03-01-07-01-02-01-06.wav,03,01,07,disgust,normal,Dogs are sitting by the door,1,6,female,train,,3.7370625,48000,1,179379,PCM_16,f2e459a1ff25532263eee016a240cf57
C:\Emotion detection\-Emotion-Recognition-from-Speech\data\raw\RAVDESS\Actor_06\03-01-07-01-02-02-06.wav,03-01-07-01-02-02-06.wav,03,01,07,disgust,normal,Dogs are sitting by the door,2,6,female,train,,3.9372708333333333,48000,1,188989,PCM_16,fc3acfd1f1fc602f8bd997f5f7fbb3bb
C:\Emotion detection\-Emotion-Recognition-from-Speech\data\raw\RAVDESS\Actor_06\03-01-07-02-01-01-06.wav,03-01-07-02-01-01-06.wav,03,01,07,disgust,strong,Kids are talking by the door,1,6,female,train,,4.3043125,48000,1,206607,PCM_16,625c383387aa19e617a89b0fea6d6bd1
C:\Emotion detection\-Emotion-Recognition-from-Speech\data\raw\RAVDESS\Actor_06\03-01-07-02-01-02-06.wav,03-01-07-02-01-02-06.wav,03,01,07,disgust,strong,Kids are talking by the door,2,6,female,train,,3.9372708333333333,48000,1,188989,PCM_16,b8e06bcff08a66a6660fadde09f3ea6a
C:\Emotion detection\-Emotion-Recognition-from-Speech\data\raw\RAVDESS\Actor_06\03-01-07-02-02-01-06.wav,03-01-07-02-02-01-06.wav,03,01,07,disgust,strong,Dogs are sitting by the door,1,6,female,train,,4.037354166666667,48000,1,193793,PCM_16,68bd952db1de1aef136cc80df2d11ae3
C:\Emotion detection\-Emotion-Recognition-from-Speech\data\raw\RAVDESS\Actor_06\03-01-07-02-02-02-06.wav,03-01-07-02-02-02-06.wav,03,01,07,disgust,strong,Dogs are sitting by the door,2,6,female,train,,3.970625,48000,1,190590,PCM_16,028d6f4a18addd77d6e4d14ea0d21117
C:\Emotion detection\-Emotion-Recognition-from-Speech\data\raw\RAVDESS\Actor_06\03-01-08-01-01-01-06.wav,03-01-08-01-01-01-06.wav,03,01,08,surprised,normal,Kids are talking by the door,1,6,female,train,,3.2365625,48000,1,155355,PCM_16,fa748cba513b9ea40001a10a70335cd0
C:\Emotion detection\-Emotion-Recognition-from-Speech\data\raw\RAVDESS\Actor_06\03-01-08-01-01-02-06.wav,03-01-08-01-01-02-06.wav,03,01,08,surprised,normal,Kids are talking by the door,2,6,female,train,,3.2365625,48000,1,155355,PCM_16,c4e77e1bdfd96390d017acb5bcba6d1d
C:\Emotion detection\-Emotion-Recognition-from-Speech\data\raw\RAVDESS\Actor_06\03-01-08-01-02-01-06.wav,03-01-08-01-02-01-06.wav,03,01,08,surprised,normal,Dogs are sitting by the door,1,6,female,train,,3.2032083333333334,48000,1,153754,PCM_16,4c68ab9fa3fc3ad30f57c49aff13e780
C:\Emotion detection\-Emotion-Recognition-from-Speech\data\raw\RAVDESS\Actor_06\03-01-08-01-02-02-06.wav,03-01-08-01-02-02-06.wav,03,01,08,surprised,normal,Dogs are sitting by the door,2,6,female,train,,3.136458333333333,48000,1,150550,PCM_16,e7000530cbcf234250d4b8afa64a6117
C:\Emotion detection\-Emotion-Recognition-from-Speech\data\raw\RAVDESS\Actor_06\03-01-08-02-01-01-06.wav,03-01-08-02-01-01-06.wav,03,01,08,surprised,strong,Kids are talking by the door,1,6,female,train,,3.2365625,48000,1,155355,PCM_16,83cb85725879daf552fcfeb23130e3a7
C:\Emotion detection\-Emotion-Recognition-from-Speech\data\raw\RAVDESS\Actor_06\03-01-08-02-01-02-06.wav,03-01-08-02-01-02-06.wav,03,01,08,surprised,strong,Kids are talking by the door,2,6,female,train,,3.370041666666667,48000,1,161762,PCM_16,f5adc68b9d776941cf5113f7998b4e61
C:\Emotion detection\-Emotion-Recognition-from-Speech\data\raw\RAVDESS\Actor_06\03-01-08-02-02-01-06.wav,03-01-08-02-02-01-06.wav,03,01,08,surprised,strong,Dogs are sitting by the door,1,6,female,train,,3.3033125,48000,1,158559,PCM_16,4ed741f237122c45361709fa0fb91c05
C:\Emotion detection\-Emotion-Recognition-from-Speech\data\raw\RAVDESS\Actor_06\03-01-08-02-02-02-06.wav,03-01-08-02-02-02-06.wav,03,01,08,surprised,strong,Dogs are sitting by the door,2,6,female,train,,3.2032083333333334,48000,1,153754,PCM_16,7e5d7f07a4fdfaa950232b2a518a5b81
C:\Emotion detection\-Emotion-Recognition-from-Speech\data\raw\RAVDESS\Actor_07\03-01-01-01-01-01-07.wav,03-01-01-01-01-01-07.wav,03,01,01,neutral,normal,Kids are talking by the door,1,7,male,train,,3.9039166666666665,48000,1,187388,PCM_16,c85d1e928fdcfe0eed7779456033a16c
C:\Emotion detection\-Emotion-Recognition-from-Speech\data\raw\RAVDESS\Actor_07\03-01-01-01-01-02-07.wav,03-01-01-01-01-02-07.wav,03,01,01,neutral,normal,Kids are talking by the door,2,7,male,train,,3.8038125,48000,1,182583,PCM_16,749614bfc994011f8454659494639dc3
C:\Emotion detection\-Emotion-Recognition-from-Speech\data\raw\RAVDESS\Actor_07\03-01-01-01-02-01-07.wav,03-01-01-01-02-01-07.wav,03,01,01,neutral,normal,Dogs are sitting by the door,1,7,male,train,,4.137458333333333,48000,1,198598,PCM_16,f6e1d4e873f86a941c82827e381a178c
C:\Emotion detection\-Emotion-Recognition-from-Speech\data\raw\RAVDESS\Actor_07\03-01-01-01-02-02-07.wav,03-01-01-01-02-02-07.wav,03,01,01,neutral,normal,Dogs are sitting by the door,2,7,male,train,,3.7370625,48000,1,179379,PCM_16,63959d5c5c6966362e0dfbf5506f1402
C:\Emotion detection\-Emotion-Recognition-from-Speech\data\raw\RAVDESS\Actor_07\03-01-02-01-01-01-07.wav,03-01-02-01-01-01-07.wav,03,01,02,calm,normal,Kids are talking by the door,1,7,male,train,,3.470125,48000,1,166566,PCM_16,a54a74171ad6e7815a22dd53eafaa7c6
C:\Emotion detection\-Emotion-Recognition-from-Speech\data\raw\RAVDESS\Actor_07\03-01-02-01-01-02-07.wav,03-01-02-01-01-02-07.wav,03,01,02,calm,normal,Kids are talking by the door,2,7,male,train,,3.7370625,48000,1,179379,PCM_16,48f079d24a7d4ca7769786762bbbda91
C:\Emotion detection\-Emotion-Recognition-from-Speech\data\raw\RAVDESS\Actor_07\03-01-02-01-02-01-07.wav,03-01-02-01-02-01-07.wav,03,01,02,calm,normal,Dogs are sitting by the door,1,7,male,train,,3.5035,48000,1,168168,PCM_16,73656c4fdaa23e223b7d99f097aff69b
C:\Emotion detection\-Emotion-Recognition-from-Speech\data\raw\RAVDESS\Actor_07\03-01-02-01-02-02-07.wav,03-01-02-01-02-02-07.wav,03,01,02,calm,normal,Dogs are sitting by the door,2,7,male,train,,3.536875,48000,1,169770,PCM_16,df80dbf49e0744cae6964052bbe6bbec
C:\Emotion detection\-Emotion-Recognition-from-Speech\data\raw\RAVDESS\Actor_07\03-01-02-02-01-01-07.wav,03-01-02-02-01-01-07.wav,03,01,02,calm,strong,Kids are talking by the door,1,7,male,train,,4.004,48000,1,192192,PCM_16,af9912169c57dee587b86fa56210778a
C:\Emotion detection\-Emotion-Recognition-from-Speech\data\raw\RAVDESS\Actor_07\03-01-02-02-01-02-07.wav,03-01-02-02-01-02-07.wav,03,01,02,calm,strong,Kids are talking by the door,2,7,male,train,,3.8705416666666665,48000,1,185786,PCM_16,e5858708bf9a64562133e5ea2a5c5c51
C:\Emotion detection\-Emotion-Recognition-from-Speech\data\raw\RAVDESS\Actor_07\03-01-02-02-02-01-07.wav,03-01-02-02-02-01-07.wav,03,01,02,calm,strong,Dogs are sitting by the door,1,7,male,train,,4.2709375,48000,1,205005,PCM_16,dbd0908ad496f4b0a75e01f85ecad61e
C:\Emotion detection\-Emotion-Recognition-from-Speech\data\raw\RAVDESS\Actor_07\03-01-02-02-02-02-07.wav,03-01-02-02-02-02-07.wav,03,01,02,calm,strong,Dogs are sitting by the door,2,7,male,train,,4.104104166666667,48000,1,196997,PCM_16,7597b7f089b39fa14c614d5a3268ea5a
C:\Emotion detection\-Emotion-Recognition-from-Speech\data\raw\RAVDESS\Actor_07\03-01-03-01-01-01-07.wav,03-01-03-01-01-01-07.wav,03,01,03,happy,normal,Kids are talking by the door,1,7,male,train,,3.5035,48000,1,168168,PCM_16,734f1b5a5bda1b73fb29721da70288f6
C:\Emotion detection\-Emotion-Recognition-from-Speech\data\raw\RAVDESS\Actor_07\03-01-03-01-01-02-07.wav,03-01-03-01-01-02-07.wav,03,01,03,happy,normal,Kids are talking by the door,2,7,male,train,,3.470125,48000,1,166566,PCM_16,a083288ed6d346fe599cdebc5a27cd6c
C:\Emotion detection\-Emotion-Recognition-from-Speech\data\raw\RAVDESS\Actor_07\03-01-03-01-02-01-07.wav,03-01-03-01-02-01-07.wav,03,01,03,happy,normal,Dogs are sitting by the door,1,7,male,train,,3.403395833333333,48000,1,163363,PCM_16,945f27c7a9cc3cc3b2a836db2651eb11
C:\Emotion detection\-Emotion-Recognition-from-Speech\data\raw\RAVDESS\Actor_07\03-01-03-01-02-02-07.wav,03-01-03-01-02-02-07.wav,03,01,03,happy,normal,Dogs are sitting by the door,2,7,male,train,,3.403395833333333,48000,1,163363,PCM_16,945f27c7a9cc3cc3b2a836db2651eb11
C:\Emotion detection\-Emotion-Recognition-from-Speech\data\raw\RAVDESS\Actor_07\03-01-03-02-01-01-07.wav,03-01-03-02-01-01-07.wav,03,01,03,happy,strong,Kids are talking by the door,1,7,male,train,,4.104104166666667,48000,1,196997,PCM_16,eeb45a8524b3ea52961e99c7785261b0
C:\Emotion detection\-Emotion-Recognition-from-Speech\data\raw\RAVDESS\Actor_07\03-01-03-02-01-02-07.wav,03-01-03-02-01-02-07.wav,03,01,03,happy,strong,Kids are talking by the door,2,7,male,train,,4.037354166666667,48000,1,193793,PCM_16,d4c4a418b0a0e6c566c7d7038b2fcde9
C:\Emotion detection\-Emotion-Recognition-from-Speech\data\raw\RAVDESS\Actor_07\03-01-03-02-02-01-07.wav,03-01-03-02-02-01-07.wav,03,01,03,happy,strong,Dogs are sitting by the door,1,7,male,train,,4.037375,48000,1,193794,PCM_16,51cdd4a175d6fbf32b5bccb6df201fca
C:\Emotion detection\-Emotion-Recognition-from-Speech\data\raw\RAVDESS\Actor_07\03-01-03-02-02-02-07.wav,03-01-03-02-02-02-07.wav,03,01,03,happy,strong,Dogs are sitting by the door,2,7,male,train,,3.8371666666666666,48000,1,184184,PCM_16,fcb445e02eeb15aa6ba3455b9f591c7a
C:\Emotion detection\-Emotion-Recognition-from-Speech\data\raw\RAVDESS\Actor_07\03-01-04-01-01-01-07.wav,03-01-04-01-01-01-07.wav,03,01,04,sad,normal,Kids are talking by the door,1,7,male,train,,3.536875,48000,1,169770,PCM_16,bb222f063dbf61da4d9f04e02c88a42d
C:\Emotion detection\-Emotion-Recognition-from-Speech\data\raw\RAVDESS\Actor_07\03-01-04-01-01-02-07.wav,03-01-04-01-01-02-07.wav,03,01,04,sad,normal,Kids are talking by the door,2,7,male,train,,3.6035833333333334,48000,1,172972,PCM_16,b8eb848de4e8ed43d544e71a2b272149
C:\Emotion detection\-Emotion-Recognition-from-Speech\data\raw\RAVDESS\Actor_07\03-01-04-01-02-01-07.wav,03-01-04-01-02-01-07.wav,03,01,04,sad,normal,Dogs are sitting by the door,1,7,male,train,,3.536875,48000,1,169770,PCM_16,ca830bb28022e06174474214c081de07
C:\Emotion detection\-Emotion-Recognition-from-Speech\data\raw\RAVDESS\Actor_07\03-01-04-01-02-02-07.wav,03-01-04-01-02-02-07.wav,03,01,04,sad,normal,Dogs are sitting by the door,2,7,male,train,,3.8705208333333334,48000,1,185785,PCM_16,63f6834f495f4e674afc9f018c1b7618
C:\Emotion detection\-Emotion-Recognition-from-Speech\data\raw\RAVDESS\Actor_07\03-01-04-02-01-01-07.wav,03-01-04-02-01-01-07.wav,03,01,04,sad,strong,Kids are talking by the door,1,7,male,train,,3.93725,48000,1,188988,PCM_16,f076df7c69f888f751d8a89966bfd3df
C:\Emotion detection\-Emotion-Recognition-from-Speech\data\raw\RAVDESS\Actor_07\03-01-04-02-01-02-07.wav,03-01-04-02-01-02-07.wav,03,01,04,sad,strong,Kids are talking by the door,2,7,male,train,,3.8371666666666666,48000,1,184184,PCM_16,d2a44129735c623fd5d1ce9f5013d2db
C:\Emotion detection\-Emotion-Recognition-from-Speech\data\raw\RAVDESS\Actor_07\03-01-04-02-02-01-07.wav,03-01-04-02-02-01-07.wav,03,01,04,sad,strong,Dogs are sitting by the door,1,7,male,train,,3.636979166666667,48000,1,174575,PCM_16,2958dfa96fc0a81ea31a0a969714f393
C:\Emotion detection\-Emotion-Recognition-from-Speech\data\raw\RAVDESS\Actor_07\03-01-04-02-02-02-07.wav,03-01-04-02-02-02-07.wav,03,01,04,sad,strong,Dogs are sitting by the door,2,7,male,train,,3.8371666666666666,48000,1,184184,PCM_16,8b9baf09b4bd2986fb8bbfef8d0862b5
C:\Emotion detection\-Emotion-Recognition-from-Speech\data\raw\RAVDESS\Actor_07\03-01-05-01-01-01-07.wav,03-01-05-01-01-01-07.wav,03,01,05,angry,normal,Kids are talking by the door,1,7,male,train,,4.004,48000,1,192192,PCM_16,d6cd617018059cd2a2ed8a8e03c1a90a
C:\Emotion detection\-Emotion-Recognition-from-Speech\data\raw\RAVDESS\Actor_07\03-01-05-01-01-02-07.wav,03-01-05-01-01-02-07.wav,03,01,05,angry,normal,Kids are talking by the door,2,7,male,train,,3.970645833333333,48000,1,190591,PCM_16,081f31d1c4ced102e800796a973695ed
C:\Emotion detection\-Emotion-Recognition-from-Speech\data\raw\RAVDESS\Actor_07\03-01-05-01-02-01-07.wav,03-01-05-01-02-01-07.wav,03,01,05,angry,normal,Dogs are sitting by the door,1,7,male,train,,4.004,48000,1,192192,PCM_16,f881b2aabf11a25eeece290d104c5ca9
C:\Emotion detection\-Emotion-Recognition-from-Speech\data\raw\RAVDESS\Actor_07\03-01-05-01-02-02-07.wav,03-01-05-01-02-02-07.wav,03,01,05,angry,normal,Dogs are sitting by the door,2,7,male,train,,4.004,48000,1,192192,PCM_16,624b24f73a5fc1f52dbe8d5a9fcf6cbe
C:\Emotion detection\-Emotion-Recognition-from-Speech\data\raw\RAVDESS\Actor_07\03-01-05-02-01-01-07.wav,03-01-05-02-01-01-07.wav,03,01,05,angry,strong,Kids are talking by the door,1,7,male,train,,3.6036041666666665,48000,1,172973,PCM_16,6608e938c19603724d0136c1ee665a96
C:\Emotion detection\-Emotion-Recognition-from-Speech\data\raw\RAVDESS\Actor_07\03-01-05-02-01-02-07.wav,03-01-05-02-01-02-07.wav,03,01,05,angry,strong,Kids are talking by the door,2,7,male,train,,4.004,48000,1,192192,PCM_16,437d008820899e79138d2b72af4b9068
C:\Emotion detection\-Emotion-Recognition-from-Speech\data\raw\RAVDESS\Actor_07\03-01-05-02-02-01-07.wav,03-01-05-02-02-01-07.wav,03,01,05,angry,strong,Dogs are sitting by the door,1,7,male,train,,3.8371666666666666,48000,1,184184,PCM_16,2dd0374457e1f7644d6c15f21778e2df
C:\Emotion detection\-Emotion-Recognition-from-Speech\data\raw\RAVDESS\Actor_07\03-01-05-02-02-02-07.wav,03-01-05-02-02-02-07.wav,03,01,05,angry,strong,Dogs are sitting by the door,2,7,male,train,,4.337666666666666,48000,1,208208,PCM_16,afd6372d63ba6b72d64617128b051601
C:\Emotion detection\-Emotion-Recognition-from-Speech\data\raw\RAVDESS\Actor_07\03-01-06-01-01-01-07.wav,03-01-06-01-01-01-07.wav,03,01,06,fearful,normal,Kids are talking by the door,1,7,male,train,,3.4367708333333336,48000,1,164965,PCM_16,317533afdcd2b1e871472ead32746abd
C:\Emotion detection\-Emotion-Recognition-from-Speech\data\raw\RAVDESS\Actor_07\03-01-06-01-01-02-07.wav,03-01-06-01-01-02-07.wav,03,01,06,fearful,normal,Kids are talking by the door,2,7,male,train,,3.5035,48000,1,168168,PCM_16,a28db1dd1a2ae5db27d2ec6835d3775e
C:\Emotion detection\-Emotion-Recognition-from-Speech\data\raw\RAVDESS\Actor_07\03-01-06-01-02-01-07.wav,03-01-06-01-02-01-07.wav,03,01,06,fearful,normal,Dogs are sitting by the door,1,7,male,train,,3.4367708333333336,48000,1,164965,PCM_16,a0cbf2b0b8c92730e9e581d15307da85
C:\Emotion detection\-Emotion-Recognition-from-Speech\data\raw\RAVDESS\Actor_07\03-01-06-01-02-02-07.wav,03-01-06-01-02-02-07.wav,03,01,06,fearful,normal,Dogs are sitting by the door,2,7,male,train,,3.370041666666667,48000,1,161762,PCM_16,64505bce1ad2ab5af1f2be7b53568290
C:\Emotion detection\-Emotion-Recognition-from-Speech\data\raw\RAVDESS\Actor_07\03-01-06-02-01-01-07.wav,03-01-06-02-01-01-07.wav,03,01,06,fearful,strong,Kids are talking by the door,1,7,male,train,,3.636979166666667,48000,1,174575,PCM_16,8f45c6e9fecfeffa1ec82738053059b0
C:\Emotion detection\-Emotion-Recognition-from-Speech\data\raw\RAVDESS\Actor_07\03-01-06-02-01-02-07.wav,03-01-06-02-01-02-07.wav,03,01,06,fearful,strong,Kids are talking by the door,2,7,male,train,,3.470125,48000,1,166566,PCM_16,7b5b57fdd4df54f314327bf7e2cd36c8
C:\Emotion detection\-Emotion-Recognition-from-Speech\data\raw\RAVDESS\Actor_07\03-01-06-02-02-01-07.wav,03-01-06-02-02-01-07.wav,03,01,06,fearful,strong,Dogs are sitting by the door,1,7,male,train,,3.403395833333333,48000,1,163363,PCM_16,72d7f0e5334878dcff06bc46f2b7e7df
C:\Emotion detection\-Emotion-Recognition-from-Speech\data\raw\RAVDESS\Actor_07\03-01-06-02-02-02-07.wav,03-01-06-02-02-02-07.wav,03,01,06,fearful,strong,Dogs are sitting by the door,2,7,male,train,,3.5035,48000,1,168168,PCM_16,ccd16ae07404b238e897eb8f0c18c666
C:\Emotion detection\-Emotion-Recognition-from-Speech\data\raw\RAVDESS\Actor_07\03-01-07-01-01-01-07.wav,03-01-07-01-01-01-07.wav,03,01,07,disgust,normal,Kids are talking by the door,1,7,male,train,,3.5368541666666666,48000,1,169769,PCM_16,09c0920da5cb511504867f5a8cd0dbb6
C:\Emotion detection\-Emotion-Recognition-from-Speech\data\raw\RAVDESS\Actor_07\03-01-07-01-01-02-07.wav,03-01-07-01-01-02-07.wav,03,01,07,disgust,normal,Kids are talking by the door,2,7,male,train,,3.5035,48000,1,168168,PCM_16,57334842f511befc601da228751c3deb
C:\Emotion detection\-Emotion-Recognition-from-Speech\data\raw\RAVDESS\Actor_07\03-01-07-01-02-01-07.wav,03-01-07-01-02-01-07.wav,03,01,07,disgust,normal,Dogs are sitting by the door,1,7,male,train,,3.4367708333333336,48000,1,164965,PCM_16,71413d2bbc41bfb044de0e680c13cdf2
C:\Emotion detection\-Emotion-Recognition-from-Speech\data\raw\RAVDESS\Actor_07\03-01-07-01-02-02-07.wav,03-01-07-01-02-02-07.wav,03,01,07,disgust,normal,Dogs are sitting by the door,2,7,male,train,,3.5368541666666666,48000,1,169769,PCM_16,8ca1f90641aec1fe6fd9f684b849f445
C:\Emotion detection\-Emotion-Recognition-from-Speech\data\raw\RAVDESS\Actor_07\03-01-07-02-01-01-07.wav,03-01-07-02-01-01-07.wav,03,01,07,disgust,strong,Kids are talking by the door,1,7,male,train,,4.137479166666667,48000,1,198599,PCM_16,2a2f448a0fdb5b043b9964aa083fa070
C:\Emotion detection\-Emotion-Recognition-from-Speech\data\raw\RAVDESS\Actor_07\03-01-07-02-01-02-07.wav,03-01-07-02-01-02-07.wav,03,01,07,disgust,strong,Kids are talking by the door,2,7,male,train,,4.404395833333333,48000,1,211411,PCM_16,0d70dfec0203c97430e5d6081379702c
C:\Emotion detection\-Emotion-Recognition-from-Speech\data\raw\RAVDESS\Actor_07\03-01-07-02-02-01-07.wav,03-01-07-02-02-01-07.wav,03,01,07,disgust,strong,Dogs are sitting by the door,1,7,male,train,,4.137458333333333,48000,1,198598,PCM_16,a6c96c4c5641442f5e353ba041156ff4
C:\Emotion detection\-Emotion-Recognition-from-Speech\data\raw\RAVDESS\Actor_07\03-01-07-02-02-02-07.wav,03-01-07-02-02-02-07.wav,03,01,07,disgust,strong,Dogs are sitting by the door,2,7,male,train,,4.771416666666667,48000,1,229028,PCM_16,639a210c7269901d61d40063ebfc60a0
C:\Emotion detection\-Emotion-Recognition-from-Speech\data\raw\RAVDESS\Actor_07\03-01-08-01-01-01-07.wav,03-01-08-01-01-01-07.wav,03,01,08,surprised,normal,Kids are talking by the door,1,7,male,train,,3.470125,48000,1,166566,PCM_16,ed45af95773196fbd05a77ef20128652
C:\Emotion detection\-Emotion-Recognition-from-Speech\data\raw\RAVDESS\Actor_07\03-01-08-01-01-02-07.wav,03-01-08-01-01-02-07.wav,03,01,08,surprised,normal,Kids are talking by the door,2,7,male,train,,3.536875,48000,1,169770,PCM_16,a101106d6b82521078f2c75a559509be
C:\Emotion detection\-Emotion-Recognition-from-Speech\data\raw\RAVDESS\Actor_07\03-01-08-01-02-01-07.wav,03-01-08-01-02-01-07.wav,03,01,08,surprised,normal,Dogs are sitting by the door,1,7,male,train,,3.4367708333333336,48000,1,164965,PCM_16,00a03fa81ef446d5756c77c19c799f8b
C:\Emotion detection\-Emotion-Recognition-from-Speech\data\raw\RAVDESS\Actor_07\03-01-08-01-02-02-07.wav,03-01-08-01-02-02-07.wav,03,01,08,surprised,normal,Dogs are sitting by the door,2,7,male,train,,3.4367708333333336,48000,1,164965,PCM_16,e221c227a73f2230bcd8e2880515b422
C:\Emotion detection\-Emotion-Recognition-from-Speech\data\raw\RAVDESS\Actor_07\03-01-08-02-01-01-07.wav,03-01-08-02-01-01-07.wav,03,01,08,surprised,strong,Kids are talking by the door,1,7,male,train,,3.8705416666666665,48000,1,185786,PCM_16,0a97af78bb13c3586ea5c27ec9a917c9
C:\Emotion detection\-Emotion-Recognition-from-Speech\data\raw\RAVDESS\Actor_07\03-01-08-02-01-02-07.wav,03-01-08-02-01-02-07.wav,03,01,08,surprised,strong,Kids are talking by the door,2,7,male,train,,3.6369583333333333,48000,1,174574,PCM_16,03a5c045e8318d21f0fba6f785873106
C:\Emotion detection\-Emotion-Recognition-from-Speech\data\raw\RAVDESS\Actor_07\03-01-08-02-02-01-07.wav,03-01-08-02-02-01-07.wav,03,01,08,surprised,strong,Dogs are sitting by the door,1,7,male,train,,3.4367708333333336,48000,1,164965,PCM_16,fc07f4a4633234d169a28840d2f47751
C:\Emotion detection\-Emotion-Recognition-from-Speech\data\raw\RAVDESS\Actor_07\03-01-08-02-02-02-07.wav,03-01-08-02-02-02-07.wav,03,01,08,surprised,strong,Dogs are sitting by the door,2,7,male,train,,3.470125,48000,1,166566,PCM_16,7251e0b51cd99e8c8ba2e31470ae88d3
C:\Emotion detection\-Emotion-Recognition-from-Speech\data\raw\RAVDESS\Actor_08\03-01-01-01-01-01-08.wav,03-01-01-01-01-01-08.wav,03,01,01,neutral,normal,Kids are talking by the door,1,8,female,train,,3.5035,48000,1,168168,PCM_16,b6d42020d9649f18bbd8302f2dcf28e0
C:\Emotion detection\-Emotion-Recognition-from-Speech\data\raw\RAVDESS\Actor_08\03-01-01-01-01-02-08.wav,03-01-01-01-01-02-08.wav,03,01,01,neutral,normal,Kids are talking by the door,2,8,female,train,,3.636979166666667,48000,1,174575,PCM_16,ee535f8d4db8485e0d879dccee704c37
C:\Emotion detection\-Emotion-Recognition-from-Speech\data\raw\RAVDESS\Actor_08\03-01-01-01-02-01-08.wav,03-01-01-01-02-01-08.wav,03,01,01,neutral,normal,Dogs are sitting by the door,1,8,female,train,,3.5368541666666666,48000,1,169769,PCM_16,c6d2474cf8ab841b6075fa86495ee935
C:\Emotion detection\-Emotion-Recognition-from-Speech\data\raw\RAVDESS\Actor_08\03-01-01-01-02-02-08.wav,03-01-01-01-02-02-08.wav,03,01,01,neutral,normal,Dogs are sitting by the door,2,8,female,train,,3.5035,48000,1,168168,PCM_16,95ae4c6ce8e31b2852e659db46504cc6
C:\Emotion detection\-Emotion-Recognition-from-Speech\data\raw\RAVDESS\Actor_08\03-01-02-01-01-01-08.wav,03-01-02-01-01-01-08.wav,03,01,02,calm,normal,Kids are talking by the door,1,8,female,train,,3.6036041666666665,48000,1,172973,PCM_16,4e2fa839faca2395fd75196d12f73f3f
C:\Emotion detection\-Emotion-Recognition-from-Speech\data\raw\RAVDESS\Actor_08\03-01-02-01-01-02-08.wav,03-01-02-01-01-02-08.wav,03,01,02,calm,normal,Kids are talking by the door,2,8,female,train,,3.4034166666666668,48000,1,163364,PCM_16,8acc3e8b25d3074367b806e43c1b157b
C:\Emotion detection\-Emotion-Recognition-from-Speech\data\raw\RAVDESS\Actor_08\03-01-02-01-02-01-08.wav,03-01-02-01-02-01-08.wav,03,01,02,calm,normal,Dogs are sitting by the door,1,8,female,train,,3.470125,48000,1,166566,PCM_16,2021300ab2518018fd7cfc901e2171d0
C:\Emotion detection\-Emotion-Recognition-from-Speech\data\raw\RAVDESS\Actor_08\03-01-02-01-02-02-08.wav,03-01-02-01-02-02-08.wav,03,01,02,calm,normal,Dogs are sitting by the door,2,8,female,train,,3.470125,48000,1,166566,PCM_16,edb728a12ab51f1fcc1da7e055c795e0
C:\Emotion detection\-Emotion-Recognition-from-Speech\data\raw\RAVDESS\Actor_08\03-01-02-02-01-01-08.wav,03-01-02-02-01-01-08.wav,03,01,02,calm,strong,Kids are talking by the door,1,8,female,train,,3.6369583333333333,48000,1,174574,PCM_16,5b377162170e65ec78f58878ff4f34f6
C:\Emotion detection\-Emotion-Recognition-from-Speech\data\raw\RAVDESS\Actor_08\03-01-02-02-01-02-08.wav,03-01-02-02-01-02-08.wav,03,01,02,calm,strong,Kids are talking by the door,2,8,female,train,,3.7370625,48000,1,179379,PCM_16,4ae11dfcdd270a7633057c4eb2c71de3
C:\Emotion detection\-Emotion-Recognition-from-Speech\data\raw\RAVDESS\Actor_08\03-01-02-02-02-01-08.wav,03-01-02-02-02-01-08.wav,03,01,02,calm,strong,Dogs are sitting by the door,1,8,female,train,,3.6703333333333332,48000,1,176176,PCM_16,aeb5c9e8df27462f6edb8dd5c295c8c5
C:\Emotion detection\-Emotion-Recognition-from-Speech\data\raw\RAVDESS\Actor_08\03-01-02-02-02-02-08.wav,03-01-02-02-02-02-08.wav,03,01,02,calm,strong,Dogs are sitting by the door,2,8,female,train,,3.8038125,48000,1,182583,PCM_16,35b8f2a61447d53b045ca2a21d5156af
C:\Emotion detection\-Emotion-Recognition-from-Speech\data\raw\RAVDESS\Actor_08\03-01-03-01-01-01-08.wav,03-01-03-01-01-01-08.wav,03,01,03,happy,normal,Kids are talking by the door,1,8,female,train,,3.5035,48000,1,168168,PCM_16,0983cd77c2d614a8953dae6730d39f43
C:\Emotion detection\-Emotion-Recognition-from-Speech\data\raw\RAVDESS\Actor_08\03-01-03-01-01-02-08.wav,03-01-03-01-01-02-08.wav,03,01,03,happy,normal,Kids are talking by the door,2,8,female,train,,3.43675,48000,1,164964,PCM_16,b216a3f3772770f4ee01e8410fd728b6
C:\Emotion detection\-Emotion-Recognition-from-Speech\data\raw\RAVDESS\Actor_08\03-01-03-01-02-01-08.wav,03-01-03-01-02-01-08.wav,03,01,03,happy,normal,Dogs are sitting by the door,1,8,female,train,,3.470125,48000,1,166566,PCM_16,0b5b22aaa695655b34ba166bdcd8ca41
C:\Emotion detection\-Emotion-Recognition-from-Speech\data\raw\RAVDESS\Actor_08\03-01-03-01-02-02-08.wav,03-01-03-01-02-02-08.wav,03,01,03,happy,normal,Dogs are sitting by the door,2,8,female,train,,3.4367708333333336,48000,1,164965,PCM_16,c3d3129fbe7fa575c7fc84a16cbe6ecb
C:\Emotion detection\-Emotion-Recognition-from-Speech\data\raw\RAVDESS\Actor_08\03-01-03-02-01-01-08.wav,03-01-03-02-01-01-08.wav,03,01,03,happy,strong,Kids are talking by the door,1,8,female,train,,3.7704166666666667,48000,1,180980,PCM_16,5a77f40da92032ac36f2d99a958a6fed
C:\Emotion detection\-Emotion-Recognition-from-Speech\data\raw\RAVDESS\Actor_08\03-01-03-02-01-02-08.wav,03-01-03-02-01-02-08.wav,03,01,03,happy,strong,Kids are talking by the door,2,8,female,train,,3.9038958333333333,48000,1,187387,PCM_16,4a943d8a6ac2d049ea18a4aea7c013df
C:\Emotion detection\-Emotion-Recognition-from-Speech\data\raw\RAVDESS\Actor_08\03-01-03-02-02-01-08.wav,03-01-03-02-02-01-08.wav,03,01,03,happy,strong,Dogs are sitting by the door,1,8,female,train,,3.8371666666666666,48000,1,184184,PCM_16,6a1d7009f2b6fd80a0c4aaa22fd641d5
C:\Emotion detection\-Emotion-Recognition-from-Speech\data\raw\RAVDESS\Actor_08\03-01-03-02-02-02-08.wav,03-01-03-02-02-02-08.wav,03,01,03,happy,strong,Dogs are sitting by the door,2,8,female,train,,3.9372708333333333,48000,1,188989,PCM_16,4db950e106f38b7a224ecbf84782ab3d
C:\Emotion detection\-Emotion-Recognition-from-Speech\data\raw\RAVDESS\Actor_08\03-01-04-01-01-01-08.wav,03-01-04-01-01-01-08.wav,03,01,04,sad,normal,Kids are talking by the door,1,8,female,train,,4.204208333333334,48000,1,201802,PCM_16,a457f11e85425a91b39ee0dda812bfb9
C:\Emotion detection\-Emotion-Recognition-from-Speech\data\raw\RAVDESS\Actor_08\03-01-04-01-01-02-08.wav,03-01-04-01-01-02-08.wav,03,01,04,sad,normal,Kids are talking by the door,2,8,female,train,,3.8705208333333334,48000,1,185785,PCM_16,7b87c69109f0a35590591f800a0d7f67
C:\Emotion detection\-Emotion-Recognition-from-Speech\data\raw\RAVDESS\Actor_08\03-01-04-01-02-01-08.wav,03-01-04-01-02-01-08.wav,03,01,04,sad,normal,Dogs are sitting by the door,1,8,female,train,,3.57025,48000,1,171372,PCM_16,9fd5d813fae2f601b595bd4f436d273c
C:\Emotion detection\-Emotion-Recognition-from-Speech\data\raw\RAVDESS\Actor_08\03-01-04-01-02-02-08.wav,03-01-04-01-02-02-08.wav,03,01,04,sad,normal,Dogs are sitting by the door,2,8,female,train,,3.6036041666666665,48000,1,172973,PCM_16,d62bad3208143cd3472b53c08efc3878
C:\Emotion detection\-Emotion-Recognition-from-Speech\data\raw\RAVDESS\Actor_08\03-01-04-02-01-01-08.wav,03-01-04-02-01-01-08.wav,03,01,04,sad,strong,Kids are talking by the door,1,8,female,train,,3.7704166666666667,48000,1,180980,PCM_16,8f41805104d3ab5fa6953b5906ba8c2c
C:\Emotion detection\-Emotion-Recognition-from-Speech\data\raw\RAVDESS\Actor_08\03-01-04-02-01-02-08.wav,03-01-04-02-01-02-08.wav,03,01,04,sad,strong,Kids are talking by the door,2,8,female,train,,3.9372708333333333,48000,1,188989,PCM_16,e2b3bbde38296d2a4b8f1ac9c42ddcd0
C:\Emotion detection\-Emotion-Recognition-from-Speech\data\raw\RAVDESS\Actor_08\03-01-04-02-02-01-08.wav,03-01-04-02-02-01-08.wav,03,01,04,sad,strong,Dogs are sitting by the door,1,8,female,train,,3.6703333333333332,48000,1,176176,PCM_16,34a2aaa96fb82e7bf6a01233d96ac83f
C:\Emotion detection\-Emotion-Recognition-from-Speech\data\raw\RAVDESS\Actor_08\03-01-04-02-02-02-08.wav,03-01-04-02-02-02-08.wav,03,01,04,sad,strong,Dogs are sitting by the door,2,8,female,train,,3.703708333333333,48000,1,177778,PCM_16,3b4cbd9f420e8e721a804eaa0f7d51b9
C:\Emotion detection\-Emotion-Recognition-from-Speech\data\raw\RAVDESS\Actor_08\03-01-05-01-01-01-08.wav,03-01-05-01-01-01-08.wav,03,01,05,angry,normal,Kids are talking by the door,1,8,female,train,,3.703708333333333,48000,1,177778,PCM_16,93d729b3b85d446da4825a7e42dbf780
C:\Emotion detection\-Emotion-Recognition-from-Speech\data\raw\RAVDESS\Actor_08\03-01-05-01-01-02-08.wav,03-01-05-01-01-02-08.wav,03,01,05,angry,normal,Kids are talking by the door,2,8,female,train,,3.6036041666666665,48000,1,172973,PCM_16,4f634ceb1dcce5a91f29b684d846b0e0
C:\Emotion detection\-Emotion-Recognition-from-Speech\data\raw\RAVDESS\Actor_08\03-01-05-01-02-01-08.wav,03-01-05-01-02-01-08.wav,03,01,05,angry,normal,Dogs are sitting by the door,1,8,female,train,,3.536875,48000,1,169770,PCM_16,3d8d631ad716fc2803eb797f6e3faee5
C:\Emotion detection\-Emotion-Recognition-from-Speech\data\raw\RAVDESS\Actor_08\03-01-05-01-02-02-08.wav,03-01-05-01-02-02-08.wav,03,01,05,angry,normal,Dogs are sitting by the door,2,8,female,train,,3.5702291666666666,48000,1,171371,PCM_16,49b1e7b48e4fac4bd27700d31501b0cd
C:\Emotion detection\-Emotion-Recognition-from-Speech\data\raw\RAVDESS\Actor_08\03-01-05-02-01-01-08.wav,03-01-05-02-01-01-08.wav,03,01,05,angry,strong,Kids are talking by the door,1,8,female,train,,3.970625,48000,1,190590,PCM_16,a0ca5714d497879c5d7055b1246e51bc
C:\Emotion detection\-Emotion-Recognition-from-Speech\data\raw\RAVDESS\Actor_08\03-01-05-02-01-02-08.wav,03-01-05-02-01-02-08.wav,03,01,05,angry,strong,Kids are talking by the door,2,8,female,train,,3.7704375,48000,1,180981,PCM_16,2aeea135f82277f86c7b43b3f7452ece
C:\Emotion detection\-Emotion-Recognition-from-Speech\data\raw\RAVDESS\Actor_08\03-01-05-02-02-01-08.wav,03-01-05-02-02-01-08.wav,03,01,05,angry,strong,Dogs are sitting by the door,1,8,female,train,,3.6036041666666665,48000,1,172973,PCM_16,6c13fbb52057f7a21f4f780705483b0f
C:\Emotion detection\-Emotion-Recognition-from-Speech\data\raw\RAVDESS\Actor_08\03-01-05-02-02-02-08.wav,03-01-05-02-02-02-08.wav,03,01,05,angry,strong,Dogs are sitting by the door,2,8,female,train,,3.6369583333333333,48000,1,174574,PCM_16,e470f416d4ff71d0dc3459de3070345e
C:\Emotion detection\-Emotion-Recognition-from-Speech\data\raw\RAVDESS\Actor_08\03-01-06-01-01-01-08.wav,03-01-06-01-01-01-08.wav,03,01,06,fearful,normal,Kids are talking by the door,1,8,female,train,,3.970645833333333,48000,1,190591,PCM_16,4080fac981c2ccb91d238fb93f70cf61
C:\Emotion detection\-Emotion-Recognition-from-Speech\data\raw\RAVDESS\Actor_08\03-01-06-01-01-02-08.wav,03-01-06-01-01-02-08.wav,03,01,06,fearful,normal,Kids are talking by the door,2,8,female,train,,3.6703333333333332,48000,1,176176,PCM_16,3c51db9fae6f41ffaf9ff62092bc961c
C:\Emotion detection\-Emotion-Recognition-from-Speech\data\raw\RAVDESS\Actor_08\03-01-06-01-02-01-08.wav,03-01-06-01-02-01-08.wav,03,01,06,fearful,normal,Dogs are sitting by the door,1,8,female,train,,3.7704375,48000,1,180981,PCM_16,12b48746a6a4469737cc9f1a4fe71e76
C:\Emotion detection\-Emotion-Recognition-from-Speech\data\raw\RAVDESS\Actor_08\03-01-06-01-02-02-08.wav,03-01-06-01-02-02-08.wav,03,01,06,fearful,normal,Dogs are sitting by the door,2,8,female,train,,3.6703333333333332,48000,1,176176,PCM_16,84d0e72eaef61f1ce093bed79a775ae1
C:\Emotion detection\-Emotion-Recognition-from-Speech\data\raw\RAVDESS\Actor_08\03-01-06-02-01-01-08.wav,03-01-06-02-01-01-08.wav,03,01,06,fearful,strong,Kids are talking by the door,1,8,female,train,,3.970625,48000,1,190590,PCM_16,a1189956342acef1539804099e021da5
C:\Emotion detection\-Emotion-Recognition-from-Speech\data\raw\RAVDESS\Actor_08\03-01-06-02-01-02-08.wav,03-01-06-02-01-02-08.wav,03,01,06,fearful,strong,Kids are talking by the door,2,8,female,train,,3.9038958333333333,48000,1,187387,PCM_16,66430774301829d02f2fd7e1db1c8824
C:\Emotion detection\-Emotion-Recognition-from-Speech\data\raw\RAVDESS\Actor_08\03-01-06-02-02-01-08.wav,03-01-06-02-02-01-08.wav,03,01,06,fearful,strong,Dogs are sitting by the door,1,8,female,train,,3.8705208333333334,48000,1,185785,PCM_16,83651d5ee7442b4bd975bf49865bf9bb
C:\Emotion detection\-Emotion-Recognition-from-Speech\data\raw\RAVDESS\Actor_08\03-01-06-02-02-02-08.wav,03-01-06-02-02-02-08.wav,03,01,06,fearful,strong,Dogs are sitting by the door,2,8,female,train,,3.9372708333333333,48000,1,188989,PCM_16,e8a87e0a31ebe38ce5714cdcd3dfedc1
C:\Emotion detection\-Emotion-Recognition-from-Speech\data\raw\RAVDESS\Actor_08\03-01-07-01-01-01-08.wav,03-01-07-01-01-01-08.wav,03,01,07,disgust,normal,Kids are talking by the door,1,8,female,train,,3.9038958333333333,48000,1,187387,PCM_16,90cab3625b5265b99cf625b55263f021
C:\Emotion detection\-Emotion-Recognition-from-Speech\data\raw\RAVDESS\Actor_08\03-01-07-01-01-02-08.wav,03-01-07-01-01-02-08.wav,03,01,07,disgust,normal,Kids are talking by the door,2,8,female,train,,3.6703333333333332,48000,1,176176,PCM_16,a24e0c8913a5742cbe5eab2372fa7359
C:\Emotion detection\-Emotion-Recognition-from-Speech\data\raw\RAVDESS\Actor_08\03-01-07-01-02-01-08.wav,03-01-07-01-02-01-08.wav,03,01,07,disgust,normal,Dogs are sitting by the door,1,8,female,train,,3.9372708333333333,48000,1,188989,PCM_16,92f37fb73a5079ad9c93faa6c4cc77b4
C:\Emotion detection\-Emotion-Recognition-from-Speech\data\raw\RAVDESS\Actor_08\03-01-07-01-02-02-08.wav,03-01-07-01-02-02-08.wav,03,01,07,disgust,normal,Dogs are sitting by the door,2,8,female,train,,3.8371666666666666,48000,1,184184,PCM_16,3e6ef8d268c91cb6974fc5bb6b548f76
C:\Emotion detection\-Emotion-Recognition-from-Speech\data\raw\RAVDESS\Actor_08\03-01-07-02-01-01-08.wav,03-01-07-02-01-01-08.wav,03,01,07,disgust,strong,Kids are talking by the door,1,8,female,train,,4.070729166666666,48000,1,195395,PCM_16,94a92b74eecd491ea75d356164b0d949
C:\Emotion detection\-Emotion-Recognition-from-Speech\data\raw\RAVDESS\Actor_08\03-01-07-02-01-02-08.wav,03-01-07-02-01-02-08.wav,03,01,07,disgust,strong,Kids are talking by the door,2,8,female,train,,3.7704375,48000,1,180981,PCM_16,ff634ab165804b1785a9a9ca5491710d
C:\Emotion detection\-Emotion-Recognition-from-Speech\data\raw\RAVDESS\Actor_08\03-01-07-02-02-01-08.wav,03-01-07-02-02-01-08.wav,03,01,07,disgust,strong,Dogs are sitting by the door,1,8,female,train,,3.7370833333333335,48000,1,179380,PCM_16,419267ce79d1d9382edaa8821fd9923d
C:\Emotion detection\-Emotion-Recognition-from-Speech\data\raw\RAVDESS\Actor_08\03-01-07-02-02-02-08.wav,03-01-07-02-02-02-08.wav,03,01,07,disgust,strong,Dogs are sitting by the door,2,8,female,train,,3.8705208333333334,48000,1,185785,PCM_16,cb65b499eb583bcf2615936d511c99b7
C:\Emotion detection\-Emotion-Recognition-from-Speech\data\raw\RAVDESS\Actor_08\03-01-08-01-01-01-08.wav,03-01-08-01-01-01-08.wav,03,01,08,surprised,normal,Kids are talking by the door,1,8,female,train,,3.703708333333333,48000,1,177778,PCM_16,b0823a8364a98c1696cbf2345dec1468
C:\Emotion detection\-Emotion-Recognition-from-Speech\data\raw\RAVDESS\Actor_08\03-01-08-01-01-02-08.wav,03-01-08-01-01-02-08.wav,03,01,08,surprised,normal,Kids are talking by the door,2,8,female,train,,3.8037916666666667,48000,1,182582,PCM_16,48ee98f170108cce12962b51c405c438
C:\Emotion detection\-Emotion-Recognition-from-Speech\data\raw\RAVDESS\Actor_08\03-01-08-01-02-01-08.wav,03-01-08-01-02-01-08.wav,03,01,08,surprised,normal,Dogs are sitting by the door,1,8,female,train,,3.7704375,48000,1,180981,PCM_16,d44fd7924aeb56234f65dbf368df2be8
C:\Emotion detection\-Emotion-Recognition-from-Speech\data\raw\RAVDESS\Actor_08\03-01-08-01-02-02-08.wav,03-01-08-01-02-02-08.wav,03,01,08,surprised,normal,Dogs are sitting by the door,2,8,female,train,,3.536875,48000,1,169770,PCM_16,d536ade22d6439ce71700c780802232b
C:\Emotion detection\-Emotion-Recognition-from-Speech\data\raw\RAVDESS\Actor_08\03-01-08-02-01-01-08.wav,03-01-08-02-01-01-08.wav,03,01,08,surprised,strong,Kids are talking by the door,1,8,female,train,,3.8371666666666666,48000,1,184184,PCM_16,e4d54df2e903f4cd80472424619487d0
C:\Emotion detection\-Emotion-Recognition-from-Speech\data\raw\RAVDESS\Actor_08\03-01-08-02-01-02-08.wav,03-01-08-02-01-02-08.wav,03,01,08,surprised,strong,Kids are talking by the door,2,8,female,train,,3.7036875,48000,1,177777,PCM_16,b14d70e8825c706ab5b7acd8c0991cb4
C:\Emotion detection\-Emotion-Recognition-from-Speech\data\raw\RAVDESS\Actor_08\03-01-08-02-02-01-08.wav,03-01-08-02-02-01-08.wav,03,01,08,surprised,strong,Dogs are sitting by the door,1,8,female,train,,3.8037916666666667,48000,1,182582,PCM_16,e7a5af4e97b77bf0464edfd935e1bf1b
C:\Emotion detection\-Emotion-Recognition-from-Speech\data\raw\RAVDESS\Actor_08\03-01-08-02-02-02-08.wav,03-01-08-02-02-02-08.wav,03,01,08,surprised,strong,Dogs are sitting by the door,2,8,female,train,,3.8705416666666665,48000,1,185786,PCM_16,32b02040404aabf4ea24ab91675b24b5
C:\Emotion detection\-Emotion-Recognition-from-Speech\data\raw\RAVDESS\Actor_09\03-01-01-01-01-01-09.wav,03-01-01-01-01-01-09.wav,03,01,01,neutral,normal,Kids are talking by the door,1,9,male,train,,3.2699375,48000,1,156957,PCM_16,51c26fd9edf1e812c84b2ce5eb2594d2
C:\Emotion detection\-Emotion-Recognition-from-Speech\data\raw\RAVDESS\Actor_09\03-01-01-01-01-02-09.wav,03-01-01-01-01-02-09.wav,03,01,01,neutral,normal,Kids are talking by the door,2,9,male,train,,3.2032083333333334,48000,1,153754,PCM_16,0e4b54412faf76c0dff684dbcae155ec
C:\Emotion detection\-Emotion-Recognition-from-Speech\data\raw\RAVDESS\Actor_09\03-01-01-01-02-01-09.wav,03-01-01-01-02-01-09.wav,03,01,01,neutral,normal,Dogs are sitting by the door,1,9,male,train,,3.3366666666666664,48000,1,160160,PCM_16,21004bf668f283f4fc7409d9b871c45d
C:\Emotion detection\-Emotion-Recognition-from-Speech\data\raw\RAVDESS\Actor_09\03-01-01-01-02-02-09.wav,03-01-01-01-02-02-09.wav,03,01,01,neutral,normal,Dogs are sitting by the door,2,9,male,train,,3.2365833333333334,48000,1,155356,PCM_16,bef9ab9f023f4b8055a7537bd294c51b
C:\Emotion detection\-Emotion-Recognition-from-Speech\data\raw\RAVDESS\Actor_09\03-01-02-01-01-01-09.wav,03-01-02-01-01-01-09.wav,03,01,02,calm,normal,Kids are talking by the door,1,9,male,train,,3.3366666666666664,48000,1,160160,PCM_16,5fb233b45d9aae4868789b54304daead
C:\Emotion detection\-Emotion-Recognition-from-Speech\data\raw\RAVDESS\Actor_09\03-01-02-01-01-02-09.wav,03-01-02-01-01-02-09.wav,03,01,02,calm,normal,Kids are talking by the door,2,9,male,train,,3.3366666666666664,48000,1,160160,PCM_16,c74b15e8cc4e5b79ebbf5ca033ae7e84
C:\Emotion detection\-Emotion-Recognition-from-Speech\data\raw\RAVDESS\Actor_09\03-01-02-01-02-01-09.wav,03-01-02-01-02-01-09.wav,03,01,02,calm,normal,Dogs are sitting by the door,1,9,male,train,,3.4701458333333335,48000,1,166567,PCM_16,50279f344835548e69c636eecd54659b
C:\Emotion detection\-Emotion-Recognition-from-Speech\data\raw\RAVDESS\Actor_09\03-01-02-01-02-02-09.wav,03-01-02-01-02-02-09.wav,03,01,02,calm,normal,Dogs are sitting by the door,2,9,male,train,,3.5702291666666666,48000,1,171371,PCM_16,c5823751a689778d78cbc7cdd69e4312
C:\Emotion detection\-Emotion-Recognition-from-Speech\data\raw\RAVDESS\Actor_09\03-01-02-02-01-01-09.wav,03-01-02-02-01-01-09.wav,03,01,02,calm,strong,Kids are talking by the door,1,9,male,train,,3.3366666666666664,48000,1,160160,PCM_16,33a158619fba32ae23b9f5bba248ca31
C:\Emotion detection\-Emotion-Recognition-from-Speech\data\raw\RAVDESS\Actor_09\03-01-02-02-01-02-09.wav,03-01-02-02-01-02-09.wav,03,01,02,calm,strong,Kids are talking by the door,2,9,male,train,,3.4367708333333336,48000,1,164965,PCM_16,a96a168140fc82ed08e61f8dd3aa480f
C:\Emotion detection\-Emotion-Recognition-from-Speech\data\raw\RAVDESS\Actor_09\03-01-02-02-02-01-09.wav,03-01-02-02-02-01-09.wav,03,01,02,calm,strong,Dogs are sitting by the door,1,9,male,train,,3.8037916666666667,48000,1,182582,PCM_16,1c02bf78d8c83c709c5f759ea1a2ee88
C:\Emotion detection\-Emotion-Recognition-from-Speech\data\raw\RAVDESS\Actor_09\03-01-02-02-02-02-09.wav,03-01-02-02-02-02-09.wav,03,01,02,calm,strong,Dogs are sitting by the door,2,9,male,train,,3.636979166666667,48000,1,174575,PCM_16,4f14e3d8a69fc73b24191fef13411092
C:\Emotion detection\-Emotion-Recognition-from-Speech\data\raw\RAVDESS\Actor_09\03-01-03-01-01-01-09.wav,03-01-03-01-01-01-09.wav,03,01,03,happy,normal,Kids are talking by the door,1,9,male,train,,3.3366666666666664,48000,1,160160,PCM_16,c133f5773bb5b31dd1cba239d6c1278f
C:\Emotion detection\-Emotion-Recognition-from-Speech\data\raw\RAVDESS\Actor_09\03-01-03-01-01-02-09.wav,03-01-03-01-01-02-09.wav,03,01,03,happy,normal,Kids are talking by the door,2,9,male,train,,3.5368541666666666,48000,1,169769,PCM_16,014586c559bb5395259747d7757018a7
C:\Emotion detection\-Emotion-Recognition-from-Speech\data\raw\RAVDESS\Actor_09\03-01-03-01-02-01-09.wav,03-01-03-01-02-01-09.wav,03,01,03,happy,normal,Dogs are sitting by the door,1,9,male,train,,3.3032916666666665,48000,1,158558,PCM_16,39ee1d700e2fb53a59e58348a5d693d6
C:\Emotion detection\-Emotion-Recognition-from-Speech\data\raw\RAVDESS\Actor_09\03-01-03-01-02-02-09.wav,03-01-03-01-02-02-09.wav,03,01,03,happy,normal,Dogs are sitting by the door,2,9,male,train,,3.4701458333333335,48000,1,166567,PCM_16,f64b12a2155ae49e2712118f41e5d9fd
C:\Emotion detection\-Emotion-Recognition-from-Speech\data\raw\RAVDESS\Actor_09\03-01-03-02-01-01-09.wav,03-01-03-02-01-01-09.wav,03,01,03,happy,strong,Kids are talking by the door,1,9,male,train,,3.7704375,48000,1,180981,PCM_16,e5ddcab54a7c81209edc97bd947bf0c2
C:\Emotion detection\-Emotion-Recognition-from-Speech\data\raw\RAVDESS\Actor_09\03-01-03-02-01-02-09.wav,03-01-03-02-01-02-09.wav,03,01,03,happy,strong,Kids are talking by the door,2,9,male,train,,4.170833333333333,48000,1,200200,PCM_16,f36f5a58f0c28c562cf28e7ea1027b77
C:\Emotion detection\-Emotion-Recognition-from-Speech\data\raw\RAVDESS\Actor_09\03-01-03-02-02-01-09.wav,03-01-03-02-02-01-09.wav,03,01,03,happy,strong,Dogs are sitting by the door,1,9,male,train,,3.57025,48000,1,171372,PCM_16,d38e663a2bea5cf61742070b23f3ab4c
C:\Emotion detection\-Emotion-Recognition-from-Speech\data\raw\RAVDESS\Actor_09\03-01-03-02-02-02-09.wav,03-01-03-02-02-02-09.wav,03,01,03,happy,strong,Dogs are sitting by the door,2,9,male,train,,3.5702291666666666,48000,1,171371,PCM_16,e428646bdf6f0b3951b5e32f3fc4bdbc
C:\Emotion detection\-Emotion-Recognition-from-Speech\data\raw\RAVDESS\Actor_09\03-01-04-01-01-01-09.wav,03-01-04-01-01-01-09.wav,03,01,04,sad,normal,Kids are talking by the door,1,9,male,train,,3.2699375,48000,1,156957,PCM_16,91f506efe5a5ea93b0843d770124eca3
C:\Emotion detection\-Emotion-Recognition-from-Speech\data\raw\RAVDESS\Actor_09\03-01-04-01-01-02-09.wav,03-01-04-01-01-02-09.wav,03,01,04,sad,normal,Kids are talking by the door,2,9,male,train,,3.43675,48000,1,164964,PCM_16,44022e586e18f0fe082ec0063f2a4e29
C:\Emotion detection\-Emotion-Recognition-from-Speech\data\raw\RAVDESS\Actor_09\03-01-04-01-02-01-09.wav,03-01-04-01-02-01-09.wav,03,01,04,sad,normal,Dogs are sitting by the door,1,9,male,train,,3.403395833333333,48000,1,163363,PCM_16,8ebf483a6adc1b52d5e5bc10a11333f1
C:\Emotion detection\-Emotion-Recognition-from-Speech\data\raw\RAVDESS\Actor_09\03-01-04-01-02-02-09.wav,03-01-04-01-02-02-09.wav,03,01,04,sad,normal,Dogs are sitting by the door,2,9,male,train,,3.4034166666666668,48000,1,163364,PCM_16,8a2042dd50cad613cc36596e41eb9ea8
C:\Emotion detection\-Emotion-Recognition-from-Speech\data\raw\RAVDESS\Actor_09\03-01-04-02-01-01-09.wav,03-01-04-02-01-01-09.wav,03,01,04,sad,strong,Kids are talking by the door,1,9,male,train,,3.9372708333333333,48000,1,188989,PCM_16,3e05af5c2903e6e819e00f87df012f12
C:\Emotion detection\-Emotion-Recognition-from-Speech\data\raw\RAVDESS\Actor_09\03-01-04-02-01-02-09.wav,03-01-04-02-01-02-09.wav,03,01,04,sad,strong,Kids are talking by the door,2,9,male,train,,3.9038958333333333,48000,1,187387,PCM_16,3474698c2c427f1ede5ee09686a9fc83
C:\Emotion detection\-Emotion-Recognition-from-Speech\data\raw\RAVDESS\Actor_09\03-01-04-02-02-01-09.wav,03-01-04-02-02-01-09.wav,03,01,04,sad,strong,Dogs are sitting by the door,1,9,male,train,,3.636979166666667,48000,1,174575,PCM_16,8e3c6e134d9eb6b57618be873934db31
C:\Emotion detection\-Emotion-Recognition-from-Speech\data\raw\RAVDESS\Actor_09\03-01-04-02-02-02-09.wav,03-01-04-02-02-02-09.wav,03,01,04,sad,strong,Dogs are sitting by the door,2,9,male,train,,3.8705416666666665,48000,1,185786,PCM_16,8616cb75060a913af49eebc055ffd812
C:\Emotion detection\-Emotion-Recognition-from-Speech\data\raw\RAVDESS\Actor_09\03-01-05-01-01-01-09.wav,03-01-05-01-01-01-09.wav,03,01,05,angry,normal,Kids are talking by the door,1,9,male,train,,3.5702291666666666,48000,1,171371,PCM_16,9419a1d6b80e86ef19376ec388e381f8
C:\Emotion detection\-Emotion-Recognition-from-Speech\data\raw\RAVDESS\Actor_09\03-01-05-01-01-02-09.wav,03-01-05-01-01-02-09.wav,03,01,05,angry,normal,Kids are talking by the door,2,9,male,train,,3.57025,48000,1,171372,PCM_16,f6a03800671c871c5ef5fae3700d0f00
C:\Emotion detection\-Emotion-Recognition-from-Speech\data\raw\RAVDESS\Actor_09\03-01-05-01-02-01-09.wav,03-01-05-01-02-01-09.wav,03,01,05,angry,normal,Dogs are sitting by the door,1,9,male,train,,3.7370625,48000,1,179379,PCM_16,105ee0ae7a8a601b33634fe1657c8b4f
C:\Emotion detection\-Emotion-Recognition-from-Speech\data\raw\RAVDESS\Actor_09\03-01-05-01-02-02-09.wav,03-01-05-01-02-02-09.wav,03,01,05,angry,normal,Dogs are sitting by the door,2,9,male,train,,3.536875,48000,1,169770,PCM_16,6b3f4683174ace1f8018c20561a112f0
C:\Emotion detection\-Emotion-Recognition-from-Speech\data\raw\RAVDESS\Actor_09\03-01-05-02-01-01-09.wav,03-01-05-02-01-01-09.wav,03,01,05,angry,strong,Kids are talking by the door,1,9,male,train,,3.8038125,48000,1,182583,PCM_16,10910f3c3373256b7108eb536beb44c2
C:\Emotion detection\-Emotion-Recognition-from-Speech\data\raw\RAVDESS\Actor_09\03-01-05-02-01-02-09.wav,03-01-05-02-01-02-09.wav,03,01,05,angry,strong,Kids are talking by the door,2,9,male,train,,3.7704375,48000,1,180981,PCM_16,f1c81616cec894919f3ab2230a3e40a5
C:\Emotion detection\-Emotion-Recognition-from-Speech\data\raw\RAVDESS\Actor_09\03-01-05-02-02-01-09.wav,03-01-05-02-02-01-09.wav,03,01,05,angry,strong,Dogs are sitting by the door,1,9,male,train,,4.371041666666667,48000,1,209810,PCM_16,953d9c770830725646b055add7dd20da
C:\Emotion detection\-Emotion-Recognition-from-Speech\data\raw\RAVDESS\Actor_09\03-01-05-02-02-02-09.wav,03-01-05-02-02-02-09.wav,03,01,05,angry,strong,Dogs are sitting by the door,2,9,male,train,,3.970645833333333,48000,1,190591,PCM_16,62374760299689f8c45d61705fccf198
C:\Emotion detection\-Emotion-Recognition-from-Speech\data\raw\RAVDESS\Actor_09\03-01-06-01-01-01-09.wav,03-01-06-01-01-01-09.wav,03,01,06,fearful,normal,Kids are talking by the door,1,9,male,train,,3.1698333333333335,48000,1,152152,PCM_16,d901457cc3cee3106772645d6cd745f5
C:\Emotion detection\-Emotion-Recognition-from-Speech\data\raw\RAVDESS\Actor_09\03-01-06-01-01-02-09.wav,03-01-06-01-01-02-09.wav,03,01,06,fearful,normal,Kids are talking by the door,2,9,male,train,,3.1698333333333335,48000,1,152152,PCM_16,c577db19bb8cec0e761e4ea852afd23f
C:\Emotion detection\-Emotion-Recognition-from-Speech\data\raw\RAVDESS\Actor_09\03-01-06-01-02-01-09.wav,03-01-06-01-02-01-09.wav,03,01,06,fearful,normal,Dogs are sitting by the door,1,9,male,train,,3.1364791666666667,48000,1,150551,PCM_16,d0887067ed044b5bade479fec12d68a7
C:\Emotion detection\-Emotion-Recognition-from-Speech\data\raw\RAVDESS\Actor_09\03-01-06-01-02-02-09.wav,03-01-06-01-02-02-09.wav,03,01,06,fearful,normal,Dogs are sitting by the door,2,9,male,train,,3.136458333333333,48000,1,150550,PCM_16,686289ee03b462ab4ecee6198d9e540e
C:\Emotion detection\-Emotion-Recognition-from-Speech\data\raw\RAVDESS\Actor_09\03-01-06-02-01-01-09.wav,03-01-06-02-01-01-09.wav,03,01,06,fearful,strong,Kids are talking by the door,1,9,male,train,,3.2365625,48000,1,155355,PCM_16,bc2932280b191cfaba1ffcb31c30a03a
C:\Emotion detection\-Emotion-Recognition-from-Speech\data\raw\RAVDESS\Actor_09\03-01-06-02-01-02-09.wav,03-01-06-02-01-02-09.wav,03,01,06,fearful,strong,Kids are talking by the door,2,9,male,train,,3.2699375,48000,1,156957,PCM_16,93e2ad9e53b986b1509025b9d6392f04
C:\Emotion detection\-Emotion-Recognition-from-Speech\data\raw\RAVDESS\Actor_09\03-01-06-02-02-01-09.wav,03-01-06-02-02-01-09.wav,03,01,06,fearful,strong,Dogs are sitting by the door,1,9,male,train,,3.2365625,48000,1,155355,PCM_16,259a869e840793d79ab50f2200ce5633
C:\Emotion detection\-Emotion-Recognition-from-Speech\data\raw\RAVDESS\Actor_09\03-01-06-02-02-02-09.wav,03-01-06-02-02-02-09.wav,03,01,06,fearful,strong,Dogs are sitting by the door,2,9,male,train,,3.2365625,48000,1,155355,PCM_16,36e62434e845917b275d56777c0c4899
C:\Emotion detection\-Emotion-Recognition-from-Speech\data\raw\RAVDESS\Actor_09\03-01-07-01-01-01-09.wav,03-01-07-01-01-01-09.wav,03,01,07,disgust,normal,Kids are talking by the door,1,9,male,train,,3.403395833333333,48000,1,163363,PCM_16,0ba830b97b2f626bbe7feb1eb8824f5a
C:\Emotion detection\-Emotion-Recognition-from-Speech\data\raw\RAVDESS\Actor_09\03-01-07-01-01-02-09.wav,03-01-07-01-01-02-09.wav,03,01,07,disgust,normal,Kids are talking by the door,2,9,male,train,,3.5035,48000,1,168168,PCM_16,0703b676ebe68a3b13ae8167bc3c9bb6
C:\Emotion detection\-Emotion-Recognition-from-Speech\data\raw\RAVDESS\Actor_09\03-01-07-01-02-01-09.wav,03-01-07-01-02-01-09.wav,03,01,07,disgust,normal,Dogs are sitting by the door,1,9,male,train,,3.470125,48000,1,166566,PCM_16,2dd63ebb5eb7420be7de254b8d7f4e56
C:\Emotion detection\-Emotion-Recognition-from-Speech\data\raw\RAVDESS\Actor_09\03-01-07-01-02-02-09.wav,03-01-07-01-02-02-09.wav,03,01,07,disgust,normal,Dogs are sitting by the door,2,9,male,train,,3.403395833333333,48000,1,163363,PCM_16,aa4c283d5f0c2d6370226b00a3d17e2d
C:\Emotion detection\-Emotion-Recognition-from-Speech\data\raw\RAVDESS\Actor_09\03-01-07-02-01-01-09.wav,03-01-07-02-01-01-09.wav,03,01,07,disgust,strong,Kids are talking by the door,1,9,male,train,,3.636979166666667,48000,1,174575,PCM_16,facd69361422bded2f224971c2104b41
C:\Emotion detection\-Emotion-Recognition-from-Speech\data\raw\RAVDESS\Actor_09\03-01-07-02-01-02-09.wav,03-01-07-02-01-02-09.wav,03,01,07,disgust,strong,Kids are talking by the door,2,9,male,train,,3.5368541666666666,48000,1,169769,PCM_16,f2b384e166b54043bc827872c5bbbe8f
C:\Emotion detection\-Emotion-Recognition-from-Speech\data\raw\RAVDESS\Actor_09\03-01-07-02-02-01-09.wav,03-01-07-02-02-01-09.wav,03,01,07,disgust,strong,Dogs are sitting by the door,1,9,male,train,,3.5702291666666666,48000,1,171371,PCM_16,f02da2d6dca6fbd0b092a82d7ff76fd4
C:\Emotion detection\-Emotion-Recognition-from-Speech\data\raw\RAVDESS\Actor_09\03-01-07-02-02-02-09.wav,03-01-07-02-02-02-09.wav,03,01,07,disgust,strong,Dogs are sitting by the door,2,9,male,train,,3.6035833333333334,48000,1,172972,PCM_16,0f115d88aee68e10c792b06779b280b8
C:\Emotion detection\-Emotion-Recognition-from-Speech\data\raw\RAVDESS\Actor_09\03-01-08-01-01-01-09.wav,03-01-08-01-01-01-09.wav,03,01,08,surprised,normal,Kids are talking by the door,1,9,male,train,,3.069729166666667,48000,1,147347,PCM_16,dae45424ac6a8dbfed792b943297b01e
C:\Emotion detection\-Emotion-Recognition-from-Speech\data\raw\RAVDESS\Actor_09\03-01-08-01-01-02-09.wav,03-01-08-01-01-02-09.wav,03,01,08,surprised,normal,Kids are talking by the door,2,9,male,train,,3.3366666666666664,48000,1,160160,PCM_16,f297ddf57156195d83dcda93c74c5743
C:\Emotion detection\-Emotion-Recognition-from-Speech\data\raw\RAVDESS\Actor_09\03-01-08-01-02-01-09.wav,03-01-08-01-02-01-09.wav,03,01,08,surprised,normal,Dogs are sitting by the door,1,9,male,train,,3.4367708333333336,48000,1,164965,PCM_16,c0e229154ed21fc569c07e959cccc595
C:\Emotion detection\-Emotion-Recognition-from-Speech\data\raw\RAVDESS\Actor_09\03-01-08-01-02-02-09.wav,03-01-08-01-02-02-09.wav,03,01,08,surprised,normal,Dogs are sitting by the door,2,9,male,train,,3.43675,48000,1,164964,PCM_16,fc3ecb52aa1045cefccc698706bf7fea
C:\Emotion detection\-Emotion-Recognition-from-Speech\data\raw\RAVDESS\Actor_09\03-01-08-02-01-01-09.wav,03-01-08-02-01-01-09.wav,03,01,08,surprised,strong,Kids are talking by the door,1,9,male,train,,3.3032916666666665,48000,1,158558,PCM_16,822a9a9782b340eb38d401b243ee1267
C:\Emotion detection\-Emotion-Recognition-from-Speech\data\raw\RAVDESS\Actor_09\03-01-08-02-01-02-09.wav,03-01-08-02-01-02-09.wav,03,01,08,surprised,strong,Kids are talking by the door,2,9,male,train,,3.2699375,48000,1,156957,PCM_16,b101fe50e1df83170e8fc80533965883
C:\Emotion detection\-Emotion-Recognition-from-Speech\data\raw\RAVDESS\Actor_09\03-01-08-02-02-01-09.wav,03-01-08-02-02-01-09.wav,03,01,08,surprised,strong,Dogs are sitting by the door,1,9,male,train,,3.403395833333333,48000,1,163363,PCM_16,503bd3bfb3bbcbfd9988ac3e0042e75d
C:\Emotion detection\-Emotion-Recognition-from-Speech\data\raw\RAVDESS\Actor_09\03-01-08-02-02-02-09.wav,03-01-08-02-02-02-09.wav,03,01,08,surprised,strong,Dogs are sitting by the door,2,9,male,train,,3.43675,48000,1,164964,PCM_16,5bf2e0be0eb1c5acd062cf20e75f5a2b
C:\Emotion detection\-Emotion-Recognition-from-Speech\data\raw\RAVDESS\Actor_10\03-01-01-01-01-01-10.wav,03-01-01-01-01-01-10.wav,03,01,01,neutral,normal,Kids are talking by the door,1,10,female,train,,3.536875,48000,1,169770,PCM_16,5b649555b1294b584ad936d62e406117
C:\Emotion detection\-Emotion-Recognition-from-Speech\data\raw\RAVDESS\Actor_10\03-01-01-01-01-02-10.wav,03-01-01-01-01-02-10.wav,03,01,01,neutral,normal,Kids are talking by the door,2,10,female,train,,3.8371666666666666,48000,1,184184,PCM_16,cc142718db6e12932cd909aae0bf3b63
C:\Emotion detection\-Emotion-Recognition-from-Speech\data\raw\RAVDESS\Actor_10\03-01-01-01-02-01-10.wav,03-01-01-01-02-01-10.wav,03,01,01,neutral,normal,Dogs are sitting by the door,1,10,female,train,,3.7370625,48000,1,179379,PCM_16,11d36f8940b382f30c36921891924f54
C:\Emotion detection\-Emotion-Recognition-from-Speech\data\raw\RAVDESS\Actor_10\03-01-01-01-02-02-10.wav,03-01-01-01-02-02-10.wav,03,01,01,neutral,normal,Dogs are sitting by the door,2,10,female,train,,3.6703333333333332,48000,1,176176,PCM_16,a68d6fd76c6e499eac68dc91f2dbb670
C:\Emotion detection\-Emotion-Recognition-from-Speech\data\raw\RAVDESS\Actor_10\03-01-02-01-01-01-10.wav,03-01-02-01-01-01-10.wav,03,01,02,calm,normal,Kids are talking by the door,1,10,female,train,,3.5702291666666666,48000,1,171371,PCM_16,5728080adaf3adf1eaddec05a6c995b8
C:\Emotion detection\-Emotion-Recognition-from-Speech\data\raw\RAVDESS\Actor_10\03-01-02-01-01-02-10.wav,03-01-02-01-01-02-10.wav,03,01,02,calm,normal,Kids are talking by the door,2,10,female,train,,3.6035833333333334,48000,1,172972,PCM_16,357dd89ea685c8ffd8d160fd81031a61
C:\Emotion detection\-Emotion-Recognition-from-Speech\data\raw\RAVDESS\Actor_10\03-01-02-01-02-01-10.wav,03-01-02-01-02-01-10.wav,03,01,02,calm,normal,Dogs are sitting by the door,1,10,female,train,,3.6369583333333333,48000,1,174574,PCM_16,a7157d8be6a26c048493d184b5a22435
C:\Emotion detection\-Emotion-Recognition-from-Speech\data\raw\RAVDESS\Actor_10\03-01-02-01-02-02-10.wav,03-01-02-01-02-02-10.wav,03,01,02,calm,normal,Dogs are sitting by the door,2,10,female,train,,3.703708333333333,48000,1,177778,PCM_16,01bacad07986a836ca71d5f5d5eb8993
C:\Emotion detection\-Emotion-Recognition-from-Speech\data\raw\RAVDESS\Actor_10\03-01-02-02-01-01-10.wav,03-01-02-02-01-01-10.wav,03,01,02,calm,strong,Kids are talking by the door,1,10,female,train,,3.7370625,48000,1,179379,PCM_16,c9d6e42f479febb1adf09947d8dcc615
C:\Emotion detection\-Emotion-Recognition-from-Speech\data\raw\RAVDESS\Actor_10\03-01-02-02-01-02-10.wav,03-01-02-02-01-02-10.wav,03,01,02,calm,strong,Kids are talking by the door,2,10,female,train,,3.7370625,48000,1,179379,PCM_16,e9dbe34752f126ac67ac7a6d7df3dbc3
C:\Emotion detection\-Emotion-Recognition-from-Speech\data\raw\RAVDESS\Actor_10\03-01-02-02-02-01-10.wav,03-01-02-02-02-01-10.wav,03,01,02,calm,strong,Dogs are sitting by the door,1,10,female,train,,3.8037916666666667,48000,1,182582,PCM_16,377224e001732afdcd2a29647db52930
C:\Emotion detection\-Emotion-Recognition-from-Speech\data\raw\RAVDESS\Actor_10\03-01-02-02-02-02-10.wav,03-01-02-02-02-02-10.wav,03,01,02,calm,strong,Dogs are sitting by the door,2,10,female,train,,3.8371666666666666,48000,1,184184,PCM_16,035fb39f374d71e9054e9ec9ecf4182c
C:\Emotion detection\-Emotion-Recognition-from-Speech\data\raw\RAVDESS\Actor_10\03-01-03-01-01-01-10.wav,03-01-03-01-01-01-10.wav,03,01,03,happy,normal,Kids are talking by the door,1,10,female,train,,3.5035,48000,1,168168,PCM_16,122d9381e124f30039966377263e5c89
C:\Emotion detection\-Emotion-Recognition-from-Speech\data\raw\RAVDESS\Actor_10\03-01-03-01-01-02-10.wav,03-01-03-01-01-02-10.wav,03,01,03,happy,normal,Kids are talking by the door,2,10,female,train,,3.470125,48000,1,166566,PCM_16,7289adf7cd2ed2a3a0eaf5d7edd48e5b
C:\Emotion detection\-Emotion-Recognition-from-Speech\data\raw\RAVDESS\Actor_10\03-01-03-01-02-01-10.wav,03-01-03-01-02-01-10.wav,03,01,03,happy,normal,Dogs are sitting by the door,1,10,female,train,,3.3032916666666665,48000,1,158558,PCM_16,ba730edad2a901b6b0cd871de5ac9c7c
C:\Emotion detection\-Emotion-Recognition-from-Speech\data\raw\RAVDESS\Actor_10\03-01-03-01-02-02-10.wav,03-01-03-01-02-02-10.wav,03,01,03,happy,normal,Dogs are sitting by the door,2,10,female,train,,3.3366666666666664,48000,1,160160,PCM_16,77dc56e7aa46a1d5da529b70a1df365a
C:\Emotion detection\-Emotion-Recognition-from-Speech\data\raw\RAVDESS\Actor_10\03-01-03-02-01-01-10.wav,03-01-03-02-01-01-10.wav,03,01,03,happy,strong,Kids are talking by the door,1,10,female,train,,3.8371666666666666,48000,1,184184,PCM_16,2609eec44d635d15ea97cb08ffae55ed
C:\Emotion detection\-Emotion-Recognition-from-Speech\data\raw\RAVDESS\Actor_10\03-01-03-02-01-02-10.wav,03-01-03-02-01-02-10.wav,03,01,03,happy,strong,Kids are talking by the door,2,10,female,train,,3.5035,48000,1,168168,PCM_16,e985821e8b90930a8996aad0cf05b602
C:\Emotion detection\-Emotion-Recognition-from-Speech\data\raw\RAVDESS\Actor_10\03-01-03-02-02-01-10.wav,03-01-03-02-02-01-10.wav,03,01,03,happy,strong,Dogs are sitting by the door,1,10,female,train,,3.7370625,48000,1,179379,PCM_16,f349dfde72bbf4109d126cce54c5f1c3
C:\Emotion detection\-Emotion-Recognition-from-Speech\data\raw\RAVDESS\Actor_10\03-01-03-02-02-02-10.wav,03-01-03-02-02-02-10.wav,03,01,03,happy,strong,Dogs are sitting by the door,2,10,female,train,,3.970645833333333,48000,1,190591,PCM_16,f3c62e66eee1a969ebd48b76a7a5953a
C:\Emotion detection\-Emotion-Recognition-from-Speech\data\raw\RAVDESS\Actor_10\03-01-04-01-01-01-10.wav,03-01-04-01-01-01-10.wav,03,01,04,sad,normal,Kids are talking by the door,1,10,female,train,,3.3032916666666665,48000,1,158558,PCM_16,547a6c6f2ce7705ec2e9de1cae57e5e4
C:\Emotion detection\-Emotion-Recognition-from-Speech\data\raw\RAVDESS\Actor_10\03-01-04-01-01-02-10.wav,03-01-04-01-01-02-10.wav,03,01,04,sad,normal,Kids are talking by the door,2,10,female,train,,3.470125,48000,1,166566,PCM_16,c4c754a74ad2e53c3914229a1cb2d5c8
C:\Emotion detection\-Emotion-Recognition-from-Speech\data\raw\RAVDESS\Actor_10\03-01-04-01-02-01-10.wav,03-01-04-01-02-01-10.wav,03,01,04,sad,normal,Dogs are sitting by the door,1,10,female,train,,3.536875,48000,1,169770,PCM_16,089edc83af0ea9de066f7a715f209567
C:\Emotion detection\-Emotion-Recognition-from-Speech\data\raw\RAVDESS\Actor_10\03-01-04-01-02-02-10.wav,03-01-04-01-02-02-10.wav,03,01,04,sad,normal,Dogs are sitting by the door,2,10,female,train,,3.8037916666666667,48000,1,182582,PCM_16,52901aab9f85daeaf32616844b110079
C:\Emotion detection\-Emotion-Recognition-from-Speech\data\raw\RAVDESS\Actor_10\03-01-04-02-01-01-10.wav,03-01-04-02-01-01-10.wav,03,01,04,sad,strong,Kids are talking by the door,1,10,female,train,,3.5035,48000,1,168168,PCM_16,eee45ab9faeb1571a7d246041185cf7f
C:\Emotion detection\-Emotion-Recognition-from-Speech\data\raw\RAVDESS\Actor_10\03-01-04-02-01-02-10.wav,03-01-04-02-01-02-10.wav,03,01,04,sad,strong,Kids are talking by the door,2,10,female,train,,3.5702291666666666,48000,1,171371,PCM_16,52e57fa8ba8182ef546425bc614cceb8
C:\Emotion detection\-Emotion-Recognition-from-Speech\data\raw\RAVDESS\Actor_10\03-01-04-02-02-01-10.wav,03-01-04-02-02-01-10.wav,03,01,04,sad,strong,Dogs are sitting by the door,1,10,female,train,,3.6703333333333332,48000,1,176176,PCM_16,b8e04d730d7c94e69d3996ccd332b364
C:\Emotion detection\-Emotion-Recognition-from-Speech\data\raw\RAVDESS\Actor_10\03-01-04-02-02-02-10.wav,03-01-04-02-02-02-10.wav,03,01,04,sad,strong,Dogs are sitting by the door,2,10,female,train,,3.5702291666666666,48000,1,171371,PCM_16,923fc50f87f5031f341623bab58e6bc8
C:\Emotion detection\-Emotion-Recognition-from-Speech\data\raw\RAVDESS\Actor_10\03-01-05-01-01-01-10.wav,03-01-05-01-01-01-10.wav,03,01,05,angry,normal,Kids are talking by the door,1,10,female,train,,3.9038958333333333,48000,1,187387,PCM_16,d2ff86746bbf1f9432d589c59fa64442
C:\Emotion detection\-Emotion-Recognition-from-Speech\data\raw\RAVDESS\Actor_10\03-01-05-01-01-02-10.wav,03-01-05-01-01-02-10.wav,03,01,05,angry,normal,Kids are talking by the door,2,10,female,train,,4.004,48000,1,192192,PCM_16,230694caecec97a15ab6a5ed0369fb06
C:\Emotion detection\-Emotion-Recognition-from-Speech\data\raw\RAVDESS\Actor_10\03-01-05-01-02-01-10.wav,03-01-05-01-02-01-10.wav,03,01,05,angry,normal,Dogs are sitting by the door,1,10,female,train,,4.104104166666667,48000,1,196997,PCM_16,6e789ccb1b8ff233d8c52f970c1f66c4
C:\Emotion detection\-Emotion-Recognition-from-Speech\data\raw\RAVDESS\Actor_10\03-01-05-01-02-02-10.wav,03-01-05-01-02-02-10.wav,03,01,05,angry,normal,Dogs are sitting by the door,2,10,female,train,,4.137479166666667,48000,1,198599,PCM_16,21a83bd7aee44b429b85119719eff5b7
C:\Emotion detection\-Emotion-Recognition-from-Speech\data\raw\RAVDESS\Actor_10\03-01-05-02-01-01-10.wav,03-01-05-02-01-01-10.wav,03,01,05,angry,strong,Kids are talking by the door,1,10,female,train,,4.170833333333333,48000,1,200200,PCM_16,be346049eaf0f54dc70e926e9107e118
C:\Emotion detection\-Emotion-Recognition-from-Speech\data\raw\RAVDESS\Actor_10\03-01-05-02-01-02-10.wav,03-01-05-02-01-02-10.wav,03,01,05,angry,strong,Kids are talking by the door,2,10,female,train,,4.471125,48000,1,214614,PCM_16,a172fe58e6fa67e799b3f9cf98f79de0
C:\Emotion detection\-Emotion-Recognition-from-Speech\data\raw\RAVDESS\Actor_10\03-01-05-02-02-01-10.wav,03-01-05-02-02-01-10.wav,03,01,05,angry,strong,Dogs are sitting by the door,1,10,female,train,,3.8705208333333334,48000,1,185785,PCM_16,b39187ae1eee81eb75db862d25d88a00
C:\Emotion detection\-Emotion-Recognition-from-Speech\data\raw\RAVDESS\Actor_10\03-01-05-02-02-02-10.wav,03-01-05-02-02-02-10.wav,03,01,05,angry,strong,Dogs are sitting by the door,2,10,female,train,,4.137458333333333,48000,1,198598,PCM_16,2921e67f4eebb5284ffa076fe339c925
C:\Emotion detection\-Emotion-Recognition-from-Speech\data\raw\RAVDESS\Actor_10\03-01-06-01-01-01-10.wav,03-01-06-01-01-01-10.wav,03,01,06,fearful,normal,Kids are talking by the door,1,10,female,train,,3.4034166666666668,48000,1,163364,PCM_16,ba6d086705ee1738649258f674a6717b
C:\Emotion detection\-Emotion-Recognition-from-Speech\data\raw\RAVDESS\Actor_10\03-01-06-01-01-02-10.wav,03-01-06-01-01-02-10.wav,03,01,06,fearful,normal,Kids are talking by the door,2,10,female,train,,3.3033125,48000,1,158559,PCM_16,c1e74eef9c57da68b4c9e769f491b63c
C:\Emotion detection\-Emotion-Recognition-from-Speech\data\raw\RAVDESS\Actor_10\03-01-06-01-02-01-10.wav,03-01-06-01-02-01-10.wav,03,01,06,fearful,normal,Dogs are sitting by the door,1,10,female,train,,3.5368541666666666,48000,1,169769,PCM_16,c161644dc4084a573576e26bcf81baaf
C:\Emotion detection\-Emotion-Recognition-from-Speech\data\raw\RAVDESS\Actor_10\03-01-06-01-02-02-10.wav,03-01-06-01-02-02-10.wav,03,01,06,fearful,normal,Dogs are sitting by the door,2,10,female,train,,3.4367708333333336,48000,1,164965,PCM_16,4225af8f2b67dc16f251489d71ce1a57
C:\Emotion detection\-Emotion-Recognition-from-Speech\data\raw\RAVDESS\Actor_10\03-01-06-02-01-01-10.wav,03-01-06-02-01-01-10.wav,03,01,06,fearful,strong,Kids are talking by the door,1,10,female,train,,3.5035,48000,1,168168,PCM_16,2debbcfc331c9cc9cdd3f56a5432334e
C:\Emotion detection\-Emotion-Recognition-from-Speech\data\raw\RAVDESS\Actor_10\03-01-06-02-01-02-10.wav,03-01-06-02-01-02-10.wav,03,01,06,fearful,strong,Kids are talking by the door,2,10,female,train,,3.703708333333333,48000,1,177778,PCM_16,c0de6536da6e19d16273bb920db3422c
C:\Emotion detection\-Emotion-Recognition-from-Speech\data\raw\RAVDESS\Actor_10\03-01-06-02-02-01-10.wav,03-01-06-02-02-01-10.wav,03,01,06,fearful,strong,Dogs are sitting by the door,1,10,female,train,,3.8037916666666667,48000,1,182582,PCM_16,20c76db5f80ca41871e5015a8c1667c3
C:\Emotion detection\-Emotion-Recognition-from-Speech\data\raw\RAVDESS\Actor_10\03-01-06-02-02-02-10.wav,03-01-06-02-02-02-10.wav,03,01,06,fearful,strong,Dogs are sitting by the door,2,10,female,train,,3.8705416666666665,48000,1,185786,PCM_16,225194381224867246c9f7db7230fa66
C:\Emotion detection\-Emotion-Recognition-from-Speech\data\raw\RAVDESS\Actor_10\03-01-07-01-01-01-10.wav,03-01-07-01-01-01-10.wav,03,01,07,disgust,normal,Kids are talking by the door,1,10,female,train,,3.703708333333333,48000,1,177778,PCM_16,c614d88efd72055d3f307541a5f85ee3
C:\Emotion detection\-Emotion-Recognition-from-Speech\data\raw\RAVDESS\Actor_10\03-01-07-01-01-02-10.wav,03-01-07-01-01-02-10.wav,03,01,07,disgust,normal,Kids are talking by the door,2,10,female,train,,4.2041875,48000,1,201801,PCM_16,b123618f64fe892b67009611267a3750
C:\Emotion detection\-Emotion-Recognition-from-Speech\data\raw\RAVDESS\Actor_10\03-01-07-01-02-01-10.wav,03-01-07-01-02-01-10.wav,03,01,07,disgust,normal,Dogs are sitting by the door,1,10,female,train,,3.8705416666666665,48000,1,185786,PCM_16,01a19d696ddb6b62ff239506130339ec
C:\Emotion detection\-Emotion-Recognition-from-Speech\data\raw\RAVDESS\Actor_10\03-01-07-01-02-02-10.wav,03-01-07-01-02-02-10.wav,03,01,07,disgust,normal,Dogs are sitting by the door,2,10,female,train,,4.2709375,48000,1,205005,PCM_16,3148b28b7bab4dfec1cf78ad63dc3792
C:\Emotion detection\-Emotion-Recognition-from-Speech\data\raw\RAVDESS\Actor_10\03-01-07-02-01-01-10.wav,03-01-07-02-01-01-10.wav,03,01,07,disgust,strong,Kids are talking by the door,1,10,female,train,,4.671333333333333,48000,1,224224,PCM_16,a05f6b8312e5dfc4ea4fa7c786b38113
C:\Emotion detection\-Emotion-Recognition-from-Speech\data\raw\RAVDESS\Actor_10\03-01-07-02-01-02-10.wav,03-01-07-02-01-02-10.wav,03,01,07,disgust,strong,Kids are talking by the door,2,10,female,train,,4.537875,48000,1,217818,PCM_16,5466192cd31e7097ade05343118d3792
C:\Emotion detection\-Emotion-Recognition-from-Speech\data\raw\RAVDESS\Actor_10\03-01-07-02-02-01-10.wav,03-01-07-02-02-01-10.wav,03,01,07,disgust,strong,Dogs are sitting by the door,1,10,female,train,,4.2041875,48000,1,201801,PCM_16,962484b97162eb36d7ff0fdcfbf98d68
C:\Emotion detection\-Emotion-Recognition-from-Speech\data\raw\RAVDESS\Actor_10\03-01-07-02-02-02-10.wav,03-01-07-02-02-02-10.wav,03,01,07,disgust,strong,Dogs are sitting by the door,2,10,female,train,,4.871541666666666,48000,1,233834,PCM_16,e3c3efb7adcbb17aab5d79cd160dde10
C:\Emotion detection\-Emotion-Recognition-from-Speech\data\raw\RAVDESS\Actor_10\03-01-08-01-01-01-10.wav,03-01-08-01-01-01-10.wav,03,01,08,surprised,normal,Kids are talking by the door,1,10,female,train,,3.2365625,48000,1,155355,PCM_16,09fa25fc63d60d42a0061c148775d0b0
C:\Emotion detection\-Emotion-Recognition-from-Speech\data\raw\RAVDESS\Actor_10\03-01-08-01-01-02-10.wav,03-01-08-01-01-02-10.wav,03,01,08,surprised,normal,Kids are talking by the door,2,10,female,train,,3.4034166666666668,48000,1,163364,PCM_16,f01b946f29a1ba6f153641f7866182cd
C:\Emotion detection\-Emotion-Recognition-from-Speech\data\raw\RAVDESS\Actor_10\03-01-08-01-02-01-10.wav,03-01-08-01-02-01-10.wav,03,01,08,surprised,normal,Dogs are sitting by the door,1,10,female,train,,3.5035,48000,1,168168,PCM_16,61c697c64cd242a7b813ceaeb6b13fac
C:\Emotion detection\-Emotion-Recognition-from-Speech\data\raw\RAVDESS\Actor_10\03-01-08-01-02-02-10.wav,03-01-08-01-02-02-10.wav,03,01,08,surprised,normal,Dogs are sitting by the door,2,10,female,train,,3.470125,48000,1,166566,PCM_16,5ea69afd432b3afae8d2be54ea7b13b4
C:\Emotion detection\-Emotion-Recognition-from-Speech\data\raw\RAVDESS\Actor_10\03-01-08-02-01-01-10.wav,03-01-08-02-01-01-10.wav,03,01,08,surprised,strong,Kids are talking by the door,1,10,female,train,,3.5035,48000,1,168168,PCM_16,32a79f9da5eb2339c74b50d1c4f03a4d
C:\Emotion detection\-Emotion-Recognition-from-Speech\data\raw\RAVDESS\Actor_10\03-01-08-02-01-02-10.wav,03-01-08-02-01-02-10.wav,03,01,08,surprised,strong,Kids are talking by the door,2,10,female,train,,3.403395833333333,48000,1,163363,PCM_16,026f73e6febe9dea6837fa4e1820f20c
C:\Emotion detection\-Emotion-Recognition-from-Speech\data\raw\RAVDESS\Actor_10\03-01-08-02-02-01-10.wav,03-01-08-02-02-01-10.wav,03,01,08,surprised,strong,Dogs are sitting by the door,1,10,female,train,,3.6369583333333333,48000,1,174574,PCM_16,863059b092b38037acdbd2e1feefd392
C:\Emotion detection\-Emotion-Recognition-from-Speech\data\raw\RAVDESS\Actor_10\03-01-08-02-02-02-10.wav,03-01-08-02-02-02-10.wav,03,01,08,surprised,strong,Dogs are sitting by the door,2,10,female,train,,3.5035,48000,1,168168,PCM_16,d67d2cd167b9296183cb075108d535da
C:\Emotion detection\-Emotion-Recognition-from-Speech\data\raw\RAVDESS\Actor_11\03-01-01-01-01-01-11.wav,03-01-01-01-01-01-11.wav,03,01,01,neutral,normal,Kids are talking by the door,1,11,male,train,,3.1364791666666667,48000,1,150551,PCM_16,82a7d0c979b6a102e015a0aa29cdee63
C:\Emotion detection\-Emotion-Recognition-from-Speech\data\raw\RAVDESS\Actor_11\03-01-01-01-01-02-11.wav,03-01-01-01-01-02-11.wav,03,01,01,neutral,normal,Kids are talking by the door,2,11,male,train,,3.1031041666666668,48000,1,148949,PCM_16,646bfe45b02a70f9c417f916eded0983
C:\Emotion detection\-Emotion-Recognition-from-Speech\data\raw\RAVDESS\Actor_11\03-01-01-01-02-01-11.wav,03-01-01-01-02-01-11.wav,03,01,01,neutral,normal,Dogs are sitting by the door,1,11,male,train,,3.2032083333333334,48000,1,153754,PCM_16,93d24d231bd32f917702bdbd6190848f
C:\Emotion detection\-Emotion-Recognition-from-Speech\data\raw\RAVDESS\Actor_11\03-01-01-01-02-02-11.wav,03-01-01-01-02-02-11.wav,03,01,01,neutral,normal,Dogs are sitting by the door,2,11,male,train,,3.1698333333333335,48000,1,152152,PCM_16,5c1c7fd8c38075748584b62348a951a4
C:\Emotion detection\-Emotion-Recognition-from-Speech\data\raw\RAVDESS\Actor_11\03-01-02-01-01-01-11.wav,03-01-02-01-01-01-11.wav,03,01,02,calm,normal,Kids are talking by the door,1,11,male,train,,3.2699166666666666,48000,1,156956,PCM_16,0e5bf87057a7efceb818fecca5889434
C:\Emotion detection\-Emotion-Recognition-from-Speech\data\raw\RAVDESS\Actor_11\03-01-02-01-01-02-11.wav,03-01-02-01-01-02-11.wav,03,01,02,calm,normal,Kids are talking by the door,2,11,male,train,,3.3366666666666664,48000,1,160160,PCM_16,269aa60782ad3875d21def298ae9fb31
C:\Emotion detection\-Emotion-Recognition-from-Speech\data\raw\RAVDESS\Actor_11\03-01-02-01-02-01-11.wav,03-01-02-01-02-01-11.wav,03,01,02,calm,normal,Dogs are sitting by the door,1,11,male,train,,3.3366666666666664,48000,1,160160,PCM_16,1b6f824d52e8b1c968d5472e9f7dd54f
C:\Emotion detection\-Emotion-Recognition-from-Speech\data\raw\RAVDESS\Actor_11\03-01-02-01-02-02-11.wav,03-01-02-01-02-02-11.wav,03,01,02,calm,normal,Dogs are sitting by the door,2,11,male,train,,3.6703333333333332,48000,1,176176,PCM_16,91418e261b836d85788abe8c7871ed9c
C:\Emotion detection\-Emotion-Recognition-from-Speech\data\raw\RAVDESS\Actor_11\03-01-02-02-01-01-11.wav,03-01-02-02-01-01-11.wav,03,01,02,calm,strong,Kids are talking by the door,1,11,male,train,,3.8371666666666666,48000,1,184184,PCM_16,04fb4513928255ca31c37748c4028241
C:\Emotion detection\-Emotion-Recognition-from-Speech\data\raw\RAVDESS\Actor_11\03-01-02-02-01-02-11.wav,03-01-02-02-01-02-11.wav,03,01,02,calm,strong,Kids are talking by the door,2,11,male,train,,3.7370833333333335,48000,1,179380,PCM_16,ff6cfd1c4c69033bc1d952a1263fd4be
C:\Emotion detection\-Emotion-Recognition-from-Speech\data\raw\RAVDESS\Actor_11\03-01-02-02-02-01-11.wav,03-01-02-02-02-01-11.wav,03,01,02,calm,strong,Dogs are sitting by the door,1,11,male,train,,3.7704375,48000,1,180981,PCM_16,acbae17a532da9fe3a94be4f22951e1a
C:\Emotion detection\-Emotion-Recognition-from-Speech\data\raw\RAVDESS\Actor_11\03-01-02-02-02-02-11.wav,03-01-02-02-02-02-11.wav,03,01,02,calm,strong,Dogs are sitting by the door,2,11,male,train,,3.8371666666666666,48000,1,184184,PCM_16,1e74ce054e1f0bb3dc29f0b86365256c
C:\Emotion detection\-Emotion-Recognition-from-Speech\data\raw\RAVDESS\Actor_11\03-01-03-01-01-01-11.wav,03-01-03-01-01-01-11.wav,03,01,03,happy,normal,Kids are talking by the door,1,11,male,train,,3.1031041666666668,48000,1,148949,PCM_16,73da1d976deed6112dd5691c0503c5bb
C:\Emotion detection\-Emotion-Recognition-from-Speech\data\raw\RAVDESS\Actor_11\03-01-03-01-01-02-11.wav,03-01-03-01-01-02-11.wav,03,01,03,happy,normal,Kids are talking by the door,2,11,male,train,,3.2032083333333334,48000,1,153754,PCM_16,872a269a244c69857862a6b1d5d0e825
C:\Emotion detection\-Emotion-Recognition-from-Speech\data\raw\RAVDESS\Actor_11\03-01-03-01-02-01-11.wav,03-01-03-01-02-01-11.wav,03,01,03,happy,normal,Dogs are sitting by the door,1,11,male,train,,3.1698333333333335,48000,1,152152,PCM_16,32a05f32d85772e127eeb8cb7e6c0a13
C:\Emotion detection\-Emotion-Recognition-from-Speech\data\raw\RAVDESS\Actor_11\03-01-03-01-02-02-11.wav,03-01-03-01-02-02-11.wav,03,01,03,happy,normal,Dogs are sitting by the door,2,11,male,train,,3.2365833333333334,48000,1,155356,PCM_16,2fc65f98420f02b20c5d2433dbbc295a
C:\Emotion detection\-Emotion-Recognition-from-Speech\data\raw\RAVDESS\Actor_11\03-01-03-02-01-01-11.wav,03-01-03-02-01-01-11.wav,03,01,03,happy,strong,Kids are talking by the door,1,11,male,train,,4.037375,48000,1,193794,PCM_16,757902f9fc4f52794eb06c39414d0b9f
C:\Emotion detection\-Emotion-Recognition-from-Speech\data\raw\RAVDESS\Actor_11\03-01-03-02-01-02-11.wav,03-01-03-02-01-02-11.wav,03,01,03,happy,strong,Kids are talking by the door,2,11,male,train,,3.636979166666667,48000,1,174575,PCM_16,3d8f41a042a7b3747a5277a4712bef69
C:\Emotion detection\-Emotion-Recognition-from-Speech\data\raw\RAVDESS\Actor_11\03-01-03-02-02-01-11.wav,03-01-03-02-02-01-11.wav,03,01,03,happy,strong,Dogs are sitting by the door,1,11,male,train,,3.8705208333333334,48000,1,185785,PCM_16,95b7d9f19a392e0040227fa6630326c7
C:\Emotion detection\-Emotion-Recognition-from-Speech\data\raw\RAVDESS\Actor_11\03-01-03-02-02-02-11.wav,03-01-03-02-02-02-11.wav,03,01,03,happy,strong,Dogs are sitting by the door,2,11,male,train,,3.5035,48000,1,168168,PCM_16,7357096b27c6f125774d9366ebe828bd
C:\Emotion detection\-Emotion-Recognition-from-Speech\data\raw\RAVDESS\Actor_11\03-01-04-01-01-01-11.wav,03-01-04-01-01-01-11.wav,03,01,04,sad,normal,Kids are talking by the door,1,11,male,train,,3.3366666666666664,48000,1,160160,PCM_16,1649f01e1b0df251dd3c1facd53f5f41
C:\Emotion detection\-Emotion-Recognition-from-Speech\data\raw\RAVDESS\Actor_11\03-01-04-01-01-02-11.wav,03-01-04-01-01-02-11.wav,03,01,04,sad,normal,Kids are talking by the door,2,11,male,train,,3.6036041666666665,48000,1,172973,PCM_16,7625f6d916295cd5618ca563c0c74b27
C:\Emotion detection\-Emotion-Recognition-from-Speech\data\raw\RAVDESS\Actor_11\03-01-04-01-02-01-11.wav,03-01-04-01-02-01-11.wav,03,01,04,sad,normal,Dogs are sitting by the door,1,11,male,train,,3.5368541666666666,48000,1,169769,PCM_16,588cc114e5bd252f2c31ff5a09221135
C:\Emotion detection\-Emotion-Recognition-from-Speech\data\raw\RAVDESS\Actor_11\03-01-04-01-02-02-11.wav,03-01-04-01-02-02-11.wav,03,01,04,sad,normal,Dogs are sitting by the door,2,11,male,train,,3.4367708333333336,48000,1,164965,PCM_16,78bc5748f27a50b9c5c0b3682d25fb35
C:\Emotion detection\-Emotion-Recognition-from-Speech\data\raw\RAVDESS\Actor_11\03-01-04-02-01-01-11.wav,03-01-04-02-01-01-11.wav,03,01,04,sad,strong,Kids are talking by the door,1,11,male,train,,3.3366666666666664,48000,1,160160,PCM_16,a5726a7ca883a26479785aa20d7a8286
C:\Emotion detection\-Emotion-Recognition-from-Speech\data\raw\RAVDESS\Actor_11\03-01-04-02-01-02-11.wav,03-01-04-02-01-02-11.wav,03,01,04,sad,strong,Kids are talking by the door,2,11,male,train,,3.6036041666666665,48000,1,172973,PCM_16,e987f4fe5d98ad9354ce213000f49fbd
C:\Emotion detection\-Emotion-Recognition-from-Speech\data\raw\RAVDESS\Actor_11\03-01-04-02-02-01-11.wav,03-01-04-02-02-01-11.wav,03,01,04,sad,strong,Dogs are sitting by the door,1,11,male,train,,3.370041666666667,48000,1,161762,PCM_16,dd11969279d65c97e76d36464c16e6f0
C:\Emotion detection\-Emotion-Recognition-from-Speech\data\raw\RAVDESS\Actor_11\03-01-04-02-02-02-11.wav,03-01-04-02-02-02-11.wav,03,01,04,sad,strong,Dogs are sitting by the door,2,11,male,train,,3.3366666666666664,48000,1,160160,PCM_16,db7bca5b2ca7b8e861eb304e7c8beb7e
C:\Emotion detection\-Emotion-Recognition-from-Speech\data\raw\RAVDESS\Actor_11\03-01-05-01-01-01-11.wav,03-01-05-01-01-01-11.wav,03,01,05,angry,normal,Kids are talking by the door,1,11,male,train,,3.6036041666666665,48000,1,172973,PCM_16,c5b6b965320e04f874a70750b7ad873e
C:\Emotion detection\-Emotion-Recognition-from-Speech\data\raw\RAVDESS\Actor_11\03-01-05-01-01-02-11.wav,03-01-05-01-01-02-11.wav,03,01,05,angry,normal,Kids are talking by the door,2,11,male,train,,3.4701458333333335,48000,1,166567,PCM_16,31e22188f297ba745b38a7503837c036
C:\Emotion detection\-Emotion-Recognition-from-Speech\data\raw\RAVDESS\Actor_11\03-01-05-01-02-01-11.wav,03-01-05-01-02-01-11.wav,03,01,05,angry,normal,Dogs are sitting by the door,1,11,male,train,,3.470125,48000,1,166566,PCM_16,1dc202c36843a862bd9f8f942135d5e6
C:\Emotion detection\-Emotion-Recognition-from-Speech\data\raw\RAVDESS\Actor_11\03-01-05-01-02-02-11.wav,03-01-05-01-02-02-11.wav,03,01,05,angry,normal,Dogs are sitting by the door,2,11,male,train,,3.7370833333333335,48000,1,179380,PCM_16,d11af3c4d280317e2fbb3373467c0484
C:\Emotion detection\-Emotion-Recognition-from-Speech\data\raw\RAVDESS\Actor_11\03-01-05-02-01-01-11.wav,03-01-05-02-01-01-11.wav,03,01,05,angry,strong,Kids are talking by the door,1,11,male,train,,3.536875,48000,1,169770,PCM_16,411b1e7ec399baad1df1854ccdda9c7b
C:\Emotion detection\-Emotion-Recognition-from-Speech\data\raw\RAVDESS\Actor_11\03-01-05-02-01-02-11.wav,03-01-05-02-01-02-11.wav,03,01,05,angry,strong,Kids are talking by the door,2,11,male,train,,3.970625,48000,1,190590,PCM_16,cbbb634690be9836097913539957a3da
C:\Emotion detection\-Emotion-Recognition-from-Speech\data\raw\RAVDESS\Actor_11\03-01-05-02-02-01-11.wav,03-01-05-02-02-01-11.wav,03,01,05,angry,strong,Dogs are sitting by the door,1,11,male,train,,3.9372708333333333,48000,1,188989,PCM_16,d153ade345f6ab33f3fb91f54f5e014b
C:\Emotion detection\-Emotion-Recognition-from-Speech\data\raw\RAVDESS\Actor_11\03-01-05-02-02-02-11.wav,03-01-05-02-02-02-11.wav,03,01,05,angry,strong,Dogs are sitting by the door,2,11,male,train,,3.7704375,48000,1,180981,PCM_16,88ceab14575eee139c34f345c656fa63
C:\Emotion detection\-Emotion-Recognition-from-Speech\data\raw\RAVDESS\Actor_11\03-01-06-01-01-01-11.wav,03-01-06-01-01-01-11.wav,03,01,06,fearful,normal,Kids are talking by the door,1,11,male,train,,3.470125,48000,1,166566,PCM_16,f2aaaf6a1f519a92fae7b71847431e58
C:\Emotion detection\-Emotion-Recognition-from-Speech\data\raw\RAVDESS\Actor_11\03-01-06-01-01-02-11.wav,03-01-06-01-01-02-11.wav,03,01,06,fearful,normal,Kids are talking by the door,2,11,male,train,,3.5035,48000,1,168168,PCM_16,641b37347e42ae0258e9d84ccdb6e8d6
C:\Emotion detection\-Emotion-Recognition-from-Speech\data\raw\RAVDESS\Actor_11\03-01-06-01-02-01-11.wav,03-01-06-01-02-01-11.wav,03,01,06,fearful,normal,Dogs are sitting by the door,1,11,male,train,,3.1698333333333335,48000,1,152152,PCM_16,5486b78cb04d4ebf408e974ba5172a07
C:\Emotion detection\-Emotion-Recognition-from-Speech\data\raw\RAVDESS\Actor_11\03-01-06-01-02-02-11.wav,03-01-06-01-02-02-11.wav,03,01,06,fearful,normal,Dogs are sitting by the door,2,11,male,train,,3.2032083333333334,48000,1,153754,PCM_16,65fdb753c9c8823744a374a7db790f26
C:\Emotion detection\-Emotion-Recognition-from-Speech\data\raw\RAVDESS\Actor_11\03-01-06-02-01-01-11.wav,03-01-06-02-01-01-11.wav,03,01,06,fearful,strong,Kids are talking by the door,1,11,male,train,,3.2032083333333334,48000,1,153754,PCM_16,a087fb2460b4956072669ab5ec0ff0f6
C:\Emotion detection\-Emotion-Recognition-from-Speech\data\raw\RAVDESS\Actor_11\03-01-06-02-01-02-11.wav,03-01-06-02-01-02-11.wav,03,01,06,fearful,strong,Kids are talking by the door,2,11,male,train,,3.2032083333333334,48000,1,153754,PCM_16,4edfceb24f3dcdd8ca71d0b6a6625502
C:\Emotion detection\-Emotion-Recognition-from-Speech\data\raw\RAVDESS\Actor_11\03-01-06-02-02-01-11.wav,03-01-06-02-02-01-11.wav,03,01,06,fearful,strong,Dogs are sitting by the door,1,11,male,train,,3.06975,48000,1,147348,PCM_16,311d60f980e316abb8d9ed4d014cb876
C:\Emotion detection\-Emotion-Recognition-from-Speech\data\raw\RAVDESS\Actor_11\03-01-06-02-02-02-11.wav,03-01-06-02-02-02-11.wav,03,01,06,fearful,strong,Dogs are sitting by the door,2,11,male,train,,3.136458333333333,48000,1,150550,PCM_16,55c07ce4191ad35203dbbcc0e32e9e48
C:\Emotion detection\-Emotion-Recognition-from-Speech\data\raw\RAVDESS\Actor_11\03-01-07-01-01-01-11.wav,03-01-07-01-01-01-11.wav,03,01,07,disgust,normal,Kids are talking by the door,1,11,male,train,,3.6703333333333332,48000,1,176176,PCM_16,a138b4a5b89d9c320cbeac5732dbf036
C:\Emotion detection\-Emotion-Recognition-from-Speech\data\raw\RAVDESS\Actor_11\03-01-07-01-01-02-11.wav,03-01-07-01-01-02-11.wav,03,01,07,disgust,normal,Kids are talking by the door,2,11,male,train,,3.6036041666666665,48000,1,172973,PCM_16,58b5d7cacae358d4d24be7e43846a45e
C:\Emotion detection\-Emotion-Recognition-from-Speech\data\raw\RAVDESS\Actor_11\03-01-07-01-02-01-11.wav,03-01-07-01-02-01-11.wav,03,01,07,disgust,normal,Dogs are sitting by the door,1,11,male,train,,3.470125,48000,1,166566,PCM_16,8a65eae87ea569e4b55df20a89271f33
C:\Emotion detection\-Emotion-Recognition-from-Speech\data\raw\RAVDESS\Actor_11\03-01-07-01-02-02-11.wav,03-01-07-01-02-02-11.wav,03,01,07,disgust,normal,Dogs are sitting by the door,2,11,male,train,,3.6703333333333332,48000,1,176176,PCM_16,a7f13c4b5a0eefc15b6b896411696484
C:\Emotion detection\-Emotion-Recognition-from-Speech\data\raw\RAVDESS\Actor_11\03-01-07-02-01-01-11.wav,03-01-07-02-01-01-11.wav,03,01,07,disgust,strong,Kids are talking by the door,1,11,male,train,,3.8038125,48000,1,182583,PCM_16,eef71da6e8a3431365bc9d313de282b0
C:\Emotion detection\-Emotion-Recognition-from-Speech\data\raw\RAVDESS\Actor_11\03-01-07-02-01-02-11.wav,03-01-07-02-01-02-11.wav,03,01,07,disgust,strong,Kids are talking by the door,2,11,male,train,,3.8038125,48000,1,182583,PCM_16,a71156c2f8e4f467058ed6b4afd86836
C:\Emotion detection\-Emotion-Recognition-from-Speech\data\raw\RAVDESS\Actor_11\03-01-07-02-02-01-11.wav,03-01-07-02-02-01-11.wav,03,01,07,disgust,strong,Dogs are sitting by the door,1,11,male,train,,3.7370625,48000,1,179379,PCM_16,2d06f7726a1cf017060d644c3b41878c
C:\Emotion detection\-Emotion-Recognition-from-Speech\data\raw\RAVDESS\Actor_11\03-01-07-02-02-02-11.wav,03-01-07-02-02-02-11.wav,03,01,07,disgust,strong,Dogs are sitting by the door,2,11,male,train,,3.7370625,48000,1,179379,PCM_16,e9b29afd85d03b7df483d9e190c0f517
C:\Emotion detection\-Emotion-Recognition-from-Speech\data\raw\RAVDESS\Actor_11\03-01-08-01-01-01-11.wav,03-01-08-01-01-01-11.wav,03,01,08,surprised,normal,Kids are talking by the door,1,11,male,train,,3.069729166666667,48000,1,147347,PCM_16,ffbc84416b9560b036b9d1f7e47f1194
C:\Emotion detection\-Emotion-Recognition-from-Speech\data\raw\RAVDESS\Actor_11\03-01-08-01-01-02-11.wav,03-01-08-01-01-02-11.wav,03,01,08,surprised,normal,Kids are talking by the door,2,11,male,train,,3.136458333333333,48000,1,150550,PCM_16,f3377f1f65c8c1a7d572b18bd843b5f8
C:\Emotion detection\-Emotion-Recognition-from-Speech\data\raw\RAVDESS\Actor_11\03-01-08-01-02-01-11.wav,03-01-08-01-02-01-11.wav,03,01,08,surprised,normal,Dogs are sitting by the door,1,11,male,train,,3.1698333333333335,48000,1,152152,PCM_16,d426139d81e23031cb1c907770d08bbb
C:\Emotion detection\-Emotion-Recognition-from-Speech\data\raw\RAVDESS\Actor_11\03-01-08-01-02-02-11.wav,03-01-08-01-02-02-11.wav,03,01,08,surprised,normal,Dogs are sitting by the door,2,11,male,train,,2.969625,48000,1,142542,PCM_16,e85f6f444c3e95965ab5e170cbbac6fe
C:\Emotion detection\-Emotion-Recognition-from-Speech\data\raw\RAVDESS\Actor_11\03-01-08-02-01-01-11.wav,03-01-08-02-01-01-11.wav,03,01,08,surprised,strong,Kids are talking by the door,1,11,male,train,,3.069729166666667,48000,1,147347,PCM_16,d01d1a85e18c49533e593a424f62c098
C:\Emotion detection\-Emotion-Recognition-from-Speech\data\raw\RAVDESS\Actor_11\03-01-08-02-01-02-11.wav,03-01-08-02-01-02-11.wav,03,01,08,surprised,strong,Kids are talking by the door,2,11,male,train,,3.1031041666666668,48000,1,148949,PCM_16,a64ed69235d5300b56ee1febcb720ac2
C:\Emotion detection\-Emotion-Recognition-from-Speech\data\raw\RAVDESS\Actor_11\03-01-08-02-02-01-11.wav,03-01-08-02-02-01-11.wav,03,01,08,surprised,strong,Dogs are sitting by the door,1,11,male,train,,3.069729166666667,48000,1,147347,PCM_16,8989356824f6950ef1a9880f7005f89f
C:\Emotion detection\-Emotion-Recognition-from-Speech\data\raw\RAVDESS\Actor_11\03-01-08-02-02-02-11.wav,03-01-08-02-02-02-11.wav,03,01,08,surprised,strong,Dogs are sitting by the door,2,11,male,train,,3.069729166666667,48000,1,147347,PCM_16,8ecc51df5a29de235653cf3e462bdea0
C:\Emotion detection\-Emotion-Recognition-from-Speech\data\raw\RAVDESS\Actor_12\03-01-01-01-01-01-12.wav,03-01-01-01-01-01-12.wav,03,01,01,neutral,normal,Kids are talking by the door,1,12,female,train,,3.6369583333333333,48000,1,174574,PCM_16,8042fe3e5495baaafed967c867bd92f1
C:\Emotion detection\-Emotion-Recognition-from-Speech\data\raw\RAVDESS\Actor_12\03-01-01-01-01-02-12.wav,03-01-01-01-01-02-12.wav,03,01,01,neutral,normal,Kids are talking by the door,2,12,female,train,,3.536875,48000,1,169770,PCM_16,b961edbe6a786c60fac3028079dc2b97
C:\Emotion detection\-Emotion-Recognition-from-Speech\data\raw\RAVDESS\Actor_12\03-01-01-01-02-01-12.wav,03-01-01-01-02-01-12.wav,03,01,01,neutral,normal,Dogs are sitting by the door,1,12,female,train,,3.6036041666666665,48000,1,172973,PCM_16,da51c8559a0215ae7934d403bd5fca48
C:\Emotion detection\-Emotion-Recognition-from-Speech\data\raw\RAVDESS\Actor_12\03-01-01-01-02-02-12.wav,03-01-01-01-02-02-12.wav,03,01,01,neutral,normal,Dogs are sitting by the door,2,12,female,train,,3.636979166666667,48000,1,174575,PCM_16,7ba89690fb5ec3de43c23c24e6ae589b
C:\Emotion detection\-Emotion-Recognition-from-Speech\data\raw\RAVDESS\Actor_12\03-01-02-01-01-01-12.wav,03-01-02-01-01-01-12.wav,03,01,02,calm,normal,Kids are talking by the door,1,12,female,train,,3.8705208333333334,48000,1,185785,PCM_16,db754fa5b68be6158c4d19a5ff515896
C:\Emotion detection\-Emotion-Recognition-from-Speech\data\raw\RAVDESS\Actor_12\03-01-02-01-01-02-12.wav,03-01-02-01-01-02-12.wav,03,01,02,calm,normal,Kids are talking by the door,2,12,female,train,,3.7704166666666667,48000,1,180980,PCM_16,a237ff03432b6d801fb5f8f74fc1bdf2
C:\Emotion detection\-Emotion-Recognition-from-Speech\data\raw\RAVDESS\Actor_12\03-01-02-01-02-01-12.wav,03-01-02-01-02-01-12.wav,03,01,02,calm,normal,Dogs are sitting by the door,1,12,female,train,,3.7704375,48000,1,180981,PCM_16,186c114ed3d024510a2260c3eca5edd4
C:\Emotion detection\-Emotion-Recognition-from-Speech\data\raw\RAVDESS\Actor_12\03-01-02-01-02-02-12.wav,03-01-02-01-02-02-12.wav,03,01,02,calm,normal,Dogs are sitting by the door,2,12,female,train,,3.6703333333333332,48000,1,176176,PCM_16,67e4513819a23142f281fa9e99726564
C:\Emotion detection\-Emotion-Recognition-from-Speech\data\raw\RAVDESS\Actor_12\03-01-02-02-01-01-12.wav,03-01-02-02-01-01-12.wav,03,01,02,calm,strong,Kids are talking by the door,1,12,female,train,,3.970625,48000,1,190590,PCM_16,1d18cb8fc97b29b3f96218287fbcd16d
C:\Emotion detection\-Emotion-Recognition-from-Speech\data\raw\RAVDESS\Actor_12\03-01-02-02-01-02-12.wav,03-01-02-02-01-02-12.wav,03,01,02,calm,strong,Kids are talking by the door,2,12,female,train,,3.7704375,48000,1,180981,PCM_16,c71937d874c1c9a6ed3aadda92a63df1
C:\Emotion detection\-Emotion-Recognition-from-Speech\data\raw\RAVDESS\Actor_12\03-01-02-02-02-01-12.wav,03-01-02-02-02-01-12.wav,03,01,02,calm,strong,Dogs are sitting by the door,1,12,female,train,,3.7370833333333335,48000,1,179380,PCM_16,36cb1e3085c1a9f28b37ba1062a809c4
C:\Emotion detection\-Emotion-Recognition-from-Speech\data\raw\RAVDESS\Actor_12\03-01-02-02-02-02-12.wav,03-01-02-02-02-02-12.wav,03,01,02,calm,strong,Dogs are sitting by the door,2,12,female,train,,3.8038125,48000,1,182583,PCM_16,3b9bd39d4bc78ade568e123c4b806649
C:\Emotion detection\-Emotion-Recognition-from-Speech\data\raw\RAVDESS\Actor_12\03-01-03-01-01-01-12.wav,03-01-03-01-01-01-12.wav,03,01,03,happy,normal,Kids are talking by the door,1,12,female,train,,3.703708333333333,48000,1,177778,PCM_16,b8e5bf9c1d09897630a07deeac7637c8
C:\Emotion detection\-Emotion-Recognition-from-Speech\data\raw\RAVDESS\Actor_12\03-01-03-01-01-02-12.wav,03-01-03-01-01-02-12.wav,03,01,03,happy,normal,Kids are talking by the door,2,12,female,train,,3.7370625,48000,1,179379,PCM_16,d9d2306050ce80d2a111b5cf68b7ca2b
C:\Emotion detection\-Emotion-Recognition-from-Speech\data\raw\RAVDESS\Actor_12\03-01-03-01-02-01-12.wav,03-01-03-01-02-01-12.wav,03,01,03,happy,normal,Dogs are sitting by the door,1,12,female,train,,3.5035,48000,1,168168,PCM_16,ba8c6be9900d5ca5be624c407eab6bec
C:\Emotion detection\-Emotion-Recognition-from-Speech\data\raw\RAVDESS\Actor_12\03-01-03-01-02-02-12.wav,03-01-03-01-02-02-12.wav,03,01,03,happy,normal,Dogs are sitting by the door,2,12,female,train,,3.7370833333333335,48000,1,179380,PCM_16,a2c2e24391a3d5f42a681f4b0d838120
C:\Emotion detection\-Emotion-Recognition-from-Speech\data\raw\RAVDESS\Actor_12\03-01-03-02-01-01-12.wav,03-01-03-02-01-01-12.wav,03,01,03,happy,strong,Kids are talking by the door,1,12,female,train,,4.204208333333334,48000,1,201802,PCM_16,987e54ef304b5e0ab441637fb11f1100
C:\Emotion detection\-Emotion-Recognition-from-Speech\data\raw\RAVDESS\Actor_12\03-01-03-02-01-02-12.wav,03-01-03-02-01-02-12.wav,03,01,03,happy,strong,Kids are talking by the door,2,12,female,train,,4.137458333333333,48000,1,198598,PCM_16,05118e37da71483c0b00ccfbf89f4c9c
C:\Emotion detection\-Emotion-Recognition-from-Speech\data\raw\RAVDESS\Actor_12\03-01-03-02-02-01-12.wav,03-01-03-02-02-01-12.wav,03,01,03,happy,strong,Dogs are sitting by the door,1,12,female,train,,3.9039166666666665,48000,1,187388,PCM_16,c79d4f343121a609e10251202d10f9c8
C:\Emotion detection\-Emotion-Recognition-from-Speech\data\raw\RAVDESS\Actor_12\03-01-03-02-02-02-12.wav,03-01-03-02-02-02-12.wav,03,01,03,happy,strong,Dogs are sitting by the door,2,12,female,train,,3.970625,48000,1,190590,PCM_16,7c2caa55cf7fb940850a3e4c17874256
C:\Emotion detection\-Emotion-Recognition-from-Speech\data\raw\RAVDESS\Actor_12\03-01-04-01-01-01-12.wav,03-01-04-01-01-01-12.wav,03,01,04,sad,normal,Kids are talking by the door,1,12,female,train,,3.6703333333333332,48000,1,176176,PCM_16,3685ab076837e663ae236ec9d608a886
C:\Emotion detection\-Emotion-Recognition-from-Speech\data\raw\RAVDESS\Actor_12\03-01-04-01-01-02-12.wav,03-01-04-01-01-02-12.wav,03,01,04,sad,normal,Kids are talking by the door,2,12,female,train,,3.6035833333333334,48000,1,172972,PCM_16,fd6b987b739c058dc224ecbef394d16d
C:\Emotion detection\-Emotion-Recognition-from-Speech\data\raw\RAVDESS\Actor_12\03-01-04-01-02-01-12.wav,03-01-04-01-02-01-12.wav,03,01,04,sad,normal,Dogs are sitting by the door,1,12,female,train,,3.6703333333333332,48000,1,176176,PCM_16,636daed4fac64df3b1b190c094cbef4e
C:\Emotion detection\-Emotion-Recognition-from-Speech\data\raw\RAVDESS\Actor_12\03-01-04-01-02-02-12.wav,03-01-04-01-02-02-12.wav,03,01,04,sad,normal,Dogs are sitting by the door,2,12,female,train,,3.5702291666666666,48000,1,171371,PCM_16,714820282ed3e16e84f88c0be3a09b06
C:\Emotion detection\-Emotion-Recognition-from-Speech\data\raw\RAVDESS\Actor_12\03-01-04-02-01-01-12.wav,03-01-04-02-01-01-12.wav,03,01,04,sad,strong,Kids are talking by the door,1,12,female,train,,3.8705208333333334,48000,1,185785,PCM_16,95ba7b4fd1505751d1fccc13b743cbb3
C:\Emotion detection\-Emotion-Recognition-from-Speech\data\raw\RAVDESS\Actor_12\03-01-04-02-01-02-12.wav,03-01-04-02-01-02-12.wav,03,01,04,sad,strong,Kids are talking by the door,2,12,female,train,,3.7704375,48000,1,180981,PCM_16,1032607f39f941ff0c7d1e7d09b7f31c
C:\Emotion detection\-Emotion-Recognition-from-Speech\data\raw\RAVDESS\Actor_12\03-01-04-02-02-01-12.wav,03-01-04-02-02-01-12.wav,03,01,04,sad,strong,Dogs are sitting by the door,1,12,female,train,,3.8037916666666667,48000,1,182582,PCM_16,7b5292a3811874c22ceb0d524f8279e2
C:\Emotion detection\-Emotion-Recognition-from-Speech\data\raw\RAVDESS\Actor_12\03-01-04-02-02-02-12.wav,03-01-04-02-02-02-12.wav,03,01,04,sad,strong,Dogs are sitting by the door,2,12,female,train,,3.8705416666666665,48000,1,185786,PCM_16,3e44cec0da7185d8a0f9f45fc10a37b3
C:\Emotion detection\-Emotion-Recognition-from-Speech\data\raw\RAVDESS\Actor_12\03-01-05-01-01-01-12.wav,03-01-05-01-01-01-12.wav,03,01,05,angry,normal,Kids are talking by the door,1,12,female,train,,4.2709375,48000,1,205005,PCM_16,587dc30ddfb78f05b8973a7038034115
C:\Emotion detection\-Emotion-Recognition-from-Speech\data\raw\RAVDESS\Actor_12\03-01-05-01-01-02-12.wav,03-01-05-01-01-02-12.wav,03,01,05,angry,normal,Kids are talking by the door,2,12,female,train,,3.970625,48000,1,190590,PCM_16,7c5fd9ce683bfd1eb15cb47dd07458e7
C:\Emotion detection\-Emotion-Recognition-from-Speech\data\raw\RAVDESS\Actor_12\03-01-05-01-02-01-12.wav,03-01-05-01-02-01-12.wav,03,01,05,angry,normal,Dogs are sitting by the door,1,12,female,train,,3.7370833333333335,48000,1,179380,PCM_16,a73d646f2619661a0b4a3c24dd8e893c
C:\Emotion detection\-Emotion-Recognition-from-Speech\data\raw\RAVDESS\Actor_12\03-01-05-01-02-02-12.wav,03-01-05-01-02-02-12.wav,03,01,05,angry,normal,Dogs are sitting by the door,2,12,female,train,,4.137458333333333,48000,1,198598,PCM_16,b10bfd480afbd96082c385ae7a1fc5d2
C:\Emotion detection\-Emotion-Recognition-from-Speech\data\raw\RAVDESS\Actor_12\03-01-05-02-01-01-12.wav,03-01-05-02-01-01-12.wav,03,01,05,angry,strong,Kids are talking by the door,1,12,female,train,,3.6369583333333333,48000,1,174574,PCM_16,13e0f8f069b2b323dab66fa3826b42ac
C:\Emotion detection\-Emotion-Recognition-from-Speech\data\raw\RAVDESS\Actor_12\03-01-05-02-01-02-12.wav,03-01-05-02-01-02-12.wav,03,01,05,angry,strong,Kids are talking by the door,2,12,female,train,,3.6703333333333332,48000,1,176176,PCM_16,8255e689f8a7cf5266238a1eb27ac767
C:\Emotion detection\-Emotion-Recognition-from-Speech\data\raw\RAVDESS\Actor_12\03-01-05-02-02-01-12.wav,03-01-05-02-02-01-12.wav,03,01,05,angry,strong,Dogs are sitting by the door,1,12,female,train,,3.8038125,48000,1,182583,PCM_16,96f8c2dcdbf29cda9dafcc7983fe5a26
C:\Emotion detection\-Emotion-Recognition-from-Speech\data\raw\RAVDESS\Actor_12\03-01-05-02-02-02-12.wav,03-01-05-02-02-02-12.wav,03,01,05,angry,strong,Dogs are sitting by the door,2,12,female,train,,3.8371666666666666,48000,1,184184,PCM_16,2b8d2d842728d95ea06b231f42395b70
C:\Emotion detection\-Emotion-Recognition-from-Speech\data\raw\RAVDESS\Actor_12\03-01-06-01-01-01-12.wav,03-01-06-01-01-01-12.wav,03,01,06,fearful,normal,Kids are talking by the door,1,12,female,train,,3.4034166666666668,48000,1,163364,PCM_16,08ba9afc1ace6379959b62c9ed746f50
C:\Emotion detection\-Emotion-Recognition-from-Speech\data\raw\RAVDESS\Actor_12\03-01-06-01-01-02-12.wav,03-01-06-01-01-02-12.wav,03,01,06,fearful,normal,Kids are talking by the door,2,12,female,train,,3.5035,48000,1,168168,PCM_16,e788ea1894ab984e39a980c790571e50
C:\Emotion detection\-Emotion-Recognition-from-Speech\data\raw\RAVDESS\Actor_12\03-01-06-01-02-01-12.wav,03-01-06-01-02-01-12.wav,03,01,06,fearful,normal,Dogs are sitting by the door,1,12,female,train,,3.3700208333333332,48000,1,161761,PCM_16,10d4833e4873cf26f91094fbf2bb88d8
C:\Emotion detection\-Emotion-Recognition-from-Speech\data\raw\RAVDESS\Actor_12\03-01-06-01-02-02-12.wav,03-01-06-01-02-02-12.wav,03,01,06,fearful,normal,Dogs are sitting by the door,2,12,female,train,,3.2032083333333334,48000,1,153754,PCM_16,2ade1be1a2756cc7b8c12b3987995cd5
C:\Emotion detection\-Emotion-Recognition-from-Speech\data\raw\RAVDESS\Actor_12\03-01-06-02-01-01-12.wav,03-01-06-02-01-01-12.wav,03,01,06,fearful,strong,Kids are talking by the door,1,12,female,train,,3.7370833333333335,48000,1,179380,PCM_16,ba1739da8df63920a77dc2080ec58a6a
C:\Emotion detection\-Emotion-Recognition-from-Speech\data\raw\RAVDESS\Actor_12\03-01-06-02-01-02-12.wav,03-01-06-02-01-02-12.wav,03,01,06,fearful,strong,Kids are talking by the door,2,12,female,train,,3.703708333333333,48000,1,177778,PCM_16,51ff0e1c5ff52e8b7da7c98a811e558b
C:\Emotion detection\-Emotion-Recognition-from-Speech\data\raw\RAVDESS\Actor_12\03-01-06-02-02-01-12.wav,03-01-06-02-02-01-12.wav,03,01,06,fearful,strong,Dogs are sitting by the door,1,12,female,train,,3.4701458333333335,48000,1,166567,PCM_16,4673bfb5bd77c1683af8440b48a9197c
C:\Emotion detection\-Emotion-Recognition-from-Speech\data\raw\RAVDESS\Actor_12\03-01-06-02-02-02-12.wav,03-01-06-02-02-02-12.wav,03,01,06,fearful,strong,Dogs are sitting by the door,2,12,female,train,,3.6703333333333332,48000,1,176176,PCM_16,f7cf2d7e5857088a40c7a47a3c933a7f
C:\Emotion detection\-Emotion-Recognition-from-Speech\data\raw\RAVDESS\Actor_12\03-01-07-01-01-01-12.wav,03-01-07-01-01-01-12.wav,03,01,07,disgust,normal,Kids are talking by the door,1,12,female,train,,3.7370625,48000,1,179379,PCM_16,1e0764f11d16c9af5ba150f4e516f021
C:\Emotion detection\-Emotion-Recognition-from-Speech\data\raw\RAVDESS\Actor_12\03-01-07-01-01-02-12.wav,03-01-07-01-01-02-12.wav,03,01,07,disgust,normal,Kids are talking by the door,2,12,female,train,,3.703708333333333,48000,1,177778,PCM_16,43b381d104bbdbeb3f8539a1fd3f0916
C:\Emotion detection\-Emotion-Recognition-from-Speech\data\raw\RAVDESS\Actor_12\03-01-07-01-02-01-12.wav,03-01-07-01-02-01-12.wav,03,01,07,disgust,normal,Dogs are sitting by the door,1,12,female,train,,3.6036041666666665,48000,1,172973,PCM_16,d27209e2564e2617fb6480b364d2e22f
C:\Emotion detection\-Emotion-Recognition-from-Speech\data\raw\RAVDESS\Actor_12\03-01-07-01-02-02-12.wav,03-01-07-01-02-02-12.wav,03,01,07,disgust,normal,Dogs are sitting by the door,2,12,female,train,,3.703708333333333,48000,1,177778,PCM_16,34f4fc4486224b513df62a546571bc46
C:\Emotion detection\-Emotion-Recognition-from-Speech\data\raw\RAVDESS\Actor_12\03-01-07-02-01-01-12.wav,03-01-07-02-01-01-12.wav,03,01,07,disgust,strong,Kids are talking by the door,1,12,female,train,,3.970645833333333,48000,1,190591,PCM_16,63205fa91f970b10b1a05f7ba65c86d0
C:\Emotion detection\-Emotion-Recognition-from-Speech\data\raw\RAVDESS\Actor_12\03-01-07-02-01-02-12.wav,03-01-07-02-01-02-12.wav,03,01,07,disgust,strong,Kids are talking by the door,2,12,female,train,,4.5378541666666665,48000,1,217817,PCM_16,cb42bf17e9da27b11dd4db97238eb09e
C:\Emotion detection\-Emotion-Recognition-from-Speech\data\raw\RAVDESS\Actor_12\03-01-07-02-02-01-12.wav,03-01-07-02-02-01-12.wav,03,01,07,disgust,strong,Dogs are sitting by the door,1,12,female,train,,4.204208333333334,48000,1,201802,PCM_16,98b2bb873de2f166f8d4602849b85000
C:\Emotion detection\-Emotion-Recognition-from-Speech\data\raw\RAVDESS\Actor_12\03-01-07-02-02-02-12.wav,03-01-07-02-02-02-12.wav,03,01,07,disgust,strong,Dogs are sitting by the door,2,12,female,train,,3.970645833333333,48000,1,190591,PCM_16,069f256d56cb04229edf6ebee867a2b0
C:\Emotion detection\-Emotion-Recognition-from-Speech\data\raw\RAVDESS\Actor_12\03-01-08-01-01-01-12.wav,03-01-08-01-01-01-12.wav,03,01,08,surprised,normal,Kids are talking by the door,1,12,female,train,,3.536875,48000,1,169770,PCM_16,7a749ff580af3d4ce1978391991f63d7
C:\Emotion detection\-Emotion-Recognition-from-Speech\data\raw\RAVDESS\Actor_12\03-01-08-01-01-02-12.wav,03-01-08-01-01-02-12.wav,03,01,08,surprised,normal,Kids are talking by the door,2,12,female,train,,3.6369583333333333,48000,1,174574,PCM_16,482db1b9be85673476875f1000fb80f8
C:\Emotion detection\-Emotion-Recognition-from-Speech\data\raw\RAVDESS\Actor_12\03-01-08-01-02-01-12.wav,03-01-08-01-02-01-12.wav,03,01,08,surprised,normal,Dogs are sitting by the door,1,12,female,train,,3.5035,48000,1,168168,PCM_16,17fbf4f01a385c904bf7b568433b3e29
C:\Emotion detection\-Emotion-Recognition-from-Speech\data\raw\RAVDESS\Actor_12\03-01-08-01-02-02-12.wav,03-01-08-01-02-02-12.wav,03,01,08,surprised,normal,Dogs are sitting by the door,2,12,female,train,,3.6036041666666665,48000,1,172973,PCM_16,68bf0ab831461dc414b82204aec67bcd
C:\Emotion detection\-Emotion-Recognition-from-Speech\data\raw\RAVDESS\Actor_12\03-01-08-02-01-01-12.wav,03-01-08-02-01-01-12.wav,03,01,08,surprised,strong,Kids are talking by the door,1,12,female,train,,3.7036875,48000,1,177777,PCM_16,11f11e458faa393efd064c9206374557
C:\Emotion detection\-Emotion-Recognition-from-Speech\data\raw\RAVDESS\Actor_12\03-01-08-02-01-02-12.wav,03-01-08-02-01-02-12.wav,03,01,08,surprised,strong,Kids are talking by the door,2,12,female,train,,3.7370625,48000,1,179379,PCM_16,1a81966c7175f6b130720a08e0d5f298
C:\Emotion detection\-Emotion-Recognition-from-Speech\data\raw\RAVDESS\Actor_12\03-01-08-02-02-01-12.wav,03-01-08-02-02-01-12.wav,03,01,08,surprised,strong,Dogs are sitting by the door,1,12,female,train,,3.7370625,48000,1,179379,PCM_16,df1eef23cea1d6fe3d9b114b5df8119a
C:\Emotion detection\-Emotion-Recognition-from-Speech\data\raw\RAVDESS\Actor_12\03-01-08-02-02-02-12.wav,03-01-08-02-02-02-12.wav,03,01,08,surprised,strong,Dogs are sitting by the door,2,12,female,train,,3.6703333333333332,48000,1,176176,PCM_16,26389ae9570c1cdd6f743de28f1cc87f
C:\Emotion detection\-Emotion-Recognition-from-Speech\data\raw\RAVDESS\Actor_13\03-01-01-01-01-01-13.wav,03-01-01-01-01-01-13.wav,03,01,01,neutral,normal,Kids are talking by the door,1,13,male,train,,3.1698333333333335,48000,1,152152,PCM_16,334547cd59ecc9594837b3cc95ee5b67
C:\Emotion detection\-Emotion-Recognition-from-Speech\data\raw\RAVDESS\Actor_13\03-01-01-01-01-02-13.wav,03-01-01-01-01-02-13.wav,03,01,01,neutral,normal,Kids are talking by the door,2,13,male,train,,3.2031875,48000,1,153753,PCM_16,5324ff54d5de96aaf2f38649fc998aae
C:\Emotion detection\-Emotion-Recognition-from-Speech\data\raw\RAVDESS\Actor_13\03-01-01-01-02-01-13.wav,03-01-01-01-02-01-13.wav,03,01,01,neutral,normal,Dogs are sitting by the door,1,13,male,train,,3.069729166666667,48000,1,147347,PCM_16,3eeb337f86179e1047f051f0886ab6f8
C:\Emotion detection\-Emotion-Recognition-from-Speech\data\raw\RAVDESS\Actor_13\03-01-01-01-02-02-13.wav,03-01-01-01-02-02-13.wav,03,01,01,neutral,normal,Dogs are sitting by the door,2,13,male,train,,3.136458333333333,48000,1,150550,PCM_16,676c41448a503834b36e3ae39d7bc695
C:\Emotion detection\-Emotion-Recognition-from-Speech\data\raw\RAVDESS\Actor_13\03-01-02-01-01-01-13.wav,03-01-02-01-01-01-13.wav,03,01,02,calm,normal,Kids are talking by the door,1,13,male,train,,3.3032916666666665,48000,1,158558,PCM_16,0b91b53a6c527681e1bf70d045ead2cd
C:\Emotion detection\-Emotion-Recognition-from-Speech\data\raw\RAVDESS\Actor_13\03-01-02-01-01-02-13.wav,03-01-02-01-01-02-13.wav,03,01,02,calm,normal,Kids are talking by the door,2,13,male,train,,3.1698333333333335,48000,1,152152,PCM_16,928a856830d44d374f1118a63495eaed
C:\Emotion detection\-Emotion-Recognition-from-Speech\data\raw\RAVDESS\Actor_13\03-01-02-01-02-01-13.wav,03-01-02-01-02-01-13.wav,03,01,02,calm,normal,Dogs are sitting by the door,1,13,male,train,,3.136458333333333,48000,1,150550,PCM_16,5f522bd43e06f8e987a80355a0dcf1d5
C:\Emotion detection\-Emotion-Recognition-from-Speech\data\raw\RAVDESS\Actor_13\03-01-02-01-02-02-13.wav,03-01-02-01-02-02-13.wav,03,01,02,calm,normal,Dogs are sitting by the door,2,13,male,train,,2.9362708333333334,48000,1,140941,PCM_16,462f0dcf2fb60be6a877cf3eb2cdcf35
C:\Emotion detection\-Emotion-Recognition-from-Speech\data\raw\RAVDESS\Actor_13\03-01-02-02-01-01-13.wav,03-01-02-02-01-01-13.wav,03,01,02,calm,strong,Kids are talking by the door,1,13,male,train,,3.1364791666666667,48000,1,150551,PCM_16,89501155315e142d294dcee117bd96e4
C:\Emotion detection\-Emotion-Recognition-from-Speech\data\raw\RAVDESS\Actor_13\03-01-02-02-01-02-13.wav,03-01-02-02-01-02-13.wav,03,01,02,calm,strong,Kids are talking by the door,2,13,male,train,,3.2032083333333334,48000,1,153754,PCM_16,13dfd5f930dd76a35de730add7d40e44
C:\Emotion detection\-Emotion-Recognition-from-Speech\data\raw\RAVDESS\Actor_13\03-01-02-02-02-01-13.wav,03-01-02-02-02-01-13.wav,03,01,02,calm,strong,Dogs are sitting by the door,1,13,male,train,,3.003,48000,1,144144,PCM_16,c6d3fbc125c7acc5e5915c10a4e15ed4
C:\Emotion detection\-Emotion-Recognition-from-Speech\data\raw\RAVDESS\Actor_13\03-01-02-02-02-02-13.wav,03-01-02-02-02-02-13.wav,03,01,02,calm,strong,Dogs are sitting by the door,2,13,male,train,,3.0363541666666665,48000,1,145745,PCM_16,7394c161e9f4a1a5727bcb8073bc4b55
C:\Emotion detection\-Emotion-Recognition-from-Speech\data\raw\RAVDESS\Actor_13\03-01-03-01-01-01-13.wav,03-01-03-01-01-01-13.wav,03,01,03,happy,normal,Kids are talking by the door,1,13,male,train,,3.2365625,48000,1,155355,PCM_16,568ed3f24c1d2116efd67b0b5a95d003
C:\Emotion detection\-Emotion-Recognition-from-Speech\data\raw\RAVDESS\Actor_13\03-01-03-01-01-02-13.wav,03-01-03-01-01-02-13.wav,03,01,03,happy,normal,Kids are talking by the door,2,13,male,train,,3.2032083333333334,48000,1,153754,PCM_16,a5ab4e211ecf5df7f5d1ccc1cafeafeb
C:\Emotion detection\-Emotion-Recognition-from-Speech\data\raw\RAVDESS\Actor_13\03-01-03-01-02-01-13.wav,03-01-03-01-02-01-13.wav,03,01,03,happy,normal,Dogs are sitting by the door,1,13,male,train,,3.1364791666666667,48000,1,150551,PCM_16,23307de7b47d5e1aa97b20667169a707
C:\Emotion detection\-Emotion-Recognition-from-Speech\data\raw\RAVDESS\Actor_13\03-01-03-01-02-02-13.wav,03-01-03-01-02-02-13.wav,03,01,03,happy,normal,Dogs are sitting by the door,2,13,male,train,,3.2032083333333334,48000,1,153754,PCM_16,fe5e7f1d8c0c636b183cea6121c1e743
C:\Emotion detection\-Emotion-Recognition-from-Speech\data\raw\RAVDESS\Actor_13\03-01-03-02-01-01-13.wav,03-01-03-02-01-01-13.wav,03,01,03,happy,strong,Kids are talking by the door,1,13,male,train,,3.4367708333333336,48000,1,164965,PCM_16,545664caf39a3c16e7be6f76edd57ec5
C:\Emotion detection\-Emotion-Recognition-from-Speech\data\raw\RAVDESS\Actor_13\03-01-03-02-01-02-13.wav,03-01-03-02-01-02-13.wav,03,01,03,happy,strong,Kids are talking by the door,2,13,male,train,,3.6036041666666665,48000,1,172973,PCM_16,555fd57c34528c0cb7fbf85b6fcf4c07
C:\Emotion detection\-Emotion-Recognition-from-Speech\data\raw\RAVDESS\Actor_13\03-01-03-02-02-01-13.wav,03-01-03-02-02-01-13.wav,03,01,03,happy,strong,Dogs are sitting by the door,1,13,male,train,,3.3700208333333332,48000,1,161761,PCM_16,f47e4652844526e075f626e0855c1d92
C:\Emotion detection\-Emotion-Recognition-from-Speech\data\raw\RAVDESS\Actor_13\03-01-03-02-02-02-13.wav,03-01-03-02-02-02-13.wav,03,01,03,happy,strong,Dogs are sitting by the door,2,13,male,train,,3.3366666666666664,48000,1,160160,PCM_16,a9d61ee219d0dce467d9486fce3f44d9
C:\Emotion detection\-Emotion-Recognition-from-Speech\data\raw\RAVDESS\Actor_13\03-01-04-01-01-01-13.wav,03-01-04-01-01-01-13.wav,03,01,04,sad,normal,Kids are talking by the door,1,13,male,train,,3.5702291666666666,48000,1,171371,PCM_16,9d34749bfc0540a1fad4b22cd6d4edb9
C:\Emotion detection\-Emotion-Recognition-from-Speech\data\raw\RAVDESS\Actor_13\03-01-04-01-01-02-13.wav,03-01-04-01-01-02-13.wav,03,01,04,sad,normal,Kids are talking by the door,2,13,male,train,,3.5368541666666666,48000,1,169769,PCM_16,69354a980ef68d22dd3db481e26fa3a6
C:\Emotion detection\-Emotion-Recognition-from-Speech\data\raw\RAVDESS\Actor_13\03-01-04-01-02-01-13.wav,03-01-04-01-02-01-13.wav,03,01,04,sad,normal,Dogs are sitting by the door,1,13,male,train,,3.4367708333333336,48000,1,164965,PCM_16,f2e6e171383c5e2e4cb1dfe7ebca41bb
C:\Emotion detection\-Emotion-Recognition-from-Speech\data\raw\RAVDESS\Actor_13\03-01-04-01-02-02-13.wav,03-01-04-01-02-02-13.wav,03,01,04,sad,normal,Dogs are sitting by the door,2,13,male,train,,3.370041666666667,48000,1,161762,PCM_16,3d1088634a1ee1d0c9772521a9bbf38b
C:\Emotion detection\-Emotion-Recognition-from-Speech\data\raw\RAVDESS\Actor_13\03-01-04-02-01-01-13.wav,03-01-04-02-01-01-13.wav,03,01,04,sad,strong,Kids are talking by the door,1,13,male,train,,3.3366666666666664,48000,1,160160,PCM_16,28506d9aadff6be1d4df0e482709af3a
C:\Emotion detection\-Emotion-Recognition-from-Speech\data\raw\RAVDESS\Actor_13\03-01-04-02-01-02-13.wav,03-01-04-02-01-02-13.wav,03,01,04,sad,strong,Kids are talking by the door,2,13,male,train,,3.3032916666666665,48000,1,158558,PCM_16,d8d7c985f4eb4b15bf9d31e857130f4f
C:\Emotion detection\-Emotion-Recognition-from-Speech\data\raw\RAVDESS\Actor_13\03-01-04-02-02-01-13.wav,03-01-04-02-02-01-13.wav,03,01,04,sad,strong,Dogs are sitting by the door,1,13,male,train,,3.4367708333333336,48000,1,164965,PCM_16,9b32437eb1d1d76016dc85d4deefd106
C:\Emotion detection\-Emotion-Recognition-from-Speech\data\raw\RAVDESS\Actor_13\03-01-04-02-02-02-13.wav,03-01-04-02-02-02-13.wav,03,01,04,sad,strong,Dogs are sitting by the door,2,13,male,train,,3.2031875,48000,1,153753,PCM_16,4eab0555f0cb37472b21088f39e39389
C:\Emotion detection\-Emotion-Recognition-from-Speech\data\raw\RAVDESS\Actor_13\03-01-05-01-01-01-13.wav,03-01-05-01-01-01-13.wav,03,01,05,angry,normal,Kids are talking by the door,1,13,male,train,,3.4367708333333336,48000,1,164965,PCM_16,5ce9fb7c3524d08b0660b8aff798d547
C:\Emotion detection\-Emotion-Recognition-from-Speech\data\raw\RAVDESS\Actor_13\03-01-05-01-01-02-13.wav,03-01-05-01-01-02-13.wav,03,01,05,angry,normal,Kids are talking by the door,2,13,male,train,,3.5368541666666666,48000,1,169769,PCM_16,f44e642f47b120f9d869c1bf691f70b3
C:\Emotion detection\-Emotion-Recognition-from-Speech\data\raw\RAVDESS\Actor_13\03-01-05-01-02-01-13.wav,03-01-05-01-02-01-13.wav,03,01,05,angry,normal,Dogs are sitting by the door,1,13,male,train,,3.6036041666666665,48000,1,172973,PCM_16,1a730a5f7416949d6f4b21c80ad6fc08
C:\Emotion detection\-Emotion-Recognition-from-Speech\data\raw\RAVDESS\Actor_13\03-01-05-01-02-02-13.wav,03-01-05-01-02-02-13.wav,03,01,05,angry,normal,Dogs are sitting by the door,2,13,male,train,,3.3700208333333332,48000,1,161761,PCM_16,95ddc9c1d18d30580f6a8e9cf2af0163
C:\Emotion detection\-Emotion-Recognition-from-Speech\data\raw\RAVDESS\Actor_13\03-01-05-02-01-01-13.wav,03-01-05-02-01-01-13.wav,03,01,05,angry,strong,Kids are talking by the door,1,13,male,train,,3.6703333333333332,48000,1,176176,PCM_16,a5670e4d26624b6b767670c6425a7505
C:\Emotion detection\-Emotion-Recognition-from-Speech\data\raw\RAVDESS\Actor_13\03-01-05-02-01-02-13.wav,03-01-05-02-01-02-13.wav,03,01,05,angry,strong,Kids are talking by the door,2,13,male,train,,4.2709375,48000,1,205005,PCM_16,981b671e975621b44641f675acd4b1bc
C:\Emotion detection\-Emotion-Recognition-from-Speech\data\raw\RAVDESS\Actor_13\03-01-05-02-02-01-13.wav,03-01-05-02-02-01-13.wav,03,01,05,angry,strong,Dogs are sitting by the door,1,13,male,train,,3.5702291666666666,48000,1,171371,PCM_16,e6f3e99445895083012c1aed68c41c37
C:\Emotion detection\-Emotion-Recognition-from-Speech\data\raw\RAVDESS\Actor_13\03-01-05-02-02-02-13.wav,03-01-05-02-02-02-13.wav,03,01,05,angry,strong,Dogs are sitting by the door,2,13,male,train,,4.170833333333333,48000,1,200200,PCM_16,77dd6c97a556f60b70e61bbb5f9d0ffa
C:\Emotion detection\-Emotion-Recognition-from-Speech\data\raw\RAVDESS\Actor_13\03-01-06-01-01-01-13.wav,03-01-06-01-01-01-13.wav,03,01,06,fearful,normal,Kids are talking by the door,1,13,male,train,,3.1364791666666667,48000,1,150551,PCM_16,857e1260d100800778136b544ded7594
C:\Emotion detection\-Emotion-Recognition-from-Speech\data\raw\RAVDESS\Actor_13\03-01-06-01-01-02-13.wav,03-01-06-01-01-02-13.wav,03,01,06,fearful,normal,Kids are talking by the door,2,13,male,train,,3.1698333333333335,48000,1,152152,PCM_16,14e7e94f40fb9cfbe5275d4283e868aa
C:\Emotion detection\-Emotion-Recognition-from-Speech\data\raw\RAVDESS\Actor_13\03-01-06-01-02-01-13.wav,03-01-06-01-02-01-13.wav,03,01,06,fearful,normal,Dogs are sitting by the door,1,13,male,train,,3.2032083333333334,48000,1,153754,PCM_16,04e44b9f51fd0ebbb2336886fa2fe2ee
C:\Emotion detection\-Emotion-Recognition-from-Speech\data\raw\RAVDESS\Actor_13\03-01-06-01-02-02-13.wav,03-01-06-01-02-02-13.wav,03,01,06,fearful,normal,Dogs are sitting by the door,2,13,male,train,,3.2365625,48000,1,155355,PCM_16,6508a4429d2079126cee2103c28469d9
C:\Emotion detection\-Emotion-Recognition-from-Speech\data\raw\RAVDESS\Actor_13\03-01-06-02-01-01-13.wav,03-01-06-02-01-01-13.wav,03,01,06,fearful,strong,Kids are talking by the door,1,13,male,train,,3.370041666666667,48000,1,161762,PCM_16,01ff0958c0d8ee9e3d2168083d5e4fe6
C:\Emotion detection\-Emotion-Recognition-from-Speech\data\raw\RAVDESS\Actor_13\03-01-06-02-01-02-13.wav,03-01-06-02-01-02-13.wav,03,01,06,fearful,strong,Kids are talking by the door,2,13,male,train,,3.2699375,48000,1,156957,PCM_16,bacb99d19b87d4498d7d2156390fbe5e
C:\Emotion detection\-Emotion-Recognition-from-Speech\data\raw\RAVDESS\Actor_13\03-01-06-02-02-01-13.wav,03-01-06-02-02-01-13.wav,03,01,06,fearful,strong,Dogs are sitting by the door,1,13,male,train,,3.5035,48000,1,168168,PCM_16,7789f0fa00f79ca54e0da2743eabcb04
C:\Emotion detection\-Emotion-Recognition-from-Speech\data\raw\RAVDESS\Actor_13\03-01-06-02-02-02-13.wav,03-01-06-02-02-02-13.wav,03,01,06,fearful,strong,Dogs are sitting by the door,2,13,male,train,,3.2032083333333334,48000,1,153754,PCM_16,cda9799f6a2b036542629929461dffc4
C:\Emotion detection\-Emotion-Recognition-from-Speech\data\raw\RAVDESS\Actor_13\03-01-07-01-01-01-13.wav,03-01-07-01-01-01-13.wav,03,01,07,disgust,normal,Kids are talking by the door,1,13,male,train,,3.136458333333333,48000,1,150550,PCM_16,56b465d2b585ea3a99a07d5183140218
C:\Emotion detection\-Emotion-Recognition-from-Speech\data\raw\RAVDESS\Actor_13\03-01-07-01-01-02-13.wav,03-01-07-01-01-02-13.wav,03,01,07,disgust,normal,Kids are talking by the door,2,13,male,train,,3.1698333333333335,48000,1,152152,PCM_16,d90ed376cf718ed77c94941194838d33
C:\Emotion detection\-Emotion-Recognition-from-Speech\data\raw\RAVDESS\Actor_13\03-01-07-01-02-01-13.wav,03-01-07-01-02-01-13.wav,03,01,07,disgust,normal,Dogs are sitting by the door,1,13,male,train,,3.2699375,48000,1,156957,PCM_16,ac5e8f4eb84a240b2e0125c874c1cfff
C:\Emotion detection\-Emotion-Recognition-from-Speech\data\raw\RAVDESS\Actor_13\03-01-07-01-02-02-13.wav,03-01-07-01-02-02-13.wav,03,01,07,disgust,normal,Dogs are sitting by the door,2,13,male,train,,3.2365625,48000,1,155355,PCM_16,1921ceb1499220c3e88f0bcb984ce925
C:\Emotion detection\-Emotion-Recognition-from-Speech\data\raw\RAVDESS\Actor_13\03-01-07-02-01-01-13.wav,03-01-07-02-01-01-13.wav,03,01,07,disgust,strong,Kids are talking by the door,1,13,male,train,,3.403395833333333,48000,1,163363,PCM_16,39f92cf6d7d9e339d0d34afb91df32cb
C:\Emotion detection\-Emotion-Recognition-from-Speech\data\raw\RAVDESS\Actor_13\03-01-07-02-01-02-13.wav,03-01-07-02-01-02-13.wav,03,01,07,disgust,strong,Kids are talking by the door,2,13,male,train,,3.703708333333333,48000,1,177778,PCM_16,1c4ef03b01f727d6e92fb394192d0294
C:\Emotion detection\-Emotion-Recognition-from-Speech\data\raw\RAVDESS\Actor_13\03-01-07-02-02-01-13.wav,03-01-07-02-02-01-13.wav,03,01,07,disgust,strong,Dogs are sitting by the door,1,13,male,train,,3.403395833333333,48000,1,163363,PCM_16,cd5f2e4167f78b143b250676bcda2e0c
C:\Emotion detection\-Emotion-Recognition-from-Speech\data\raw\RAVDESS\Actor_13\03-01-07-02-02-02-13.wav,03-01-07-02-02-02-13.wav,03,01,07,disgust,strong,Dogs are sitting by the door,2,13,male,train,,3.4367708333333336,48000,1,164965,PCM_16,005ffccc0d72f9711712b89572301708
C:\Emotion detection\-Emotion-Recognition-from-Speech\data\raw\RAVDESS\Actor_13\03-01-08-01-01-01-13.wav,03-01-08-01-01-01-13.wav,03,01,08,surprised,normal,Kids are talking by the door,1,13,male,train,,3.403395833333333,48000,1,163363,PCM_16,06fdb8454314a43aaba7e78a048a09c3
C:\Emotion detection\-Emotion-Recognition-from-Speech\data\raw\RAVDESS\Actor_13\03-01-08-01-01-02-13.wav,03-01-08-01-01-02-13.wav,03,01,08,surprised,normal,Kids are talking by the door,2,13,male,train,,3.136458333333333,48000,1,150550,PCM_16,375b3d331f24d31c013a070058f0388a
C:\Emotion detection\-Emotion-Recognition-from-Speech\data\raw\RAVDESS\Actor_13\03-01-08-01-02-01-13.wav,03-01-08-01-02-01-13.wav,03,01,08,surprised,normal,Dogs are sitting by the door,1,13,male,train,,3.1364791666666667,48000,1,150551,PCM_16,f7915cc6016a4ec8a75b6730f0d8d21c
C:\Emotion detection\-Emotion-Recognition-from-Speech\data\raw\RAVDESS\Actor_13\03-01-08-01-02-02-13.wav,03-01-08-01-02-02-13.wav,03,01,08,surprised,normal,Dogs are sitting by the door,2,13,male,train,,3.036375,48000,1,145746,PCM_16,921823fad09582c44291dbd157d329b0
C:\Emotion detection\-Emotion-Recognition-from-Speech\data\raw\RAVDESS\Actor_13\03-01-08-02-01-01-13.wav,03-01-08-02-01-01-13.wav,03,01,08,surprised,strong,Kids are talking by the door,1,13,male,train,,3.3366666666666664,48000,1,160160,PCM_16,eb1294bff224d435f24446fd201a6f3f
C:\Emotion detection\-Emotion-Recognition-from-Speech\data\raw\RAVDESS\Actor_13\03-01-08-02-01-02-13.wav,03-01-08-02-01-02-13.wav,03,01,08,surprised,strong,Kids are talking by the door,2,13,male,train,,3.3032916666666665,48000,1,158558,PCM_16,f824a9e0177ce806ed8b042f30f15c3b
C:\Emotion detection\-Emotion-Recognition-from-Speech\data\raw\RAVDESS\Actor_13\03-01-08-02-02-01-13.wav,03-01-08-02-02-01-13.wav,03,01,08,surprised,strong,Dogs are sitting by the door,1,13,male,train,,3.3366666666666664,48000,1,160160,PCM_16,dc5aba99af895048fc5c326e32480ceb
C:\Emotion detection\-Emotion-Recognition-from-Speech\data\raw\RAVDESS\Actor_13\03-01-08-02-02-02-13.wav,03-01-08-02-02-02-13.wav,03,01,08,surprised,strong,Dogs are sitting by the door,2,13,male,train,,3.3032916666666665,48000,1,158558,PCM_16,b85b784711f2d82cf0cf5ff0c42f1b37
C:\Emotion detection\-Emotion-Recognition-from-Speech\data\raw\RAVDESS\Actor_14\03-01-01-01-01-01-14.wav,03-01-01-01-01-01-14.wav,03,01,01,neutral,normal,Kids are talking by the door,1,14,female,train,,3.470125,48000,1,166566,PCM_16,f484cdc44ac2acf2c300de66aa4a5501
C:\Emotion detection\-Emotion-Recognition-from-Speech\data\raw\RAVDESS\Actor_14\03-01-01-01-01-02-14.wav,03-01-01-01-01-02-14.wav,03,01,01,neutral,normal,Kids are talking by the door,2,14,female,train,,3.3366666666666664,48000,1,160160,PCM_16,4b57e0a44b65c7ba2ecffac5bbff068f
C:\Emotion detection\-Emotion-Recognition-from-Speech\data\raw\RAVDESS\Actor_14\03-01-01-01-02-01-14.wav,03-01-01-01-02-01-14.wav,03,01,01,neutral,normal,Dogs are sitting by the door,1,14,female,train,,3.4701458333333335,48000,1,166567,PCM_16,e05cb2f9fc0fd919da713224be7f4121
C:\Emotion detection\-Emotion-Recognition-from-Speech\data\raw\RAVDESS\Actor_14\03-01-01-01-02-02-14.wav,03-01-01-01-02-02-14.wav,03,01,01,neutral,normal,Dogs are sitting by the door,2,14,female,train,,3.5702291666666666,48000,1,171371,PCM_16,577f907781371f1410bd1d706a10447b
C:\Emotion detection\-Emotion-Recognition-from-Speech\data\raw\RAVDESS\Actor_14\03-01-02-01-01-01-14.wav,03-01-02-01-01-01-14.wav,03,01,02,calm,normal,Kids are talking by the door,1,14,female,train,,3.7370625,48000,1,179379,PCM_16,89fddcdfa8e9bd48ea4b235d36415192
C:\Emotion detection\-Emotion-Recognition-from-Speech\data\raw\RAVDESS\Actor_14\03-01-02-01-01-02-14.wav,03-01-02-01-01-02-14.wav,03,01,02,calm,normal,Kids are talking by the door,2,14,female,train,,3.5702291666666666,48000,1,171371,PCM_16,6971dd9e96daf435605c058c12476790
C:\Emotion detection\-Emotion-Recognition-from-Speech\data\raw\RAVDESS\Actor_14\03-01-02-01-02-01-14.wav,03-01-02-01-02-01-14.wav,03,01,02,calm,normal,Dogs are sitting by the door,1,14,female,train,,3.4034166666666668,48000,1,163364,PCM_16,0cb3511bf2f287b4396e867227a92072
C:\Emotion detection\-Emotion-Recognition-from-Speech\data\raw\RAVDESS\Actor_14\03-01-02-01-02-02-14.wav,03-01-02-01-02-02-14.wav,03,01,02,calm,normal,Dogs are sitting by the door,2,14,female,train,,3.5035,48000,1,168168,PCM_16,df468abefbbaedfaf7044090d9860719
C:\Emotion detection\-Emotion-Recognition-from-Speech\data\raw\RAVDESS\Actor_14\03-01-02-02-01-01-14.wav,03-01-02-02-01-01-14.wav,03,01,02,calm,strong,Kids are talking by the door,1,14,female,train,,3.8705208333333334,48000,1,185785,PCM_16,b5cd68c42836768ea28c7d62520f20c8
C:\Emotion detection\-Emotion-Recognition-from-Speech\data\raw\RAVDESS\Actor_14\03-01-02-02-01-02-14.wav,03-01-02-02-01-02-14.wav,03,01,02,calm,strong,Kids are talking by the door,2,14,female,train,,3.9038958333333333,48000,1,187387,PCM_16,7548f7d9f8f62de6a8badfe4a9b9d80b
C:\Emotion detection\-Emotion-Recognition-from-Speech\data\raw\RAVDESS\Actor_14\03-01-02-02-02-01-14.wav,03-01-02-02-02-01-14.wav,03,01,02,calm,strong,Dogs are sitting by the door,1,14,female,train,,3.7370625,48000,1,179379,PCM_16,7be4267139320368246099fa1ed762a0
C:\Emotion detection\-Emotion-Recognition-from-Speech\data\raw\RAVDESS\Actor_14\03-01-02-02-02-02-14.wav,03-01-02-02-02-02-14.wav,03,01,02,calm,strong,Dogs are sitting by the door,2,14,female,train,,3.7704375,48000,1,180981,PCM_16,7cab81c71a7c711fbd05b798614d0c84
C:\Emotion detection\-Emotion-Recognition-from-Speech\data\raw\RAVDESS\Actor_14\03-01-03-01-01-01-14.wav,03-01-03-01-01-01-14.wav,03,01,03,happy,normal,Kids are talking by the door,1,14,female,train,,3.703708333333333,48000,1,177778,PCM_16,b3b8f3fc1be42466905c198c0abab49e
C:\Emotion detection\-Emotion-Recognition-from-Speech\data\raw\RAVDESS\Actor_14\03-01-03-01-01-02-14.wav,03-01-03-01-01-02-14.wav,03,01,03,happy,normal,Kids are talking by the door,2,14,female,train,,3.6703333333333332,48000,1,176176,PCM_16,af8418b1d028c0df27b03191d7d9813c
C:\Emotion detection\-Emotion-Recognition-from-Speech\data\raw\RAVDESS\Actor_14\03-01-03-01-02-01-14.wav,03-01-03-01-02-01-14.wav,03,01,03,happy,normal,Dogs are sitting by the door,1,14,female,train,,3.403395833333333,48000,1,163363,PCM_16,ef05f03a7e8dad6f9c5a4549813e7037
C:\Emotion detection\-Emotion-Recognition-from-Speech\data\raw\RAVDESS\Actor_14\03-01-03-01-02-02-14.wav,03-01-03-01-02-02-14.wav,03,01,03,happy,normal,Dogs are sitting by the door,2,14,female,train,,3.470125,48000,1,166566,PCM_16,466717aeac67e110f8e01fb25059bd3e
C:\Emotion detection\-Emotion-Recognition-from-Speech\data\raw\RAVDESS\Actor_14\03-01-03-02-01-01-14.wav,03-01-03-02-01-01-14.wav,03,01,03,happy,strong,Kids are talking by the door,1,14,female,train,,3.7704166666666667,48000,1,180980,PCM_16,a19ef6c89556936d7abaf4f88b382503
C:\Emotion detection\-Emotion-Recognition-from-Speech\data\raw\RAVDESS\Actor_14\03-01-03-02-01-02-14.wav,03-01-03-02-01-02-14.wav,03,01,03,happy,strong,Kids are talking by the door,2,14,female,train,,3.7370625,48000,1,179379,PCM_16,b39e25a0565169996ff447e7b1ae11d2
C:\Emotion detection\-Emotion-Recognition-from-Speech\data\raw\RAVDESS\Actor_14\03-01-03-02-02-01-14.wav,03-01-03-02-02-01-14.wav,03,01,03,happy,strong,Dogs are sitting by the door,1,14,female,train,,3.8371666666666666,48000,1,184184,PCM_16,7dad86eff496a2d1f62914b3532d471a
C:\Emotion detection\-Emotion-Recognition-from-Speech\data\raw\RAVDESS\Actor_14\03-01-03-02-02-02-14.wav,03-01-03-02-02-02-14.wav,03,01,03,happy,strong,Dogs are sitting by the door,2,14,female,train,,3.7370625,48000,1,179379,PCM_16,0004a803910b45463b395237d28feeb9
C:\Emotion detection\-Emotion-Recognition-from-Speech\data\raw\RAVDESS\Actor_14\03-01-04-01-01-01-14.wav,03-01-04-01-01-01-14.wav,03,01,04,sad,normal,Kids are talking by the door,1,14,female,train,,3.7370625,48000,1,179379,PCM_16,07bd554e7dc4e0f2d050ec97c107a90f
C:\Emotion detection\-Emotion-Recognition-from-Speech\data\raw\RAVDESS\Actor_14\03-01-04-01-01-02-14.wav,03-01-04-01-01-02-14.wav,03,01,04,sad,normal,Kids are talking by the door,2,14,female,train,,3.6036041666666665,48000,1,172973,PCM_16,b974b9aa531379bdf38052ef46046361
C:\Emotion detection\-Emotion-Recognition-from-Speech\data\raw\RAVDESS\Actor_14\03-01-04-01-02-01-14.wav,03-01-04-01-02-01-14.wav,03,01,04,sad,normal,Dogs are sitting by the door,1,14,female,train,,3.6036041666666665,48000,1,172973,PCM_16,31743f0cf88fc12803a19736bc09395a
C:\Emotion detection\-Emotion-Recognition-from-Speech\data\raw\RAVDESS\Actor_14\03-01-04-01-02-02-14.wav,03-01-04-01-02-02-14.wav,03,01,04,sad,normal,Dogs are sitting by the door,2,14,female,train,,3.536875,48000,1,169770,PCM_16,4f092dbb5d2c521834a3f70413d8d537
C:\Emotion detection\-Emotion-Recognition-from-Speech\data\raw\RAVDESS\Actor_14\03-01-04-02-01-01-14.wav,03-01-04-02-01-01-14.wav,03,01,04,sad,strong,Kids are talking by the door,1,14,female,train,,3.8705208333333334,48000,1,185785,PCM_16,0b957844652b88df271c69cae3a03fd5
C:\Emotion detection\-Emotion-Recognition-from-Speech\data\raw\RAVDESS\Actor_14\03-01-04-02-01-02-14.wav,03-01-04-02-01-02-14.wav,03,01,04,sad,strong,Kids are talking by the door,2,14,female,train,,3.6703333333333332,48000,1,176176,PCM_16,d8d18e731aa2b4eb8b66bb1e0780b78b
C:\Emotion detection\-Emotion-Recognition-from-Speech\data\raw\RAVDESS\Actor_14\03-01-04-02-02-01-14.wav,03-01-04-02-02-01-14.wav,03,01,04,sad,strong,Dogs are sitting by the door,1,14,female,train,,3.6703333333333332,48000,1,176176,PCM_16,d318ca40bdc41b0d38c612b806eb837f
C:\Emotion detection\-Emotion-Recognition-from-Speech\data\raw\RAVDESS\Actor_14\03-01-04-02-02-02-14.wav,03-01-04-02-02-02-14.wav,03,01,04,sad,strong,Dogs are sitting by the door,2,14,female,train,,3.9039166666666665,48000,1,187388,PCM_16,c169b3e087e6e8d7c1ba96e0755847c1
C:\Emotion detection\-Emotion-Recognition-from-Speech\data\raw\RAVDESS\Actor_14\03-01-05-01-01-01-14.wav,03-01-05-01-01-01-14.wav,03,01,05,angry,normal,Kids are talking by the door,1,14,female,train,,3.6035833333333334,48000,1,172972,PCM_16,585ec118668346757853674a293107d4
C:\Emotion detection\-Emotion-Recognition-from-Speech\data\raw\RAVDESS\Actor_14\03-01-05-01-01-02-14.wav,03-01-05-01-01-02-14.wav,03,01,05,angry,normal,Kids are talking by the door,2,14,female,train,,3.703708333333333,48000,1,177778,PCM_16,099bf5ebc45239875a40c976a5f54243
C:\Emotion detection\-Emotion-Recognition-from-Speech\data\raw\RAVDESS\Actor_14\03-01-05-01-02-01-14.wav,03-01-05-01-02-01-14.wav,03,01,05,angry,normal,Dogs are sitting by the door,1,14,female,train,,3.7370625,48000,1,179379,PCM_16,2eda5f1305c05d055a2ac56594809c8e
C:\Emotion detection\-Emotion-Recognition-from-Speech\data\raw\RAVDESS\Actor_14\03-01-05-01-02-02-14.wav,03-01-05-01-02-02-14.wav,03,01,05,angry,normal,Dogs are sitting by the door,2,14,female,train,,3.9039166666666665,48000,1,187388,PCM_16,99869f4c48a84740d2b162baf4115eae
C:\Emotion detection\-Emotion-Recognition-from-Speech\data\raw\RAVDESS\Actor_14\03-01-05-02-01-01-14.wav,03-01-05-02-01-01-14.wav,03,01,05,angry,strong,Kids are talking by the door,1,14,female,train,,4.2709375,48000,1,205005,PCM_16,dcc03517791c2c533badb0eb8aeb4ea4
C:\Emotion detection\-Emotion-Recognition-from-Speech\data\raw\RAVDESS\Actor_14\03-01-05-02-01-02-14.wav,03-01-05-02-01-02-14.wav,03,01,05,angry,strong,Kids are talking by the door,2,14,female,train,,4.371020833333334,48000,1,209809,PCM_16,5ef2a53c1bb8baaf349612afe169e13d
C:\Emotion detection\-Emotion-Recognition-from-Speech\data\raw\RAVDESS\Actor_14\03-01-05-02-02-01-14.wav,03-01-05-02-02-01-14.wav,03,01,05,angry,strong,Dogs are sitting by the door,1,14,female,train,,4.170833333333333,48000,1,200200,PCM_16,9c683df6aaa39defffa463b9a5e7fef5
C:\Emotion detection\-Emotion-Recognition-from-Speech\data\raw\RAVDESS\Actor_14\03-01-05-02-02-02-14.wav,03-01-05-02-02-02-14.wav,03,01,05,angry,strong,Dogs are sitting by the door,2,14,female,train,,4.404416666666667,48000,1,211412,PCM_16,f2afaf10be2dd735ca203bd205109da2
C:\Emotion detection\-Emotion-Recognition-from-Speech\data\raw\RAVDESS\Actor_14\03-01-06-01-01-01-14.wav,03-01-06-01-01-01-14.wav,03,01,06,fearful,normal,Kids are talking by the door,1,14,female,train,,3.3700208333333332,48000,1,161761,PCM_16,85b320474fca0822f572abf05fb6ce80
C:\Emotion detection\-Emotion-Recognition-from-Speech\data\raw\RAVDESS\Actor_14\03-01-06-01-01-02-14.wav,03-01-06-01-01-02-14.wav,03,01,06,fearful,normal,Kids are talking by the door,2,14,female,train,,3.5702291666666666,48000,1,171371,PCM_16,2f9559fc552024e5d6fc89217a141f07
C:\Emotion detection\-Emotion-Recognition-from-Speech\data\raw\RAVDESS\Actor_14\03-01-06-01-02-01-14.wav,03-01-06-01-02-01-14.wav,03,01,06,fearful,normal,Dogs are sitting by the door,1,14,female,train,,3.370041666666667,48000,1,161762,PCM_16,c6dfe715d4a0f276d1c7fa8adc635902
C:\Emotion detection\-Emotion-Recognition-from-Speech\data\raw\RAVDESS\Actor_14\03-01-06-01-02-02-14.wav,03-01-06-01-02-02-14.wav,03,01,06,fearful,normal,Dogs are sitting by the door,2,14,female,train,,3.3700208333333332,48000,1,161761,PCM_16,299f8725e3e5a79d8e9d9b7d5c74e0c0
C:\Emotion detection\-Emotion-Recognition-from-Speech\data\raw\RAVDESS\Actor_14\03-01-06-02-01-01-14.wav,03-01-06-02-01-01-14.wav,03,01,06,fearful,strong,Kids are talking by the door,1,14,female,train,,3.3700208333333332,48000,1,161761,PCM_16,44a377b2e09efc2e30f099d9471f6dee
C:\Emotion detection\-Emotion-Recognition-from-Speech\data\raw\RAVDESS\Actor_14\03-01-06-02-01-02-14.wav,03-01-06-02-01-02-14.wav,03,01,06,fearful,strong,Kids are talking by the door,2,14,female,train,,3.403395833333333,48000,1,163363,PCM_16,75b7a7bc2e6ec22144178621707b7da2
C:\Emotion detection\-Emotion-Recognition-from-Speech\data\raw\RAVDESS\Actor_14\03-01-06-02-02-01-14.wav,03-01-06-02-02-01-14.wav,03,01,06,fearful,strong,Dogs are sitting by the door,1,14,female,train,,3.5035,48000,1,168168,PCM_16,c0c8d17e63c1dc3aff7df3b0a1be43f5
C:\Emotion detection\-Emotion-Recognition-from-Speech\data\raw\RAVDESS\Actor_14\03-01-06-02-02-02-14.wav,03-01-06-02-02-02-14.wav,03,01,06,fearful,strong,Dogs are sitting by the door,2,14,female,train,,3.470125,48000,1,166566,PCM_16,2f8b227ec924a89d6ee95ffc69d8c307
C:\Emotion detection\-Emotion-Recognition-from-Speech\data\raw\RAVDESS\Actor_14\03-01-07-01-01-01-14.wav,03-01-07-01-01-01-14.wav,03,01,07,disgust,normal,Kids are talking by the door,1,14,female,train,,3.7704166666666667,48000,1,180980,PCM_16,d64064ea172e575c886879360f483a15
C:\Emotion detection\-Emotion-Recognition-from-Speech\data\raw\RAVDESS\Actor_14\03-01-07-01-01-02-14.wav,03-01-07-01-01-02-14.wav,03,01,07,disgust,normal,Kids are talking by the door,2,14,female,train,,3.6369583333333333,48000,1,174574,PCM_16,055a781cc1750b641d73022c46ebcb84
C:\Emotion detection\-Emotion-Recognition-from-Speech\data\raw\RAVDESS\Actor_14\03-01-07-01-02-01-14.wav,03-01-07-01-02-01-14.wav,03,01,07,disgust,normal,Dogs are sitting by the door,1,14,female,train,,3.7370625,48000,1,179379,PCM_16,b54dd62b4d05c777df1328286c69163a
C:\Emotion detection\-Emotion-Recognition-from-Speech\data\raw\RAVDESS\Actor_14\03-01-07-01-02-02-14.wav,03-01-07-01-02-02-14.wav,03,01,07,disgust,normal,Dogs are sitting by the door,2,14,female,train,,3.7704375,48000,1,180981,PCM_16,9febfb802f750f74cea28cbbf0f465f8
C:\Emotion detection\-Emotion-Recognition-from-Speech\data\raw\RAVDESS\Actor_14\03-01-07-02-01-01-14.wav,03-01-07-02-01-01-14.wav,03,01,07,disgust,strong,Kids are talking by the door,1,14,female,train,,3.93725,48000,1,188988,PCM_16,8078c0ea4d12f33caa978aa604139f27
C:\Emotion detection\-Emotion-Recognition-from-Speech\data\raw\RAVDESS\Actor_14\03-01-07-02-01-02-14.wav,03-01-07-02-01-02-14.wav,03,01,07,disgust,strong,Kids are talking by the door,2,14,female,train,,3.7370625,48000,1,179379,PCM_16,91da3b0120c388347508dd91626a58fc
C:\Emotion detection\-Emotion-Recognition-from-Speech\data\raw\RAVDESS\Actor_14\03-01-07-02-02-01-14.wav,03-01-07-02-02-01-14.wav,03,01,07,disgust,strong,Dogs are sitting by the door,1,14,female,train,,3.6703333333333332,48000,1,176176,PCM_16,e0cbcef9b3a00a69695cf655d1af496f
C:\Emotion detection\-Emotion-Recognition-from-Speech\data\raw\RAVDESS\Actor_14\03-01-07-02-02-02-14.wav,03-01-07-02-02-02-14.wav,03,01,07,disgust,strong,Dogs are sitting by the door,2,14,female,train,,3.8037916666666667,48000,1,182582,PCM_16,e13edc0a2adbb5f8d0b8dca4adac40e7
C:\Emotion detection\-Emotion-Recognition-from-Speech\data\raw\RAVDESS\Actor_14\03-01-08-01-01-01-14.wav,03-01-08-01-01-01-14.wav,03,01,08,surprised,normal,Kids are talking by the door,1,14,female,train,,3.636979166666667,48000,1,174575,PCM_16,fd49a0124f42365a7e4174ff672487fc
C:\Emotion detection\-Emotion-Recognition-from-Speech\data\raw\RAVDESS\Actor_14\03-01-08-01-01-02-14.wav,03-01-08-01-01-02-14.wav,03,01,08,surprised,normal,Kids are talking by the door,2,14,female,train,,3.57025,48000,1,171372,PCM_16,e5ff384ef2aecfa6ab583eb40a4c2c90
C:\Emotion detection\-Emotion-Recognition-from-Speech\data\raw\RAVDESS\Actor_14\03-01-08-01-02-01-14.wav,03-01-08-01-02-01-14.wav,03,01,08,surprised,normal,Dogs are sitting by the door,1,14,female,train,,3.2032083333333334,48000,1,153754,PCM_16,2ae4490ebd7d9a0e11d556c550369d3d
C:\Emotion detection\-Emotion-Recognition-from-Speech\data\raw\RAVDESS\Actor_14\03-01-08-01-02-02-14.wav,03-01-08-01-02-02-14.wav,03,01,08,surprised,normal,Dogs are sitting by the door,2,14,female,train,,3.3032916666666665,48000,1,158558,PCM_16,2d75189e49dd9c798d7af32713e120b0
C:\Emotion detection\-Emotion-Recognition-from-Speech\data\raw\RAVDESS\Actor_14\03-01-08-02-01-01-14.wav,03-01-08-02-01-01-14.wav,03,01,08,surprised,strong,Kids are talking by the door,1,14,female,train,,3.970625,48000,1,190590,PCM_16,ae752ea1418640b5f18ec0a779dc5708
C:\Emotion detection\-Emotion-Recognition-from-Speech\data\raw\RAVDESS\Actor_14\03-01-08-02-01-02-14.wav,03-01-08-02-01-02-14.wav,03,01,08,surprised,strong,Kids are talking by the door,2,14,female,train,,3.703708333333333,48000,1,177778,PCM_16,a7f7ead95277af39d6660e1e5537962f
C:\Emotion detection\-Emotion-Recognition-from-Speech\data\raw\RAVDESS\Actor_14\03-01-08-02-02-01-14.wav,03-01-08-02-02-01-14.wav,03,01,08,surprised,strong,Dogs are sitting by the door,1,14,female,train,,3.703708333333333,48000,1,177778,PCM_16,d97523b78f4533851d0c04a0e5c6bbef
C:\Emotion detection\-Emotion-Recognition-from-Speech\data\raw\RAVDESS\Actor_14\03-01-08-02-02-02-14.wav,03-01-08-02-02-02-14.wav,03,01,08,surprised,strong,Dogs are sitting by the door,2,14,female,train,,3.7370625,48000,1,179379,PCM_16,38f0d10b6b5006ae1e51c9a42c095fa9
C:\Emotion detection\-Emotion-Recognition-from-Speech\data\raw\RAVDESS\Actor_15\03-01-01-01-01-01-15.wav,03-01-01-01-01-01-15.wav,03,01,01,neutral,normal,Kids are talking by the door,1,15,male,train,,3.370041666666667,48000,1,161762,PCM_16,cb622a17c2041d813f8de04a79d451a0
C:\Emotion detection\-Emotion-Recognition-from-Speech\data\raw\RAVDESS\Actor_15\03-01-01-01-01-02-15.wav,03-01-01-01-01-02-15.wav,03,01,01,neutral,normal,Kids are talking by the door,2,15,male,train,,3.4367708333333336,48000,1,164965,PCM_16,2a9c311756e06a2101e4a64ccb376eb6
C:\Emotion detection\-Emotion-Recognition-from-Speech\data\raw\RAVDESS\Actor_15\03-01-01-01-02-01-15.wav,03-01-01-01-02-01-15.wav,03,01,01,neutral,normal,Dogs are sitting by the door,1,15,male,train,,3.43675,48000,1,164964,PCM_16,a9616b35533ae1559eb26fdead6fbb33
C:\Emotion detection\-Emotion-Recognition-from-Speech\data\raw\RAVDESS\Actor_15\03-01-01-01-02-02-15.wav,03-01-01-01-02-02-15.wav,03,01,01,neutral,normal,Dogs are sitting by the door,2,15,male,train,,3.403395833333333,48000,1,163363,PCM_16,5d8af01b93c5c2dafbf2479d4227b8c3
C:\Emotion detection\-Emotion-Recognition-from-Speech\data\raw\RAVDESS\Actor_15\03-01-02-01-01-01-15.wav,03-01-02-01-01-01-15.wav,03,01,02,calm,normal,Kids are talking by the door,1,15,male,train,,3.57025,48000,1,171372,PCM_16,269faf39f7baa1caff174bb10989e585
C:\Emotion detection\-Emotion-Recognition-from-Speech\data\raw\RAVDESS\Actor_15\03-01-02-01-01-02-15.wav,03-01-02-01-01-02-15.wav,03,01,02,calm,normal,Kids are talking by the door,2,15,male,train,,3.5702291666666666,48000,1,171371,PCM_16,c2567c972ea3ef5458f0c937c9dd8eff
C:\Emotion detection\-Emotion-Recognition-from-Speech\data\raw\RAVDESS\Actor_15\03-01-02-01-02-01-15.wav,03-01-02-01-02-01-15.wav,03,01,02,calm,normal,Dogs are sitting by the door,1,15,male,train,,3.7370625,48000,1,179379,PCM_16,d318be3e5ab4130c6c1106b3f61a2dc0
C:\Emotion detection\-Emotion-Recognition-from-Speech\data\raw\RAVDESS\Actor_15\03-01-02-01-02-02-15.wav,03-01-02-01-02-02-15.wav,03,01,02,calm,normal,Dogs are sitting by the door,2,15,male,train,,3.5702291666666666,48000,1,171371,PCM_16,7586d72b1475df0a5f00795829816b98
C:\Emotion detection\-Emotion-Recognition-from-Speech\data\raw\RAVDESS\Actor_15\03-01-02-02-01-01-15.wav,03-01-02-02-01-01-15.wav,03,01,02,calm,strong,Kids are talking by the door,1,15,male,train,,3.6703333333333332,48000,1,176176,PCM_16,a03301b04777080312cb0b458067bb20
C:\Emotion detection\-Emotion-Recognition-from-Speech\data\raw\RAVDESS\Actor_15\03-01-02-02-01-02-15.wav,03-01-02-02-01-02-15.wav,03,01,02,calm,strong,Kids are talking by the door,2,15,male,train,,3.8038125,48000,1,182583,PCM_16,41ef891177e212e5fb77552e16363db7
C:\Emotion detection\-Emotion-Recognition-from-Speech\data\raw\RAVDESS\Actor_15\03-01-02-02-02-01-15.wav,03-01-02-02-02-01-15.wav,03,01,02,calm,strong,Dogs are sitting by the door,1,15,male,train,,3.9372708333333333,48000,1,188989,PCM_16,cca56bca29fc787da6e5eece57bb3717
C:\Emotion detection\-Emotion-Recognition-from-Speech\data\raw\RAVDESS\Actor_15\03-01-02-02-02-02-15.wav,03-01-02-02-02-02-15.wav,03,01,02,calm,strong,Dogs are sitting by the door,2,15,male,train,,3.6035833333333334,48000,1,172972,PCM_16,cbc503ea36814cc9739d3b4de9046775
C:\Emotion detection\-Emotion-Recognition-from-Speech\data\raw\RAVDESS\Actor_15\03-01-03-01-01-01-15.wav,03-01-03-01-01-01-15.wav,03,01,03,happy,normal,Kids are talking by the door,1,15,male,train,,3.403395833333333,48000,1,163363,PCM_16,321a76b957b2d3a2e39d34f5af54300a
C:\Emotion detection\-Emotion-Recognition-from-Speech\data\raw\RAVDESS\Actor_15\03-01-03-01-01-02-15.wav,03-01-03-01-01-02-15.wav,03,01,03,happy,normal,Kids are talking by the door,2,15,male,train,,3.3366666666666664,48000,1,160160,PCM_16,0c3a3ea83634f8de2960126e251d4120
C:\Emotion detection\-Emotion-Recognition-from-Speech\data\raw\RAVDESS\Actor_15\03-01-03-01-02-01-15.wav,03-01-03-01-02-01-15.wav,03,01,03,happy,normal,Dogs are sitting by the door,1,15,male,train,,3.3366666666666664,48000,1,160160,PCM_16,f7f1a53381ef0d18cfeb4f10b76f0aea
C:\Emotion detection\-Emotion-Recognition-from-Speech\data\raw\RAVDESS\Actor_15\03-01-03-01-02-02-15.wav,03-01-03-01-02-02-15.wav,03,01,03,happy,normal,Dogs are sitting by the door,2,15,male,train,,3.4367708333333336,48000,1,164965,PCM_16,8923d07d997c5bea4e0321e137862181
C:\Emotion detection\-Emotion-Recognition-from-Speech\data\raw\RAVDESS\Actor_15\03-01-03-02-01-01-15.wav,03-01-03-02-01-01-15.wav,03,01,03,happy,strong,Kids are talking by the door,1,15,male,train,,3.5702291666666666,48000,1,171371,PCM_16,c66bd70b33e103f00f56f2efe8d92cfb
C:\Emotion detection\-Emotion-Recognition-from-Speech\data\raw\RAVDESS\Actor_15\03-01-03-02-01-02-15.wav,03-01-03-02-01-02-15.wav,03,01,03,happy,strong,Kids are talking by the door,2,15,male,train,,3.470125,48000,1,166566,PCM_16,a9c266c49e5a1cbf70641369d87cbf4f
C:\Emotion detection\-Emotion-Recognition-from-Speech\data\raw\RAVDESS\Actor_15\03-01-03-02-02-01-15.wav,03-01-03-02-02-01-15.wav,03,01,03,happy,strong,Dogs are sitting by the door,1,15,male,train,,3.8037916666666667,48000,1,182582,PCM_16,bdc58cbd182a6a83e678b32b0cc9db5c
C:\Emotion detection\-Emotion-Recognition-from-Speech\data\raw\RAVDESS\Actor_15\03-01-03-02-02-02-15.wav,03-01-03-02-02-02-15.wav,03,01,03,happy,strong,Dogs are sitting by the door,2,15,male,train,,3.370041666666667,48000,1,161762,PCM_16,018706298456c025c5b83c2e2f0de714
C:\Emotion detection\-Emotion-Recognition-from-Speech\data\raw\RAVDESS\Actor_15\03-01-04-01-01-01-15.wav,03-01-04-01-01-01-15.wav,03,01,04,sad,normal,Kids are talking by the door,1,15,male,train,,3.5035,48000,1,168168,PCM_16,0eebae6044cc7c12172d26b053d3bce1
C:\Emotion detection\-Emotion-Recognition-from-Speech\data\raw\RAVDESS\Actor_15\03-01-04-01-01-02-15.wav,03-01-04-01-01-02-15.wav,03,01,04,sad,normal,Kids are talking by the door,2,15,male,train,,3.3032916666666665,48000,1,158558,PCM_16,afea3fe0a06b0b3f204ea284819c6252
C:\Emotion detection\-Emotion-Recognition-from-Speech\data\raw\RAVDESS\Actor_15\03-01-04-01-02-01-15.wav,03-01-04-01-02-01-15.wav,03,01,04,sad,normal,Dogs are sitting by the door,1,15,male,train,,3.3033125,48000,1,158559,PCM_16,495044fbb273abc1b453ccfc9cbc6de8
C:\Emotion detection\-Emotion-Recognition-from-Speech\data\raw\RAVDESS\Actor_15\03-01-04-01-02-02-15.wav,03-01-04-01-02-02-15.wav,03,01,04,sad,normal,Dogs are sitting by the door,2,15,male,train,,3.3700208333333332,48000,1,161761,PCM_16,a34676facc95095130ecab02d14cf4b0
C:\Emotion detection\-Emotion-Recognition-from-Speech\data\raw\RAVDESS\Actor_15\03-01-04-02-01-01-15.wav,03-01-04-02-01-01-15.wav,03,01,04,sad,strong,Kids are talking by the door,1,15,male,train,,3.2699166666666666,48000,1,156956,PCM_16,dc6669671334d5cf82b35f627841098a
C:\Emotion detection\-Emotion-Recognition-from-Speech\data\raw\RAVDESS\Actor_15\03-01-04-02-01-02-15.wav,03-01-04-02-01-02-15.wav,03,01,04,sad,strong,Kids are talking by the door,2,15,male,train,,3.403395833333333,48000,1,163363,PCM_16,2b88bb3022eaf53d050ae427601f21ba
C:\Emotion detection\-Emotion-Recognition-from-Speech\data\raw\RAVDESS\Actor_15\03-01-04-02-02-01-15.wav,03-01-04-02-02-01-15.wav,03,01,04,sad,strong,Dogs are sitting by the door,1,15,male,train,,3.536875,48000,1,169770,PCM_16,e16bc4d197d8c111c20f76bf65130fac
C:\Emotion detection\-Emotion-Recognition-from-Speech\data\raw\RAVDESS\Actor_15\03-01-04-02-02-02-15.wav,03-01-04-02-02-02-15.wav,03,01,04,sad,strong,Dogs are sitting by the door,2,15,male,train,,3.4367708333333336,48000,1,164965,PCM_16,47c4db3c6c91e6a9dd0787b8343432c2
C:\Emotion detection\-Emotion-Recognition-from-Speech\data\raw\RAVDESS\Actor_15\03-01-05-01-01-01-15.wav,03-01-05-01-01-01-15.wav,03,01,05,angry,normal,Kids are talking by the door,1,15,male,train,,3.636979166666667,48000,1,174575,PCM_16,762f2af35efd652fdcd580afa3cad0e1
C:\Emotion detection\-Emotion-Recognition-from-Speech\data\raw\RAVDESS\Actor_15\03-01-05-01-01-02-15.wav,03-01-05-01-01-02-15.wav,03,01,05,angry,normal,Kids are talking by the door,2,15,male,train,,3.6036041666666665,48000,1,172973,PCM_16,1c7464b6f131c3cf1a26f5b134164eec
C:\Emotion detection\-Emotion-Recognition-from-Speech\data\raw\RAVDESS\Actor_15\03-01-05-01-02-01-15.wav,03-01-05-01-02-01-15.wav,03,01,05,angry,normal,Dogs are sitting by the door,1,15,male,train,,3.703708333333333,48000,1,177778,PCM_16,5a930861de83cb6350bef8976023296c
C:\Emotion detection\-Emotion-Recognition-from-Speech\data\raw\RAVDESS\Actor_15\03-01-05-01-02-02-15.wav,03-01-05-01-02-02-15.wav,03,01,05,angry,normal,Dogs are sitting by the door,2,15,male,train,,3.536875,48000,1,169770,PCM_16,260dd7157f0e782e147c6651f70d775b
C:\Emotion detection\-Emotion-Recognition-from-Speech\data\raw\RAVDESS\Actor_15\03-01-05-02-01-01-15.wav,03-01-05-02-01-01-15.wav,03,01,05,angry,strong,Kids are talking by the door,1,15,male,train,,3.536875,48000,1,169770,PCM_16,2ce01b17e78672e35bd1b6e05946b91c
C:\Emotion detection\-Emotion-Recognition-from-Speech\data\raw\RAVDESS\Actor_15\03-01-05-02-01-02-15.wav,03-01-05-02-01-02-15.wav,03,01,05,angry,strong,Kids are talking by the door,2,15,male,train,,3.7370833333333335,48000,1,179380,PCM_16,58fe9dc538ee158f102a76109c9ec7a2
C:\Emotion detection\-Emotion-Recognition-from-Speech\data\raw\RAVDESS\Actor_15\03-01-05-02-02-01-15.wav,03-01-05-02-02-01-15.wav,03,01,05,angry,strong,Dogs are sitting by the door,1,15,male,train,,3.4701458333333335,48000,1,166567,PCM_16,5dd0ae71858349573af6b8a7a29ba660
C:\Emotion detection\-Emotion-Recognition-from-Speech\data\raw\RAVDESS\Actor_15\03-01-05-02-02-02-15.wav,03-01-05-02-02-02-15.wav,03,01,05,angry,strong,Dogs are sitting by the door,2,15,male,train,,3.6036041666666665,48000,1,172973,PCM_16,48ee4eb7c6c552c3763e58eb740d72b6
C:\Emotion detection\-Emotion-Recognition-from-Speech\data\raw\RAVDESS\Actor_15\03-01-06-01-01-01-15.wav,03-01-06-01-01-01-15.wav,03,01,06,fearful,normal,Kids are talking by the door,1,15,male,train,,3.3032916666666665,48000,1,158558,PCM_16,c820af13c8a39c65bfd098c088a4c9c4
C:\Emotion detection\-Emotion-Recognition-from-Speech\data\raw\RAVDESS\Actor_15\03-01-06-01-01-02-15.wav,03-01-06-01-01-02-15.wav,03,01,06,fearful,normal,Kids are talking by the door,2,15,male,train,,3.3033125,48000,1,158559,PCM_16,65810a68e224eeb9ee380f4793d6f2dd
C:\Emotion detection\-Emotion-Recognition-from-Speech\data\raw\RAVDESS\Actor_15\03-01-06-01-02-01-15.wav,03-01-06-01-02-01-15.wav,03,01,06,fearful,normal,Dogs are sitting by the door,1,15,male,train,,3.2699375,48000,1,156957,PCM_16,e782da760aaefab0eab76098832cb757
C:\Emotion detection\-Emotion-Recognition-from-Speech\data\raw\RAVDESS\Actor_15\03-01-06-01-02-02-15.wav,03-01-06-01-02-02-15.wav,03,01,06,fearful,normal,Dogs are sitting by the door,2,15,male,train,,3.3032916666666665,48000,1,158558,PCM_16,2f80afdb5753d91db5124109d4191a22
C:\Emotion detection\-Emotion-Recognition-from-Speech\data\raw\RAVDESS\Actor_15\03-01-06-02-01-01-15.wav,03-01-06-02-01-01-15.wav,03,01,06,fearful,strong,Kids are talking by the door,1,15,male,train,,3.3366666666666664,48000,1,160160,PCM_16,af05e11f9f18c567e12eb65a76ab5613
C:\Emotion detection\-Emotion-Recognition-from-Speech\data\raw\RAVDESS\Actor_15\03-01-06-02-01-02-15.wav,03-01-06-02-01-02-15.wav,03,01,06,fearful,strong,Kids are talking by the door,2,15,male,train,,3.4701458333333335,48000,1,166567,PCM_16,63222921bd35be3bbda3ea6b3150188a
C:\Emotion detection\-Emotion-Recognition-from-Speech\data\raw\RAVDESS\Actor_15\03-01-06-02-02-01-15.wav,03-01-06-02-02-01-15.wav,03,01,06,fearful,strong,Dogs are sitting by the door,1,15,male,train,,3.3700208333333332,48000,1,161761,PCM_16,f495a8960612cae6fc54f703312adcd0
C:\Emotion detection\-Emotion-Recognition-from-Speech\data\raw\RAVDESS\Actor_15\03-01-06-02-02-02-15.wav,03-01-06-02-02-02-15.wav,03,01,06,fearful,strong,Dogs are sitting by the door,2,15,male,train,,3.5035,48000,1,168168,PCM_16,4da491e4b5a7ab5b27c21c9c2e3c7c78
C:\Emotion detection\-Emotion-Recognition-from-Speech\data\raw\RAVDESS\Actor_15\03-01-07-01-01-01-15.wav,03-01-07-01-01-01-15.wav,03,01,07,disgust,normal,Kids are talking by the door,1,15,male,train,,3.7370625,48000,1,179379,PCM_16,47e6e4f7922c9d3e3572f145bd8cad53
C:\Emotion detection\-Emotion-Recognition-from-Speech\data\raw\RAVDESS\Actor_15\03-01-07-01-01-02-15.wav,03-01-07-01-01-02-15.wav,03,01,07,disgust,normal,Kids are talking by the door,2,15,male,train,,3.6369583333333333,48000,1,174574,PCM_16,64c367f2466f5cea80ac66b4e24da971
C:\Emotion detection\-Emotion-Recognition-from-Speech\data\raw\RAVDESS\Actor_15\03-01-07-01-02-01-15.wav,03-01-07-01-02-01-15.wav,03,01,07,disgust,normal,Dogs are sitting by the door,1,15,male,train,,3.6703333333333332,48000,1,176176,PCM_16,56863bf60a46a40bfdd8477ddfcb2d0d
C:\Emotion detection\-Emotion-Recognition-from-Speech\data\raw\RAVDESS\Actor_15\03-01-07-01-02-02-15.wav,03-01-07-01-02-02-15.wav,03,01,07,disgust,normal,Dogs are sitting by the door,2,15,male,train,,4.070729166666666,48000,1,195395,PCM_16,41dfe556df618a3408dba47a0f81f358
C:\Emotion detection\-Emotion-Recognition-from-Speech\data\raw\RAVDESS\Actor_15\03-01-07-02-01-01-15.wav,03-01-07-02-01-01-15.wav,03,01,07,disgust,strong,Kids are talking by the door,1,15,male,train,,3.7036875,48000,1,177777,PCM_16,bba3984c7887c1de637294e0c419c8a5
C:\Emotion detection\-Emotion-Recognition-from-Speech\data\raw\RAVDESS\Actor_15\03-01-07-02-01-02-15.wav,03-01-07-02-01-02-15.wav,03,01,07,disgust,strong,Kids are talking by the door,2,15,male,train,,3.370041666666667,48000,1,161762,PCM_16,e31a8585f457fe6dd5f71fc6d9e297c7
C:\Emotion detection\-Emotion-Recognition-from-Speech\data\raw\RAVDESS\Actor_15\03-01-07-02-02-01-15.wav,03-01-07-02-02-01-15.wav,03,01,07,disgust,strong,Dogs are sitting by the door,1,15,male,train,,3.3033125,48000,1,158559,PCM_16,f2ea57b17f5f0b36393d01ce271c74a8
C:\Emotion detection\-Emotion-Recognition-from-Speech\data\raw\RAVDESS\Actor_15\03-01-07-02-02-02-15.wav,03-01-07-02-02-02-15.wav,03,01,07,disgust,strong,Dogs are sitting by the door,2,15,male,train,,3.4701458333333335,48000,1,166567,PCM_16,73dae11637dfa4fd5c74de3baa99ec40
C:\Emotion detection\-Emotion-Recognition-from-Speech\data\raw\RAVDESS\Actor_15\03-01-08-01-01-01-15.wav,03-01-08-01-01-01-15.wav,03,01,08,surprised,normal,Kids are talking by the door,1,15,male,train,,3.636979166666667,48000,1,174575,PCM_16,beb8825f79be10eaf6d950c7e15982cc
C:\Emotion detection\-Emotion-Recognition-from-Speech\data\raw\RAVDESS\Actor_15\03-01-08-01-01-02-15.wav,03-01-08-01-01-02-15.wav,03,01,08,surprised,normal,Kids are talking by the door,2,15,male,train,,3.4367708333333336,48000,1,164965,PCM_16,b66fb66d4cd66737a7312b17f41cdc0c
C:\Emotion detection\-Emotion-Recognition-from-Speech\data\raw\RAVDESS\Actor_15\03-01-08-01-02-01-15.wav,03-01-08-01-02-01-15.wav,03,01,08,surprised,normal,Dogs are sitting by the door,1,15,male,train,,3.703708333333333,48000,1,177778,PCM_16,093fa59243203cfca470be45777360be
C:\Emotion detection\-Emotion-Recognition-from-Speech\data\raw\RAVDESS\Actor_15\03-01-08-01-02-02-15.wav,03-01-08-01-02-02-15.wav,03,01,08,surprised,normal,Dogs are sitting by the door,2,15,male,train,,3.370041666666667,48000,1,161762,PCM_16,c9c72f9133e4344a27a303e378b9e304
C:\Emotion detection\-Emotion-Recognition-from-Speech\data\raw\RAVDESS\Actor_15\03-01-08-02-01-01-15.wav,03-01-08-02-01-01-15.wav,03,01,08,surprised,strong,Kids are talking by the door,1,15,male,train,,3.3700208333333332,48000,1,161761,PCM_16,ce76054f743c4712c66189e14ffd976d
C:\Emotion detection\-Emotion-Recognition-from-Speech\data\raw\RAVDESS\Actor_15\03-01-08-02-01-02-15.wav,03-01-08-02-01-02-15.wav,03,01,08,surprised,strong,Kids are talking by the door,2,15,male,train,,3.3032916666666665,48000,1,158558,PCM_16,822311648c28fbda86e5d6c4842d0fca
C:\Emotion detection\-Emotion-Recognition-from-Speech\data\raw\RAVDESS\Actor_15\03-01-08-02-02-01-15.wav,03-01-08-02-02-01-15.wav,03,01,08,surprised,strong,Dogs are sitting by the door,1,15,male,train,,3.2032083333333334,48000,1,153754,PCM_16,dc3a4a1b4891c5ba81ce011a51416c5e
C:\Emotion detection\-Emotion-Recognition-from-Speech\data\raw\RAVDESS\Actor_15\03-01-08-02-02-02-15.wav,03-01-08-02-02-02-15.wav,03,01,08,surprised,strong,Dogs are sitting by the door,2,15,male,train,,3.3366666666666664,48000,1,160160,PCM_16,b71685c2b956645b54aaccfecc965646
C:\Emotion detection\-Emotion-Recognition-from-Speech\data\raw\RAVDESS\Actor_16\03-01-01-01-01-01-16.wav,03-01-01-01-01-01-16.wav,03,01,01,neutral,normal,Kids are talking by the door,1,16,female,val,,3.7370625,48000,1,179379,PCM_16,247ba94f9c8cbcbb2d0026de5348f2fc
C:\Emotion detection\-Emotion-Recognition-from-Speech\data\raw\RAVDESS\Actor_16\03-01-01-01-01-02-16.wav,03-01-01-01-01-02-16.wav,03,01,01,neutral,normal,Kids are talking by the door,2,16,female,val,,3.7370833333333335,48000,1,179380,PCM_16,766ac0fca87150edfea1469a74b51195
C:\Emotion detection\-Emotion-Recognition-from-Speech\data\raw\RAVDESS\Actor_16\03-01-01-01-02-01-16.wav,03-01-01-01-02-01-16.wav,03,01,01,neutral,normal,Dogs are sitting by the door,1,16,female,val,,3.6036041666666665,48000,1,172973,PCM_16,bcc4293fee11951f07c4b2cad5ce85af
C:\Emotion detection\-Emotion-Recognition-from-Speech\data\raw\RAVDESS\Actor_16\03-01-01-01-02-02-16.wav,03-01-01-01-02-02-16.wav,03,01,01,neutral,normal,Dogs are sitting by the door,2,16,female,val,,3.5702291666666666,48000,1,171371,PCM_16,1284c87928af061a52841b341b917342
C:\Emotion detection\-Emotion-Recognition-from-Speech\data\raw\RAVDESS\Actor_16\03-01-02-01-01-01-16.wav,03-01-02-01-01-01-16.wav,03,01,02,calm,normal,Kids are talking by the door,1,16,female,val,,3.7036875,48000,1,177777,PCM_16,3f24b9134bb12990ee9124f68a4d7b35
C:\Emotion detection\-Emotion-Recognition-from-Speech\data\raw\RAVDESS\Actor_16\03-01-02-01-01-02-16.wav,03-01-02-01-01-02-16.wav,03,01,02,calm,normal,Kids are talking by the door,2,16,female,val,,3.8705208333333334,48000,1,185785,PCM_16,28e1bdcce70b0fa0471eb8376efdc004
C:\Emotion detection\-Emotion-Recognition-from-Speech\data\raw\RAVDESS\Actor_16\03-01-02-01-02-01-16.wav,03-01-02-01-02-01-16.wav,03,01,02,calm,normal,Dogs are sitting by the door,1,16,female,val,,3.8037916666666667,48000,1,182582,PCM_16,72a3226032e2d67671dcd4e31a41db44
C:\Emotion detection\-Emotion-Recognition-from-Speech\data\raw\RAVDESS\Actor_16\03-01-02-01-02-02-16.wav,03-01-02-01-02-02-16.wav,03,01,02,calm,normal,Dogs are sitting by the door,2,16,female,val,,3.6703333333333332,48000,1,176176,PCM_16,1fe5508a06fe3d026b88bf3408aa9d29
C:\Emotion detection\-Emotion-Recognition-from-Speech\data\raw\RAVDESS\Actor_16\03-01-02-02-01-01-16.wav,03-01-02-02-01-01-16.wav,03,01,02,calm,strong,Kids are talking by the door,1,16,female,val,,3.8705208333333334,48000,1,185785,PCM_16,3775e0b6d075df92ceeedce62993c3f4
C:\Emotion detection\-Emotion-Recognition-from-Speech\data\raw\RAVDESS\Actor_16\03-01-02-02-01-02-16.wav,03-01-02-02-01-02-16.wav,03,01,02,calm,strong,Kids are talking by the door,2,16,female,val,,3.9372708333333333,48000,1,188989,PCM_16,94b71f943af80253e7ff8edd2273c895
C:\Emotion detection\-Emotion-Recognition-from-Speech\data\raw\RAVDESS\Actor_16\03-01-02-02-02-01-16.wav,03-01-02-02-02-01-16.wav,03,01,02,calm,strong,Dogs are sitting by the door,1,16,female,val,,3.8038125,48000,1,182583,PCM_16,222f54a35763d2a54235aac0a0311785
C:\Emotion detection\-Emotion-Recognition-from-Speech\data\raw\RAVDESS\Actor_16\03-01-02-02-02-02-16.wav,03-01-02-02-02-02-16.wav,03,01,02,calm,strong,Dogs are sitting by the door,2,16,female,val,,3.8037916666666667,48000,1,182582,PCM_16,3f7de04238247492cc71564c72aed531
C:\Emotion detection\-Emotion-Recognition-from-Speech\data\raw\RAVDESS\Actor_16\03-01-03-01-01-01-16.wav,03-01-03-01-01-01-16.wav,03,01,03,happy,normal,Kids are talking by the door,1,16,female,val,,3.703708333333333,48000,1,177778,PCM_16,9314523a54d24c2fe7b456536851600d
C:\Emotion detection\-Emotion-Recognition-from-Speech\data\raw\RAVDESS\Actor_16\03-01-03-01-01-02-16.wav,03-01-03-01-01-02-16.wav,03,01,03,happy,normal,Kids are talking by the door,2,16,female,val,,3.6703333333333332,48000,1,176176,PCM_16,5c0a20928a88392e9055362b2a458254
C:\Emotion detection\-Emotion-Recognition-from-Speech\data\raw\RAVDESS\Actor_16\03-01-03-01-02-01-16.wav,03-01-03-01-02-01-16.wav,03,01,03,happy,normal,Dogs are sitting by the door,1,16,female,val,,3.7370625,48000,1,179379,PCM_16,151de73fa97b1ec81a1244e8863c0342
C:\Emotion detection\-Emotion-Recognition-from-Speech\data\raw\RAVDESS\Actor_16\03-01-03-01-02-02-16.wav,03-01-03-01-02-02-16.wav,03,01,03,happy,normal,Dogs are sitting by the door,2,16,female,val,,3.6703333333333332,48000,1,176176,PCM_16,039c5aec3e54fb949bffa53bb2bab5a9
C:\Emotion detection\-Emotion-Recognition-from-Speech\data\raw\RAVDESS\Actor_16\03-01-03-02-01-01-16.wav,03-01-03-02-01-01-16.wav,03,01,03,happy,strong,Kids are talking by the door,1,16,female,val,,3.7704375,48000,1,180981,PCM_16,e9e5fa7e1a4faab7b0ad9fc578bccdc7
C:\Emotion detection\-Emotion-Recognition-from-Speech\data\raw\RAVDESS\Actor_16\03-01-03-02-01-02-16.wav,03-01-03-02-01-02-16.wav,03,01,03,happy,strong,Kids are talking by the door,2,16,female,val,,3.5702291666666666,48000,1,171371,PCM_16,91044eae29fcd5f5a39f143325b5e72b
C:\Emotion detection\-Emotion-Recognition-from-Speech\data\raw\RAVDESS\Actor_16\03-01-03-02-02-01-16.wav,03-01-03-02-02-01-16.wav,03,01,03,happy,strong,Dogs are sitting by the door,1,16,female,val,,3.7704166666666667,48000,1,180980,PCM_16,3c662ebd3388d8fc120bfdb75ca3a717
C:\Emotion detection\-Emotion-Recognition-from-Speech\data\raw\RAVDESS\Actor_16\03-01-03-02-02-02-16.wav,03-01-03-02-02-02-16.wav,03,01,03,happy,strong,Dogs are sitting by the door,2,16,female,val,,3.8038125,48000,1,182583,PCM_16,013b499074ae9f9735ef50a416c4be63
C:\Emotion detection\-Emotion-Recognition-from-Speech\data\raw\RAVDESS\Actor_16\03-01-04-01-01-01-16.wav,03-01-04-01-01-01-16.wav,03,01,04,sad,normal,Kids are talking by the door,1,16,female,val,,3.5702291666666666,48000,1,171371,PCM_16,162871a9f14d9b632fb81f098e5f473c
C:\Emotion detection\-Emotion-Recognition-from-Speech\data\raw\RAVDESS\Actor_16\03-01-04-01-01-02-16.wav,03-01-04-01-01-02-16.wav,03,01,04,sad,normal,Kids are talking by the door,2,16,female,val,,3.6369583333333333,48000,1,174574,PCM_16,a24331072e159cb6a85c23d73ebf68d2
C:\Emotion detection\-Emotion-Recognition-from-Speech\data\raw\RAVDESS\Actor_16\03-01-04-01-02-01-16.wav,03-01-04-01-02-01-16.wav,03,01,04,sad,normal,Dogs are sitting by the door,1,16,female,val,,3.4034166666666668,48000,1,163364,PCM_16,e4843279c6e33cb64bf2aaeb86cabb1e
C:\Emotion detection\-Emotion-Recognition-from-Speech\data\raw\RAVDESS\Actor_16\03-01-04-01-02-02-16.wav,03-01-04-01-02-02-16.wav,03,01,04,sad,normal,Dogs are sitting by the door,2,16,female,val,,3.5035,48000,1,168168,PCM_16,d99fc506d04426cef9efdb48dc1c769c
C:\Emotion detection\-Emotion-Recognition-from-Speech\data\raw\RAVDESS\Actor_16\03-01-04-02-01-01-16.wav,03-01-04-02-01-01-16.wav,03,01,04,sad,strong,Kids are talking by the door,1,16,female,val,,3.7370625,48000,1,179379,PCM_16,150c840bd5dca3eda97ff31c4173e449
C:\Emotion detection\-Emotion-Recognition-from-Speech\data\raw\RAVDESS\Actor_16\03-01-04-02-01-02-16.wav,03-01-04-02-01-02-16.wav,03,01,04,sad,strong,Kids are talking by the door,2,16,female,val,,3.8038125,48000,1,182583,PCM_16,32b1eb5bed0c26f092267c8c4daf74ad
C:\Emotion detection\-Emotion-Recognition-from-Speech\data\raw\RAVDESS\Actor_16\03-01-04-02-02-01-16.wav,03-01-04-02-02-01-16.wav,03,01,04,sad,strong,Dogs are sitting by the door,1,16,female,val,,3.8705416666666665,48000,1,185786,PCM_16,29efcb3e0607f31d1855e6741c93ef0b
C:\Emotion detection\-Emotion-Recognition-from-Speech\data\raw\RAVDESS\Actor_16\03-01-04-02-02-02-16.wav,03-01-04-02-02-02-16.wav,03,01,04,sad,strong,Dogs are sitting by the door,2,16,female,val,,3.7370625,48000,1,179379,PCM_16,15f287f90875dee5e01bf4ad0cd57ba4
C:\Emotion detection\-Emotion-Recognition-from-Speech\data\raw\RAVDESS\Actor_16\03-01-05-01-01-01-16.wav,03-01-05-01-01-01-16.wav,03,01,05,angry,normal,Kids are talking by the door,1,16,female,val,,3.970645833333333,48000,1,190591,PCM_16,f19e180375389efbb56f40cfad33219f
C:\Emotion detection\-Emotion-Recognition-from-Speech\data\raw\RAVDESS\Actor_16\03-01-05-01-01-02-16.wav,03-01-05-01-01-02-16.wav,03,01,05,angry,normal,Kids are talking by the door,2,16,female,val,,4.004,48000,1,192192,PCM_16,6cdd4f1e837c2f4b3937b7b5e31578e4
C:\Emotion detection\-Emotion-Recognition-from-Speech\data\raw\RAVDESS\Actor_16\03-01-05-01-02-01-16.wav,03-01-05-01-02-01-16.wav,03,01,05,angry,normal,Dogs are sitting by the door,1,16,female,val,,3.9038958333333333,48000,1,187387,PCM_16,36f3e909ed18631ec261c270c5d53125
C:\Emotion detection\-Emotion-Recognition-from-Speech\data\raw\RAVDESS\Actor_16\03-01-05-01-02-02-16.wav,03-01-05-01-02-02-16.wav,03,01,05,angry,normal,Dogs are sitting by the door,2,16,female,val,,3.9038958333333333,48000,1,187387,PCM_16,aeb7a284ae2ab67e740a5dd3ab402cbd
C:\Emotion detection\-Emotion-Recognition-from-Speech\data\raw\RAVDESS\Actor_16\03-01-05-02-01-01-16.wav,03-01-05-02-01-01-16.wav,03,01,05,angry,strong,Kids are talking by the door,1,16,female,val,,3.970645833333333,48000,1,190591,PCM_16,571dfbeb267b48d9db067624c9f1606a
C:\Emotion detection\-Emotion-Recognition-from-Speech\data\raw\RAVDESS\Actor_16\03-01-05-02-01-02-16.wav,03-01-05-02-01-02-16.wav,03,01,05,angry,strong,Kids are talking by the door,2,16,female,val,,3.7370625,48000,1,179379,PCM_16,cc64d9f576b22688908a820173277306
C:\Emotion detection\-Emotion-Recognition-from-Speech\data\raw\RAVDESS\Actor_16\03-01-05-02-02-01-16.wav,03-01-05-02-02-01-16.wav,03,01,05,angry,strong,Dogs are sitting by the door,1,16,female,val,,3.8037916666666667,48000,1,182582,PCM_16,067cfd5e7d52bbe8249fe5007c3fcb18
C:\Emotion detection\-Emotion-Recognition-from-Speech\data\raw\RAVDESS\Actor_16\03-01-05-02-02-02-16.wav,03-01-05-02-02-02-16.wav,03,01,05,angry,strong,Dogs are sitting by the door,2,16,female,val,,4.07075,48000,1,195396,PCM_16,3d2ab682be09d12d274123f3c3d1d8bb
C:\Emotion detection\-Emotion-Recognition-from-Speech\data\raw\RAVDESS\Actor_16\03-01-06-01-01-01-16.wav,03-01-06-01-01-01-16.wav,03,01,06,fearful,normal,Kids are talking by the door,1,16,female,val,,3.7036875,48000,1,177777,PCM_16,ebd888877b219ebb854f8bf5a6aa17f7
C:\Emotion detection\-Emotion-Recognition-from-Speech\data\raw\RAVDESS\Actor_16\03-01-06-01-01-02-16.wav,03-01-06-01-01-02-16.wav,03,01,06,fearful,normal,Kids are talking by the door,2,16,female,val,,3.5035,48000,1,168168,PCM_16,6afbeaea9e31ec23a3e2f43b339c5d9d
C:\Emotion detection\-Emotion-Recognition-from-Speech\data\raw\RAVDESS\Actor_16\03-01-06-01-02-01-16.wav,03-01-06-01-02-01-16.wav,03,01,06,fearful,normal,Dogs are sitting by the door,1,16,female,val,,3.6369583333333333,48000,1,174574,PCM_16,794d7b15c74c5c68947763d423ae953e
C:\Emotion detection\-Emotion-Recognition-from-Speech\data\raw\RAVDESS\Actor_16\03-01-06-01-02-02-16.wav,03-01-06-01-02-02-16.wav,03,01,06,fearful,normal,Dogs are sitting by the door,2,16,female,val,,3.5702291666666666,48000,1,171371,PCM_16,4e28d37721ef486507a83007e480f709
C:\Emotion detection\-Emotion-Recognition-from-Speech\data\raw\RAVDESS\Actor_16\03-01-06-02-01-01-16.wav,03-01-06-02-01-01-16.wav,03,01,06,fearful,strong,Kids are talking by the door,1,16,female,val,,3.7370625,48000,1,179379,PCM_16,f8ee04a589f5861e30e225561db29590
C:\Emotion detection\-Emotion-Recognition-from-Speech\data\raw\RAVDESS\Actor_16\03-01-06-02-01-02-16.wav,03-01-06-02-01-02-16.wav,03,01,06,fearful,strong,Kids are talking by the door,2,16,female,val,,3.7370625,48000,1,179379,PCM_16,38614700de7c32d15f1c520da1c66804
C:\Emotion detection\-Emotion-Recognition-from-Speech\data\raw\RAVDESS\Actor_16\03-01-06-02-02-01-16.wav,03-01-06-02-02-01-16.wav,03,01,06,fearful,strong,Dogs are sitting by the door,1,16,female,val,,3.5368541666666666,48000,1,169769,PCM_16,01ee559c8b7c7e1c5f019b4f30771dc6
C:\Emotion detection\-Emotion-Recognition-from-Speech\data\raw\RAVDESS\Actor_16\03-01-06-02-02-02-16.wav,03-01-06-02-02-02-16.wav,03,01,06,fearful,strong,Dogs are sitting by the door,2,16,female,val,,3.5035,48000,1,168168,PCM_16,342218a354433a6da7b679012e4cb60c
C:\Emotion detection\-Emotion-Recognition-from-Speech\data\raw\RAVDESS\Actor_16\03-01-07-01-01-01-16.wav,03-01-07-01-01-01-16.wav,03,01,07,disgust,normal,Kids are talking by the door,1,16,female,val,,3.7704375,48000,1,180981,PCM_16,52e9fce753d4fc846e8bc2f77e7687aa
C:\Emotion detection\-Emotion-Recognition-from-Speech\data\raw\RAVDESS\Actor_16\03-01-07-01-01-02-16.wav,03-01-07-01-01-02-16.wav,03,01,07,disgust,normal,Kids are talking by the door,2,16,female,val,,3.7370625,48000,1,179379,PCM_16,383caa549e11f6f339cea83733f73551
C:\Emotion detection\-Emotion-Recognition-from-Speech\data\raw\RAVDESS\Actor_16\03-01-07-01-02-01-16.wav,03-01-07-01-02-01-16.wav,03,01,07,disgust,normal,Dogs are sitting by the door,1,16,female,val,,3.470125,48000,1,166566,PCM_16,b2a0dc52e76da2e98e99e5c683646a18
C:\Emotion detection\-Emotion-Recognition-from-Speech\data\raw\RAVDESS\Actor_16\03-01-07-01-02-02-16.wav,03-01-07-01-02-02-16.wav,03,01,07,disgust,normal,Dogs are sitting by the door,2,16,female,val,,3.5702291666666666,48000,1,171371,PCM_16,2551dd234979cfb02925e277e240da68
C:\Emotion detection\-Emotion-Recognition-from-Speech\data\raw\RAVDESS\Actor_16\03-01-07-02-01-01-16.wav,03-01-07-02-01-01-16.wav,03,01,07,disgust,strong,Kids are talking by the door,1,16,female,val,,4.2709166666666665,48000,1,205004,PCM_16,01d6a2111c1ad8ca04aabfca7a058102
C:\Emotion detection\-Emotion-Recognition-from-Speech\data\raw\RAVDESS\Actor_16\03-01-07-02-01-02-16.wav,03-01-07-02-01-02-16.wav,03,01,07,disgust,strong,Kids are talking by the door,2,16,female,val,,4.237583333333333,48000,1,203404,PCM_16,fd39e2e5b20f81d9c53fe9f14da06383
C:\Emotion detection\-Emotion-Recognition-from-Speech\data\raw\RAVDESS\Actor_16\03-01-07-02-02-01-16.wav,03-01-07-02-02-01-16.wav,03,01,07,disgust,strong,Dogs are sitting by the door,1,16,female,val,,4.137458333333333,48000,1,198598,PCM_16,0fc92df91815be80de1c2b51494e56b3
C:\Emotion detection\-Emotion-Recognition-from-Speech\data\raw\RAVDESS\Actor_16\03-01-07-02-02-02-16.wav,03-01-07-02-02-02-16.wav,03,01,07,disgust,strong,Dogs are sitting by the door,2,16,female,val,,4.137479166666667,48000,1,198599,PCM_16,68707c09cf872a2f4695dbb36700a46f
C:\Emotion detection\-Emotion-Recognition-from-Speech\data\raw\RAVDESS\Actor_16\03-01-08-01-01-01-16.wav,03-01-08-01-01-01-16.wav,03,01,08,surprised,normal,Kids are talking by the door,1,16,female,val,,3.536875,48000,1,169770,PCM_16,180f49412b06c674ba4f0ea70fa11fb0
C:\Emotion detection\-Emotion-Recognition-from-Speech\data\raw\RAVDESS\Actor_16\03-01-08-01-01-02-16.wav,03-01-08-01-01-02-16.wav,03,01,08,surprised,normal,Kids are talking by the door,2,16,female,val,,3.43675,48000,1,164964,PCM_16,5ad7e558de086a14eb1388f4753f49ea
C:\Emotion detection\-Emotion-Recognition-from-Speech\data\raw\RAVDESS\Actor_16\03-01-08-01-02-01-16.wav,03-01-08-01-02-01-16.wav,03,01,08,surprised,normal,Dogs are sitting by the door,1,16,female,val,,3.5035,48000,1,168168,PCM_16,2fe9c0d8f5a6694647d5729a36362be8
C:\Emotion detection\-Emotion-Recognition-from-Speech\data\raw\RAVDESS\Actor_16\03-01-08-01-02-02-16.wav,03-01-08-01-02-02-16.wav,03,01,08,surprised,normal,Dogs are sitting by the door,2,16,female,val,,3.4367708333333336,48000,1,164965,PCM_16,c9e2d20d14765d6a298ac1a76757eb5a
C:\Emotion detection\-Emotion-Recognition-from-Speech\data\raw\RAVDESS\Actor_16\03-01-08-02-01-01-16.wav,03-01-08-02-01-01-16.wav,03,01,08,surprised,strong,Kids are talking by the door,1,16,female,val,,3.536875,48000,1,169770,PCM_16,1fa8662d06cb03949cb90bad4faa62d2
C:\Emotion detection\-Emotion-Recognition-from-Speech\data\raw\RAVDESS\Actor_16\03-01-08-02-01-02-16.wav,03-01-08-02-01-02-16.wav,03,01,08,surprised,strong,Kids are talking by the door,2,16,female,val,,3.5368541666666666,48000,1,169769,PCM_16,18f44656c5bf0e7dadcbe7bea369d652
C:\Emotion detection\-Emotion-Recognition-from-Speech\data\raw\RAVDESS\Actor_16\03-01-08-02-02-01-16.wav,03-01-08-02-02-01-16.wav,03,01,08,surprised,strong,Dogs are sitting by the door,1,16,female,val,,3.57025,48000,1,171372,PCM_16,15f38339749eb4c8c46fa4bad97e9a6c
C:\Emotion detection\-Emotion-Recognition-from-Speech\data\raw\RAVDESS\Actor_16\03-01-08-02-02-02-16.wav,03-01-08-02-02-02-16.wav,03,01,08,surprised,strong,Dogs are sitting by the door,2,16,female,val,,3.5702291666666666,48000,1,171371,PCM_16,cd0cbefcaeb9c4007f4aa040b5343149
C:\Emotion detection\-Emotion-Recognition-from-Speech\data\raw\RAVDESS\Actor_17\03-01-01-01-01-01-17.wav,03-01-01-01-01-01-17.wav,03,01,01,neutral,normal,Kids are talking by the door,1,17,male,val,,3.8371666666666666,48000,1,184184,PCM_16,fc099387e00312d975964d6cb34c3f64
C:\Emotion detection\-Emotion-Recognition-from-Speech\data\raw\RAVDESS\Actor_17\03-01-01-01-01-02-17.wav,03-01-01-01-01-02-17.wav,03,01,01,neutral,normal,Kids are talking by the door,2,17,male,val,,3.5035,48000,1,168168,PCM_16,30793827dfce091941b4dbd331fb2f28
C:\Emotion detection\-Emotion-Recognition-from-Speech\data\raw\RAVDESS\Actor_17\03-01-01-01-02-01-17.wav,03-01-01-01-02-01-17.wav,03,01,01,neutral,normal,Dogs are sitting by the door,1,17,male,val,,3.5035,48000,1,168168,PCM_16,6f021b5515ab64e7bf575102221e1eb8
C:\Emotion detection\-Emotion-Recognition-from-Speech\data\raw\RAVDESS\Actor_17\03-01-01-01-02-02-17.wav,03-01-01-01-02-02-17.wav,03,01,01,neutral,normal,Dogs are sitting by the door,2,17,male,val,,3.470125,48000,1,166566,PCM_16,9e85f37bcf123986a56c291633ae3561
C:\Emotion detection\-Emotion-Recognition-from-Speech\data\raw\RAVDESS\Actor_17\03-01-02-01-01-01-17.wav,03-01-02-01-01-01-17.wav,03,01,02,calm,normal,Kids are talking by the door,1,17,male,val,,3.5035,48000,1,168168,PCM_16,45251fe3afd0733e40f6008af7792cd0
C:\Emotion detection\-Emotion-Recognition-from-Speech\data\raw\RAVDESS\Actor_17\03-01-02-01-01-02-17.wav,03-01-02-01-01-02-17.wav,03,01,02,calm,normal,Kids are talking by the door,2,17,male,val,,3.536875,48000,1,169770,PCM_16,be2bbbc9b5d48e42712fa450f97aa232
C:\Emotion detection\-Emotion-Recognition-from-Speech\data\raw\RAVDESS\Actor_17\03-01-02-01-02-01-17.wav,03-01-02-01-02-01-17.wav,03,01,02,calm,normal,Dogs are sitting by the door,1,17,male,val,,3.7370833333333335,48000,1,179380,PCM_16,8bf5e389f97ebd4738ccd4a0f9ff7c9c
C:\Emotion detection\-Emotion-Recognition-from-Speech\data\raw\RAVDESS\Actor_17\03-01-02-01-02-02-17.wav,03-01-02-01-02-02-17.wav,03,01,02,calm,normal,Dogs are sitting by the door,2,17,male,val,,3.7704375,48000,1,180981,PCM_16,a976707b109082eb88e88f5e87dff1f1
C:\Emotion detection\-Emotion-Recognition-from-Speech\data\raw\RAVDESS\Actor_17\03-01-02-02-01-01-17.wav,03-01-02-02-01-01-17.wav,03,01,02,calm,strong,Kids are talking by the door,1,17,male,val,,3.8705416666666665,48000,1,185786,PCM_16,159c210561a77801399c70f0d983184f
C:\Emotion detection\-Emotion-Recognition-from-Speech\data\raw\RAVDESS\Actor_17\03-01-02-02-01-02-17.wav,03-01-02-02-01-02-17.wav,03,01,02,calm,strong,Kids are talking by the door,2,17,male,val,,3.6036041666666665,48000,1,172973,PCM_16,dbfb05a497f21a7021c49c7d09d70304
C:\Emotion detection\-Emotion-Recognition-from-Speech\data\raw\RAVDESS\Actor_17\03-01-02-02-02-01-17.wav,03-01-02-02-02-01-17.wav,03,01,02,calm,strong,Dogs are sitting by the door,1,17,male,val,,3.8371666666666666,48000,1,184184,PCM_16,a6d3aff27ba4f353e5959b3fd198b6d2
C:\Emotion detection\-Emotion-Recognition-from-Speech\data\raw\RAVDESS\Actor_17\03-01-02-02-02-02-17.wav,03-01-02-02-02-02-17.wav,03,01,02,calm,strong,Dogs are sitting by the door,2,17,male,val,,3.536875,48000,1,169770,PCM_16,9b3917cb45e2675aec1c04c7802b5b8e
C:\Emotion detection\-Emotion-Recognition-from-Speech\data\raw\RAVDESS\Actor_17\03-01-03-01-01-01-17.wav,03-01-03-01-01-01-17.wav,03,01,03,happy,normal,Kids are talking by the door,1,17,male,val,,3.470125,48000,1,166566,PCM_16,8e4e940aba548b618a5ba259fa3f77aa
C:\Emotion detection\-Emotion-Recognition-from-Speech\data\raw\RAVDESS\Actor_17\03-01-03-01-01-02-17.wav,03-01-03-01-01-02-17.wav,03,01,03,happy,normal,Kids are talking by the door,2,17,male,val,,3.536875,48000,1,169770,PCM_16,cd72188f3568e20b6dfdc2260bf51733
C:\Emotion detection\-Emotion-Recognition-from-Speech\data\raw\RAVDESS\Actor_17\03-01-03-01-02-01-17.wav,03-01-03-01-02-01-17.wav,03,01,03,happy,normal,Dogs are sitting by the door,1,17,male,val,,3.4701458333333335,48000,1,166567,PCM_16,4d6bfd5c941f069aa134db030a770bbd
C:\Emotion detection\-Emotion-Recognition-from-Speech\data\raw\RAVDESS\Actor_17\03-01-03-01-02-02-17.wav,03-01-03-01-02-02-17.wav,03,01,03,happy,normal,Dogs are sitting by the door,2,17,male,val,,3.5368541666666666,48000,1,169769,PCM_16,4aa0b75921ce80ca5e47d8cfa84896b0
C:\Emotion detection\-Emotion-Recognition-from-Speech\data\raw\RAVDESS\Actor_17\03-01-03-02-01-01-17.wav,03-01-03-02-01-01-17.wav,03,01,03,happy,strong,Kids are talking by the door,1,17,male,val,,3.7370625,48000,1,179379,PCM_16,bd64252d32889708ecec9b9159f22c65
C:\Emotion detection\-Emotion-Recognition-from-Speech\data\raw\RAVDESS\Actor_17\03-01-03-02-01-02-17.wav,03-01-03-02-01-02-17.wav,03,01,03,happy,strong,Kids are talking by the door,2,17,male,val,,4.104104166666667,48000,1,196997,PCM_16,7f7f2719ab90d567eb474556713455a1
C:\Emotion detection\-Emotion-Recognition-from-Speech\data\raw\RAVDESS\Actor_17\03-01-03-02-02-01-17.wav,03-01-03-02-02-01-17.wav,03,01,03,happy,strong,Dogs are sitting by the door,1,17,male,val,,3.7370625,48000,1,179379,PCM_16,e52556511e1f979decddf3d4f7a1a757
C:\Emotion detection\-Emotion-Recognition-from-Speech\data\raw\RAVDESS\Actor_17\03-01-03-02-02-02-17.wav,03-01-03-02-02-02-17.wav,03,01,03,happy,strong,Dogs are sitting by the door,2,17,male,val,,3.8037916666666667,48000,1,182582,PCM_16,5d37084c8d1515f1571edf4429f2e963
C:\Emotion detection\-Emotion-Recognition-from-Speech\data\raw\RAVDESS\Actor_17\03-01-04-01-01-01-17.wav,03-01-04-01-01-01-17.wav,03,01,04,sad,normal,Kids are talking by the door,1,17,male,val,,3.6703333333333332,48000,1,176176,PCM_16,ac1a2a2fa331003d02a6253f0571a9e7
C:\Emotion detection\-Emotion-Recognition-from-Speech\data\raw\RAVDESS\Actor_17\03-01-04-01-01-02-17.wav,03-01-04-01-01-02-17.wav,03,01,04,sad,normal,Kids are talking by the door,2,17,male,val,,3.5035,48000,1,168168,PCM_16,961851dd6805f8b2434666b9925f9a5e
C:\Emotion detection\-Emotion-Recognition-from-Speech\data\raw\RAVDESS\Actor_17\03-01-04-01-02-01-17.wav,03-01-04-01-02-01-17.wav,03,01,04,sad,normal,Dogs are sitting by the door,1,17,male,val,,3.5702291666666666,48000,1,171371,PCM_16,0d0f376fb392451bc87c52d75dc6b5aa
C:\Emotion detection\-Emotion-Recognition-from-Speech\data\raw\RAVDESS\Actor_17\03-01-04-01-02-02-17.wav,03-01-04-01-02-02-17.wav,03,01,04,sad,normal,Dogs are sitting by the door,2,17,male,val,,3.6036041666666665,48000,1,172973,PCM_16,af379670ba8cd2d311f822e03da73c61
C:\Emotion detection\-Emotion-Recognition-from-Speech\data\raw\RAVDESS\Actor_17\03-01-04-02-01-01-17.wav,03-01-04-02-01-01-17.wav,03,01,04,sad,strong,Kids are talking by the door,1,17,male,val,,3.6703333333333332,48000,1,176176,PCM_16,b026b105b6f8fc3102c3754ef26dc786
C:\Emotion detection\-Emotion-Recognition-from-Speech\data\raw\RAVDESS\Actor_17\03-01-04-02-01-02-17.wav,03-01-04-02-01-02-17.wav,03,01,04,sad,strong,Kids are talking by the door,2,17,male,val,,3.703708333333333,48000,1,177778,PCM_16,0e503145a6374ce5ecb1f789fc90e272
C:\Emotion detection\-Emotion-Recognition-from-Speech\data\raw\RAVDESS\Actor_17\03-01-04-02-02-01-17.wav,03-01-04-02-02-01-17.wav,03,01,04,sad,strong,Dogs are sitting by the door,1,17,male,val,,3.6036041666666665,48000,1,172973,PCM_16,c75230698e09aa52fcf204c23d79a10d
C:\Emotion detection\-Emotion-Recognition-from-Speech\data\raw\RAVDESS\Actor_17\03-01-04-02-02-02-17.wav,03-01-04-02-02-02-17.wav,03,01,04,sad,strong,Dogs are sitting by the door,2,17,male,val,,3.5702291666666666,48000,1,171371,PCM_16,d3cb2ca22fa816fb7df8a4f2d72b65ec
C:\Emotion detection\-Emotion-Recognition-from-Speech\data\raw\RAVDESS\Actor_17\03-01-05-01-01-01-17.wav,03-01-05-01-01-01-17.wav,03,01,05,angry,normal,Kids are talking by the door,1,17,male,val,,3.4701458333333335,48000,1,166567,PCM_16,957219b74e8fc1cf74b242df749ac192
C:\Emotion detection\-Emotion-Recognition-from-Speech\data\raw\RAVDESS\Actor_17\03-01-05-01-01-02-17.wav,03-01-05-01-01-02-17.wav,03,01,05,angry,normal,Kids are talking by the door,2,17,male,val,,3.703708333333333,48000,1,177778,PCM_16,4f2f319971ea5b0e0b58da74f6a66faa
C:\Emotion detection\-Emotion-Recognition-from-Speech\data\raw\RAVDESS\Actor_17\03-01-05-01-02-01-17.wav,03-01-05-01-02-01-17.wav,03,01,05,angry,normal,Dogs are sitting by the door,1,17,male,val,,3.6036041666666665,48000,1,172973,PCM_16,89922806e9f92899205c4ab8db5987da
C:\Emotion detection\-Emotion-Recognition-from-Speech\data\raw\RAVDESS\Actor_17\03-01-05-01-02-02-17.wav,03-01-05-01-02-02-17.wav,03,01,05,angry,normal,Dogs are sitting by the door,2,17,male,val,,3.536875,48000,1,169770,PCM_16,c66417c598b6e3849e00251ad5a4da4d
C:\Emotion detection\-Emotion-Recognition-from-Speech\data\raw\RAVDESS\Actor_17\03-01-05-02-01-01-17.wav,03-01-05-02-01-01-17.wav,03,01,05,angry,strong,Kids are talking by the door,1,17,male,val,,3.5035,48000,1,168168,PCM_16,0b4648e3e16fc40c59ed1145f8d2b1bc
C:\Emotion detection\-Emotion-Recognition-from-Speech\data\raw\RAVDESS\Actor_17\03-01-05-02-01-02-17.wav,03-01-05-02-01-02-17.wav,03,01,05,angry,strong,Kids are talking by the door,2,17,male,val,,3.7370625,48000,1,179379,PCM_16,45d4ce5d66f0411b171ec7921326d2f8
C:\Emotion detection\-Emotion-Recognition-from-Speech\data\raw\RAVDESS\Actor_17\03-01-05-02-02-01-17.wav,03-01-05-02-02-01-17.wav,03,01,05,angry,strong,Dogs are sitting by the door,1,17,male,val,,3.636979166666667,48000,1,174575,PCM_16,e4eeae9f3bad8e79dce112c339fc6d2f
C:\Emotion detection\-Emotion-Recognition-from-Speech\data\raw\RAVDESS\Actor_17\03-01-05-02-02-02-17.wav,03-01-05-02-02-02-17.wav,03,01,05,angry,strong,Dogs are sitting by the door,2,17,male,val,,3.8038125,48000,1,182583,PCM_16,8590678785721916d0712b348f773df1
C:\Emotion detection\-Emotion-Recognition-from-Speech\data\raw\RAVDESS\Actor_17\03-01-06-01-01-01-17.wav,03-01-06-01-01-01-17.wav,03,01,06,fearful,normal,Kids are talking by the door,1,17,male,val,,3.470125,48000,1,166566,PCM_16,7b38343576685a81ed51590f46899b17
C:\Emotion detection\-Emotion-Recognition-from-Speech\data\raw\RAVDESS\Actor_17\03-01-06-01-01-02-17.wav,03-01-06-01-01-02-17.wav,03,01,06,fearful,normal,Kids are talking by the door,2,17,male,val,,3.5035,48000,1,168168,PCM_16,a15e5a22f23712c186a43cf3b1aeb9df
C:\Emotion detection\-Emotion-Recognition-from-Speech\data\raw\RAVDESS\Actor_17\03-01-06-01-02-01-17.wav,03-01-06-01-02-01-17.wav,03,01,06,fearful,normal,Dogs are sitting by the door,1,17,male,val,,3.536875,48000,1,169770,PCM_16,dacc1c7a7247c43092fa1a4cea7fb1ff
C:\Emotion detection\-Emotion-Recognition-from-Speech\data\raw\RAVDESS\Actor_17\03-01-06-01-02-02-17.wav,03-01-06-01-02-02-17.wav,03,01,06,fearful,normal,Dogs are sitting by the door,2,17,male,val,,3.6369583333333333,48000,1,174574,PCM_16,8e21ac882de03e32e9e298632daf4501
C:\Emotion detection\-Emotion-Recognition-from-Speech\data\raw\RAVDESS\Actor_17\03-01-06-02-01-01-17.wav,03-01-06-02-01-01-17.wav,03,01,06,fearful,strong,Kids are talking by the door,1,17,male,val,,3.703708333333333,48000,1,177778,PCM_16,aaa194cdb91709a413cdf95a121e0a1c
C:\Emotion detection\-Emotion-Recognition-from-Speech\data\raw\RAVDESS\Actor_17\03-01-06-02-01-02-17.wav,03-01-06-02-01-02-17.wav,03,01,06,fearful,strong,Kids are talking by the door,2,17,male,val,,3.7370625,48000,1,179379,PCM_16,167585df34650f4cd64aee30d85f0657
C:\Emotion detection\-Emotion-Recognition-from-Speech\data\raw\RAVDESS\Actor_17\03-01-06-02-02-01-17.wav,03-01-06-02-02-01-17.wav,03,01,06,fearful,strong,Dogs are sitting by the door,1,17,male,val,,3.6703333333333332,48000,1,176176,PCM_16,a663eecdfc9061dbf50a86fd9f9a06a2
C:\Emotion detection\-Emotion-Recognition-from-Speech\data\raw\RAVDESS\Actor_17\03-01-06-02-02-02-17.wav,03-01-06-02-02-02-17.wav,03,01,06,fearful,strong,Dogs are sitting by the door,2,17,male,val,,3.8371666666666666,48000,1,184184,PCM_16,6ba5fa22cf7e1a3d75ba41dc9f044cd0
C:\Emotion detection\-Emotion-Recognition-from-Speech\data\raw\RAVDESS\Actor_17\03-01-07-01-01-01-17.wav,03-01-07-01-01-01-17.wav,03,01,07,disgust,normal,Kids are talking by the door,1,17,male,val,,3.8371666666666666,48000,1,184184,PCM_16,7d2fee4a726a7941b3bcbcaf7474d8cd
C:\Emotion detection\-Emotion-Recognition-from-Speech\data\raw\RAVDESS\Actor_17\03-01-07-01-01-02-17.wav,03-01-07-01-01-02-17.wav,03,01,07,disgust,normal,Kids are talking by the door,2,17,male,val,,3.703708333333333,48000,1,177778,PCM_16,617919b17f0fe2f71ea6becf070f90be
C:\Emotion detection\-Emotion-Recognition-from-Speech\data\raw\RAVDESS\Actor_17\03-01-07-01-02-01-17.wav,03-01-07-01-02-01-17.wav,03,01,07,disgust,normal,Dogs are sitting by the door,1,17,male,val,,3.5702291666666666,48000,1,171371,PCM_16,e44be0f27de76ff02bb90beaac3bbc27
C:\Emotion detection\-Emotion-Recognition-from-Speech\data\raw\RAVDESS\Actor_17\03-01-07-01-02-02-17.wav,03-01-07-01-02-02-17.wav,03,01,07,disgust,normal,Dogs are sitting by the door,2,17,male,val,,3.5035,48000,1,168168,PCM_16,b496de3a48310f0531bfe5d6ad475edd
C:\Emotion detection\-Emotion-Recognition-from-Speech\data\raw\RAVDESS\Actor_17\03-01-07-02-01-01-17.wav,03-01-07-02-01-01-17.wav,03,01,07,disgust,strong,Kids are talking by the door,1,17,male,val,,4.204208333333334,48000,1,201802,PCM_16,d0c8c04b14ea0c0a681cf5bd5a5edbee
C:\Emotion detection\-Emotion-Recognition-from-Speech\data\raw\RAVDESS\Actor_17\03-01-07-02-01-02-17.wav,03-01-07-02-01-02-17.wav,03,01,07,disgust,strong,Kids are talking by the door,2,17,male,val,,4.170833333333333,48000,1,200200,PCM_16,5e51c170e3e2442231255d35466d1944
C:\Emotion detection\-Emotion-Recognition-from-Speech\data\raw\RAVDESS\Actor_17\03-01-07-02-02-01-17.wav,03-01-07-02-02-01-17.wav,03,01,07,disgust,strong,Dogs are sitting by the door,1,17,male,val,,4.471145833333333,48000,1,214615,PCM_16,fe1ec2a672fa333dfa497c73015cc9db
C:\Emotion detection\-Emotion-Recognition-from-Speech\data\raw\RAVDESS\Actor_17\03-01-07-02-02-02-17.wav,03-01-07-02-02-02-17.wav,03,01,07,disgust,strong,Dogs are sitting by the door,2,17,male,val,,4.604604166666666,48000,1,221021,PCM_16,31517407816c641ab7b990ae24ec40f0
C:\Emotion detection\-Emotion-Recognition-from-Speech\data\raw\RAVDESS\Actor_17\03-01-08-01-01-01-17.wav,03-01-08-01-01-01-17.wav,03,01,08,surprised,normal,Kids are talking by the door,1,17,male,val,,3.403395833333333,48000,1,163363,PCM_16,787455fb70f6bc72fef34a08bf0543e7
C:\Emotion detection\-Emotion-Recognition-from-Speech\data\raw\RAVDESS\Actor_17\03-01-08-01-01-02-17.wav,03-01-08-01-01-02-17.wav,03,01,08,surprised,normal,Kids are talking by the door,2,17,male,val,,3.6369583333333333,48000,1,174574,PCM_16,69058195767f6542330e083e6f87215c
C:\Emotion detection\-Emotion-Recognition-from-Speech\data\raw\RAVDESS\Actor_17\03-01-08-01-02-01-17.wav,03-01-08-01-02-01-17.wav,03,01,08,surprised,normal,Dogs are sitting by the door,1,17,male,val,,3.370041666666667,48000,1,161762,PCM_16,eb406f95b9a5da0943f6673649bcb49a
C:\Emotion detection\-Emotion-Recognition-from-Speech\data\raw\RAVDESS\Actor_17\03-01-08-01-02-02-17.wav,03-01-08-01-02-02-17.wav,03,01,08,surprised,normal,Dogs are sitting by the door,2,17,male,val,,3.4367708333333336,48000,1,164965,PCM_16,2eb47cbbf09249d46016cae12e74307c
C:\Emotion detection\-Emotion-Recognition-from-Speech\data\raw\RAVDESS\Actor_17\03-01-08-02-01-01-17.wav,03-01-08-02-01-01-17.wav,03,01,08,surprised,strong,Kids are talking by the door,1,17,male,val,,3.536875,48000,1,169770,PCM_16,abf84e6316adcbae6ccdffc6d100ded8
C:\Emotion detection\-Emotion-Recognition-from-Speech\data\raw\RAVDESS\Actor_17\03-01-08-02-01-02-17.wav,03-01-08-02-01-02-17.wav,03,01,08,surprised,strong,Kids are talking by the door,2,17,male,val,,3.6703333333333332,48000,1,176176,PCM_16,f7dff1bc8d1e405175a12f16d8d64e88
C:\Emotion detection\-Emotion-Recognition-from-Speech\data\raw\RAVDESS\Actor_17\03-01-08-02-02-01-17.wav,03-01-08-02-02-01-17.wav,03,01,08,surprised,strong,Dogs are sitting by the door,1,17,male,val,,3.4367708333333336,48000,1,164965,PCM_16,c364db7c9019400f2f43526cccf4dd78
C:\Emotion detection\-Emotion-Recognition-from-Speech\data\raw\RAVDESS\Actor_17\03-01-08-02-02-02-17.wav,03-01-08-02-02-02-17.wav,03,01,08,surprised,strong,Dogs are sitting by the door,2,17,male,val,,3.5368541666666666,48000,1,169769,PCM_16,1e1e14fbf20c8339395e1a48e10713b1
C:\Emotion detection\-Emotion-Recognition-from-Speech\data\raw\RAVDESS\Actor_18\03-01-01-01-01-01-18.wav,03-01-01-01-01-01-18.wav,03,01,01,neutral,normal,Kids are talking by the door,1,18,female,val,,3.4701458333333335,48000,1,166567,PCM_16,def3ece2fe8bc91159ec8b0cf0be7330
C:\Emotion detection\-Emotion-Recognition-from-Speech\data\raw\RAVDESS\Actor_18\03-01-01-01-01-02-18.wav,03-01-01-01-01-02-18.wav,03,01,01,neutral,normal,Kids are talking by the door,2,18,female,val,,3.536875,48000,1,169770,PCM_16,79c5f5fc80c1e2d8b26f514c88f2f618
C:\Emotion detection\-Emotion-Recognition-from-Speech\data\raw\RAVDESS\Actor_18\03-01-01-01-02-01-18.wav,03-01-01-01-02-01-18.wav,03,01,01,neutral,normal,Dogs are sitting by the door,1,18,female,val,,3.470125,48000,1,166566,PCM_16,ec200cc4ebefd02b7b97fc4743ae0107
C:\Emotion detection\-Emotion-Recognition-from-Speech\data\raw\RAVDESS\Actor_18\03-01-01-01-02-02-18.wav,03-01-01-01-02-02-18.wav,03,01,01,neutral,normal,Dogs are sitting by the door,2,18,female,val,,3.4701458333333335,48000,1,166567,PCM_16,42f2c0923f6feb38e9767285dfbf28d1
C:\Emotion detection\-Emotion-Recognition-from-Speech\data\raw\RAVDESS\Actor_18\03-01-02-01-01-01-18.wav,03-01-02-01-01-01-18.wav,03,01,02,calm,normal,Kids are talking by the door,1,18,female,val,,3.470125,48000,1,166566,PCM_16,10e0377ed30dda132a3b8a6ddadb8604
C:\Emotion detection\-Emotion-Recognition-from-Speech\data\raw\RAVDESS\Actor_18\03-01-02-01-01-02-18.wav,03-01-02-01-01-02-18.wav,03,01,02,calm,normal,Kids are talking by the door,2,18,female,val,,3.4034166666666668,48000,1,163364,PCM_16,ac7f85965ab579c9b1c93f679344af3a
C:\Emotion detection\-Emotion-Recognition-from-Speech\data\raw\RAVDESS\Actor_18\03-01-02-01-02-01-18.wav,03-01-02-01-02-01-18.wav,03,01,02,calm,normal,Dogs are sitting by the door,1,18,female,val,,3.636979166666667,48000,1,174575,PCM_16,1a1aea18afe6bbf6cc84b5e15cb4d9e1
C:\Emotion detection\-Emotion-Recognition-from-Speech\data\raw\RAVDESS\Actor_18\03-01-02-01-02-02-18.wav,03-01-02-01-02-02-18.wav,03,01,02,calm,normal,Dogs are sitting by the door,2,18,female,val,,3.5035,48000,1,168168,PCM_16,0b1c6a5ba278633fa56928d20055cb86
C:\Emotion detection\-Emotion-Recognition-from-Speech\data\raw\RAVDESS\Actor_18\03-01-02-02-01-01-18.wav,03-01-02-02-01-01-18.wav,03,01,02,calm,strong,Kids are talking by the door,1,18,female,val,,3.6036041666666665,48000,1,172973,PCM_16,17d99e358b76984081d76757b140a61b
C:\Emotion detection\-Emotion-Recognition-from-Speech\data\raw\RAVDESS\Actor_18\03-01-02-02-01-02-18.wav,03-01-02-02-01-02-18.wav,03,01,02,calm,strong,Kids are talking by the door,2,18,female,val,,3.6036041666666665,48000,1,172973,PCM_16,148428f7a1e3ddf5539141f7acf60b3c
C:\Emotion detection\-Emotion-Recognition-from-Speech\data\raw\RAVDESS\Actor_18\03-01-02-02-02-01-18.wav,03-01-02-02-02-01-18.wav,03,01,02,calm,strong,Dogs are sitting by the door,1,18,female,val,,3.6035833333333334,48000,1,172972,PCM_16,447a15af2dfbd2ba45e17d8a1a2245ad
C:\Emotion detection\-Emotion-Recognition-from-Speech\data\raw\RAVDESS\Actor_18\03-01-02-02-02-02-18.wav,03-01-02-02-02-02-18.wav,03,01,02,calm,strong,Dogs are sitting by the door,2,18,female,val,,3.6036041666666665,48000,1,172973,PCM_16,ecb943b92c88af7d19ba3e0c2dba6dd6
C:\Emotion detection\-Emotion-Recognition-from-Speech\data\raw\RAVDESS\Actor_18\03-01-03-01-01-01-18.wav,03-01-03-01-01-01-18.wav,03,01,03,happy,normal,Kids are talking by the door,1,18,female,val,,3.403395833333333,48000,1,163363,PCM_16,e8961f87d3aac22246a1d453de42898c
C:\Emotion detection\-Emotion-Recognition-from-Speech\data\raw\RAVDESS\Actor_18\03-01-03-01-01-02-18.wav,03-01-03-01-01-02-18.wav,03,01,03,happy,normal,Kids are talking by the door,2,18,female,val,,3.3700208333333332,48000,1,161761,PCM_16,ed7492bc953589c7014b92b21a12f83b
C:\Emotion detection\-Emotion-Recognition-from-Speech\data\raw\RAVDESS\Actor_18\03-01-03-01-02-01-18.wav,03-01-03-01-02-01-18.wav,03,01,03,happy,normal,Dogs are sitting by the door,1,18,female,val,,3.43675,48000,1,164964,PCM_16,cc0e1f3467044c5a20b758f029c42c07
C:\Emotion detection\-Emotion-Recognition-from-Speech\data\raw\RAVDESS\Actor_18\03-01-03-01-02-02-18.wav,03-01-03-01-02-02-18.wav,03,01,03,happy,normal,Dogs are sitting by the door,2,18,female,val,,3.5035,48000,1,168168,PCM_16,d0a708d17d44ed4d02fd07335a4dc028
C:\Emotion detection\-Emotion-Recognition-from-Speech\data\raw\RAVDESS\Actor_18\03-01-03-02-01-01-18.wav,03-01-03-02-01-01-18.wav,03,01,03,happy,strong,Kids are talking by the door,1,18,female,val,,3.7704375,48000,1,180981,PCM_16,2f4c13c7cc02822abdc025d75d179176
C:\Emotion detection\-Emotion-Recognition-from-Speech\data\raw\RAVDESS\Actor_18\03-01-03-02-01-02-18.wav,03-01-03-02-01-02-18.wav,03,01,03,happy,strong,Kids are talking by the door,2,18,female,val,,3.93725,48000,1,188988,PCM_16,6a725ffe12a6c0e7151dfe880f0c797c
C:\Emotion detection\-Emotion-Recognition-from-Speech\data\raw\RAVDESS\Actor_18\03-01-03-02-02-01-18.wav,03-01-03-02-02-01-18.wav,03,01,03,happy,strong,Dogs are sitting by the door,1,18,female,val,,3.7704375,48000,1,180981,PCM_16,a039aa6fbc9f1182b6c8026bcb600d3a
C:\Emotion detection\-Emotion-Recognition-from-Speech\data\raw\RAVDESS\Actor_18\03-01-03-02-02-02-18.wav,03-01-03-02-02-02-18.wav,03,01,03,happy,strong,Dogs are sitting by the door,2,18,female,val,,3.8371666666666666,48000,1,184184,PCM_16,10912fcb64a34a48c6f74891b9ab77f8
C:\Emotion detection\-Emotion-Recognition-from-Speech\data\raw\RAVDESS\Actor_18\03-01-04-01-01-01-18.wav,03-01-04-01-01-01-18.wav,03,01,04,sad,normal,Kids are talking by the door,1,18,female,val,,3.5702291666666666,48000,1,171371,PCM_16,858caab29b15036e972a9d862e49f477
C:\Emotion detection\-Emotion-Recognition-from-Speech\data\raw\RAVDESS\Actor_18\03-01-04-01-01-02-18.wav,03-01-04-01-01-02-18.wav,03,01,04,sad,normal,Kids are talking by the door,2,18,female,val,,3.6369583333333333,48000,1,174574,PCM_16,c0f9ac4c25cd59738e8b12c5e85d6a56
C:\Emotion detection\-Emotion-Recognition-from-Speech\data\raw\RAVDESS\Actor_18\03-01-04-01-02-01-18.wav,03-01-04-01-02-01-18.wav,03,01,04,sad,normal,Dogs are sitting by the door,1,18,female,val,,3.536875,48000,1,169770,PCM_16,617d2c9b9b4c35f8289e972a5b0edb20
C:\Emotion detection\-Emotion-Recognition-from-Speech\data\raw\RAVDESS\Actor_18\03-01-04-01-02-02-18.wav,03-01-04-01-02-02-18.wav,03,01,04,sad,normal,Dogs are sitting by the door,2,18,female,val,,3.6369583333333333,48000,1,174574,PCM_16,89f663c33c8a193d62be7702f4bbcdb4
C:\Emotion detection\-Emotion-Recognition-from-Speech\data\raw\RAVDESS\Actor_18\03-01-04-02-01-01-18.wav,03-01-04-02-01-01-18.wav,03,01,04,sad,strong,Kids are talking by the door,1,18,female,val,,3.8037916666666667,48000,1,182582,PCM_16,bb467592ebd93a4113b4024d4edb979f
C:\Emotion detection\-Emotion-Recognition-from-Speech\data\raw\RAVDESS\Actor_18\03-01-04-02-01-02-18.wav,03-01-04-02-01-02-18.wav,03,01,04,sad,strong,Kids are talking by the door,2,18,female,val,,3.8371666666666666,48000,1,184184,PCM_16,d35a4f0e1fc49b3e6c64a9a5eb2ddf07
C:\Emotion detection\-Emotion-Recognition-from-Speech\data\raw\RAVDESS\Actor_18\03-01-04-02-02-01-18.wav,03-01-04-02-02-01-18.wav,03,01,04,sad,strong,Dogs are sitting by the door,1,18,female,val,,4.137479166666667,48000,1,198599,PCM_16,94c669b24ebd2bf24196ef4fb279d4b9
C:\Emotion detection\-Emotion-Recognition-from-Speech\data\raw\RAVDESS\Actor_18\03-01-04-02-02-02-18.wav,03-01-04-02-02-02-18.wav,03,01,04,sad,strong,Dogs are sitting by the door,2,18,female,val,,3.8371666666666666,48000,1,184184,PCM_16,dee9d0e145e2a5ee59fd1f3141e9ac67
C:\Emotion detection\-Emotion-Recognition-from-Speech\data\raw\RAVDESS\Actor_18\03-01-05-01-01-01-18.wav,03-01-05-01-01-01-18.wav,03,01,05,angry,normal,Kids are talking by the door,1,18,female,val,,3.9038958333333333,48000,1,187387,PCM_16,ff55853269eb7001eaa7f117e98087cd
C:\Emotion detection\-Emotion-Recognition-from-Speech\data\raw\RAVDESS\Actor_18\03-01-05-01-01-02-18.wav,03-01-05-01-01-02-18.wav,03,01,05,angry,normal,Kids are talking by the door,2,18,female,val,,4.170833333333333,48000,1,200200,PCM_16,297c0ecdbbf735db93a07cc93398a1a5
C:\Emotion detection\-Emotion-Recognition-from-Speech\data\raw\RAVDESS\Actor_18\03-01-05-01-02-01-18.wav,03-01-05-01-02-01-18.wav,03,01,05,angry,normal,Dogs are sitting by the door,1,18,female,val,,3.5702291666666666,48000,1,171371,PCM_16,9de34542aa59275d397db6c35ec82817
C:\Emotion detection\-Emotion-Recognition-from-Speech\data\raw\RAVDESS\Actor_18\03-01-05-01-02-02-18.wav,03-01-05-01-02-02-18.wav,03,01,05,angry,normal,Dogs are sitting by the door,2,18,female,val,,3.636979166666667,48000,1,174575,PCM_16,48e0588775b864efdfb5470774f8751d
C:\Emotion detection\-Emotion-Recognition-from-Speech\data\raw\RAVDESS\Actor_18\03-01-05-02-01-01-18.wav,03-01-05-02-01-01-18.wav,03,01,05,angry,strong,Kids are talking by the door,1,18,female,val,,3.703708333333333,48000,1,177778,PCM_16,23a2d347aff73b55a79cbd58639d9340
C:\Emotion detection\-Emotion-Recognition-from-Speech\data\raw\RAVDESS\Actor_18\03-01-05-02-01-02-18.wav,03-01-05-02-01-02-18.wav,03,01,05,angry,strong,Kids are talking by the door,2,18,female,val,,3.7704375,48000,1,180981,PCM_16,e39edf23ccd35b32902185550decf800
C:\Emotion detection\-Emotion-Recognition-from-Speech\data\raw\RAVDESS\Actor_18\03-01-05-02-02-01-18.wav,03-01-05-02-02-01-18.wav,03,01,05,angry,strong,Dogs are sitting by the door,1,18,female,val,,3.8371666666666666,48000,1,184184,PCM_16,29049a4157090b85cdae32419470ddf9
C:\Emotion detection\-Emotion-Recognition-from-Speech\data\raw\RAVDESS\Actor_18\03-01-05-02-02-02-18.wav,03-01-05-02-02-02-18.wav,03,01,05,angry,strong,Dogs are sitting by the door,2,18,female,val,,4.2375625,48000,1,203403,PCM_16,8cd6c753298108b64e3b9eb99ad69bcf
C:\Emotion detection\-Emotion-Recognition-from-Speech\data\raw\RAVDESS\Actor_18\03-01-06-01-01-01-18.wav,03-01-06-01-01-01-18.wav,03,01,06,fearful,normal,Kids are talking by the door,1,18,female,val,,3.4367708333333336,48000,1,164965,PCM_16,0b504394bad01b833f359b1c3f422089
C:\Emotion detection\-Emotion-Recognition-from-Speech\data\raw\RAVDESS\Actor_18\03-01-06-01-01-02-18.wav,03-01-06-01-01-02-18.wav,03,01,06,fearful,normal,Kids are talking by the door,2,18,female,val,,3.403395833333333,48000,1,163363,PCM_16,8b1a166dd9567b2dbef9b31a1ed04ce2
C:\Emotion detection\-Emotion-Recognition-from-Speech\data\raw\RAVDESS\Actor_18\03-01-06-01-02-01-18.wav,03-01-06-01-02-01-18.wav,03,01,06,fearful,normal,Dogs are sitting by the door,1,18,female,val,,3.470125,48000,1,166566,PCM_16,128a8df15e16c9700d1ae8c7e8d0686c
C:\Emotion detection\-Emotion-Recognition-from-Speech\data\raw\RAVDESS\Actor_18\03-01-06-01-02-02-18.wav,03-01-06-01-02-02-18.wav,03,01,06,fearful,normal,Dogs are sitting by the door,2,18,female,val,,3.4701458333333335,48000,1,166567,PCM_16,dfed4998de470c0736cbe4d6965f43d4
C:\Emotion detection\-Emotion-Recognition-from-Speech\data\raw\RAVDESS\Actor_18\03-01-06-02-01-01-18.wav,03-01-06-02-01-01-18.wav,03,01,06,fearful,strong,Kids are talking by the door,1,18,female,val,,3.7370833333333335,48000,1,179380,PCM_16,0077618f6adda3ec3991278a04af4747
C:\Emotion detection\-Emotion-Recognition-from-Speech\data\raw\RAVDESS\Actor_18\03-01-06-02-01-02-18.wav,03-01-06-02-01-02-18.wav,03,01,06,fearful,strong,Kids are talking by the door,2,18,female,val,,4.170833333333333,48000,1,200200,PCM_16,9697ff7eda6a734e45eb795c361fd88b
C:\Emotion detection\-Emotion-Recognition-from-Speech\data\raw\RAVDESS\Actor_18\03-01-06-02-02-01-18.wav,03-01-06-02-02-01-18.wav,03,01,06,fearful,strong,Dogs are sitting by the door,1,18,female,val,,3.8038125,48000,1,182583,PCM_16,f847b57214f8cb941cab272705cb2103
C:\Emotion detection\-Emotion-Recognition-from-Speech\data\raw\RAVDESS\Actor_18\03-01-06-02-02-02-18.wav,03-01-06-02-02-02-18.wav,03,01,06,fearful,strong,Dogs are sitting by the door,2,18,female,val,,3.8037916666666667,48000,1,182582,PCM_16,78aed7dafa4988528b40cadabf508c3b
C:\Emotion detection\-Emotion-Recognition-from-Speech\data\raw\RAVDESS\Actor_18\03-01-07-01-01-01-18.wav,03-01-07-01-01-01-18.wav,03,01,07,disgust,normal,Kids are talking by the door,1,18,female,val,,4.3043125,48000,1,206607,PCM_16,e37415309b792817a364976e78e025fe
C:\Emotion detection\-Emotion-Recognition-from-Speech\data\raw\RAVDESS\Actor_18\03-01-07-01-01-02-18.wav,03-01-07-01-01-02-18.wav,03,01,07,disgust,normal,Kids are talking by the door,2,18,female,val,,4.07075,48000,1,195396,PCM_16,8e4d690d7acbcf7d241743d54dbf4e76
C:\Emotion detection\-Emotion-Recognition-from-Speech\data\raw\RAVDESS\Actor_18\03-01-07-01-02-01-18.wav,03-01-07-01-02-01-18.wav,03,01,07,disgust,normal,Dogs are sitting by the door,1,18,female,val,,3.6703333333333332,48000,1,176176,PCM_16,bf96bc38b9a5810ed426c733144d9d7f
C:\Emotion detection\-Emotion-Recognition-from-Speech\data\raw\RAVDESS\Actor_18\03-01-07-01-02-02-18.wav,03-01-07-01-02-02-18.wav,03,01,07,disgust,normal,Dogs are sitting by the door,2,18,female,val,,4.371041666666667,48000,1,209810,PCM_16,9f17b1a0186537aa410bbb63a08a4eb0
C:\Emotion detection\-Emotion-Recognition-from-Speech\data\raw\RAVDESS\Actor_18\03-01-07-02-01-01-18.wav,03-01-07-02-01-01-18.wav,03,01,07,disgust,strong,Kids are talking by the door,1,18,female,val,,4.771416666666667,48000,1,229028,PCM_16,b797f5fdae4ec59f8e0adafc9630f3c1
C:\Emotion detection\-Emotion-Recognition-from-Speech\data\raw\RAVDESS\Actor_18\03-01-07-02-01-02-18.wav,03-01-07-02-01-02-18.wav,03,01,07,disgust,strong,Kids are talking by the door,2,18,female,val,,4.471145833333333,48000,1,214615,PCM_16,81192f558f97272ce830179cd9c7835b
C:\Emotion detection\-Emotion-Recognition-from-Speech\data\raw\RAVDESS\Actor_18\03-01-07-02-02-01-18.wav,03-01-07-02-02-01-18.wav,03,01,07,disgust,strong,Dogs are sitting by the door,1,18,female,val,,4.637958333333334,48000,1,222622,PCM_16,8ac9e3bf13eb750622067fbddf6491bd
C:\Emotion detection\-Emotion-Recognition-from-Speech\data\raw\RAVDESS\Actor_18\03-01-07-02-02-02-18.wav,03-01-07-02-02-02-18.wav,03,01,07,disgust,strong,Dogs are sitting by the door,2,18,female,val,,4.571229166666667,48000,1,219419,PCM_16,d6548e0bc02cc6cb94d5bb04fad29369
C:\Emotion detection\-Emotion-Recognition-from-Speech\data\raw\RAVDESS\Actor_18\03-01-08-01-01-01-18.wav,03-01-08-01-01-01-18.wav,03,01,08,surprised,normal,Kids are talking by the door,1,18,female,val,,3.3700208333333332,48000,1,161761,PCM_16,f488fd1a232319cd84bbe478effcfedf
C:\Emotion detection\-Emotion-Recognition-from-Speech\data\raw\RAVDESS\Actor_18\03-01-08-01-01-02-18.wav,03-01-08-01-01-02-18.wav,03,01,08,surprised,normal,Kids are talking by the door,2,18,female,val,,3.5035,48000,1,168168,PCM_16,0a3e3f0610ab5a21f1b449378eab04c0
C:\Emotion detection\-Emotion-Recognition-from-Speech\data\raw\RAVDESS\Actor_18\03-01-08-01-02-01-18.wav,03-01-08-01-02-01-18.wav,03,01,08,surprised,normal,Dogs are sitting by the door,1,18,female,val,,3.5035,48000,1,168168,PCM_16,2db59803bd7c9d9ee2c56cd4d46dd7d8
C:\Emotion detection\-Emotion-Recognition-from-Speech\data\raw\RAVDESS\Actor_18\03-01-08-01-02-02-18.wav,03-01-08-01-02-02-18.wav,03,01,08,surprised,normal,Dogs are sitting by the door,2,18,female,val,,3.5035,48000,1,168168,PCM_16,9eac03abe314aafa9080938568a7c4a4
C:\Emotion detection\-Emotion-Recognition-from-Speech\data\raw\RAVDESS\Actor_18\03-01-08-02-01-01-18.wav,03-01-08-02-01-01-18.wav,03,01,08,surprised,strong,Kids are talking by the door,1,18,female,val,,3.636979166666667,48000,1,174575,PCM_16,ddab9eee0d9b08fb33a9a3ce58244b0c
C:\Emotion detection\-Emotion-Recognition-from-Speech\data\raw\RAVDESS\Actor_18\03-01-08-02-01-02-18.wav,03-01-08-02-01-02-18.wav,03,01,08,surprised,strong,Kids are talking by the door,2,18,female,val,,3.536875,48000,1,169770,PCM_16,2b23129773eb5e6241d10a614c284a34
C:\Emotion detection\-Emotion-Recognition-from-Speech\data\raw\RAVDESS\Actor_18\03-01-08-02-02-01-18.wav,03-01-08-02-02-01-18.wav,03,01,08,surprised,strong,Dogs are sitting by the door,1,18,female,val,,3.8705416666666665,48000,1,185786,PCM_16,28e580c56e47fadfe761cb32881e65da
C:\Emotion detection\-Emotion-Recognition-from-Speech\data\raw\RAVDESS\Actor_18\03-01-08-02-02-02-18.wav,03-01-08-02-02-02-18.wav,03,01,08,surprised,strong,Dogs are sitting by the door,2,18,female,val,,3.6369583333333333,48000,1,174574,PCM_16,fa71c56c3c70d92072cf96175c17fb0a
C:\Emotion detection\-Emotion-Recognition-from-Speech\data\raw\RAVDESS\Actor_19\03-01-01-01-01-01-19.wav,03-01-01-01-01-01-19.wav,03,01,01,neutral,normal,Kids are talking by the door,1,19,male,val,,3.370041666666667,48000,1,161762,PCM_16,3d7c91d57d44f54aee108e90af005c0d
C:\Emotion detection\-Emotion-Recognition-from-Speech\data\raw\RAVDESS\Actor_19\03-01-01-01-01-02-19.wav,03-01-01-01-01-02-19.wav,03,01,01,neutral,normal,Kids are talking by the door,2,19,male,val,,3.2365625,48000,1,155355,PCM_16,aa1a521f2a5aa5e5c733e774122e9dbe
C:\Emotion detection\-Emotion-Recognition-from-Speech\data\raw\RAVDESS\Actor_19\03-01-01-01-02-01-19.wav,03-01-01-01-02-01-19.wav,03,01,01,neutral,normal,Dogs are sitting by the door,1,19,male,val,,3.3366666666666664,48000,1,160160,PCM_16,d7dcf81df39c168d9caa272af4a29fd6
C:\Emotion detection\-Emotion-Recognition-from-Speech\data\raw\RAVDESS\Actor_19\03-01-01-01-02-02-19.wav,03-01-01-01-02-02-19.wav,03,01,01,neutral,normal,Dogs are sitting by the door,2,19,male,val,,3.3032916666666665,48000,1,158558,PCM_16,6dd0a5c9c16250b8200dc9b6170459bd
C:\Emotion detection\-Emotion-Recognition-from-Speech\data\raw\RAVDESS\Actor_19\03-01-02-01-01-01-19.wav,03-01-02-01-01-01-19.wav,03,01,02,calm,normal,Kids are talking by the door,1,19,male,val,,3.6703333333333332,48000,1,176176,PCM_16,e1781d281c07da3b6dde3d7cb96270e6
C:\Emotion detection\-Emotion-Recognition-from-Speech\data\raw\RAVDESS\Actor_19\03-01-02-01-01-02-19.wav,03-01-02-01-01-02-19.wav,03,01,02,calm,normal,Kids are talking by the door,2,19,male,val,,3.6703333333333332,48000,1,176176,PCM_16,be2cea5902e9100c9ebee9b2ed719ada
C:\Emotion detection\-Emotion-Recognition-from-Speech\data\raw\RAVDESS\Actor_19\03-01-02-01-02-01-19.wav,03-01-02-01-02-01-19.wav,03,01,02,calm,normal,Dogs are sitting by the door,1,19,male,val,,3.3366666666666664,48000,1,160160,PCM_16,2f759dd4ecc6b4ac9b9108369638d603
C:\Emotion detection\-Emotion-Recognition-from-Speech\data\raw\RAVDESS\Actor_19\03-01-02-01-02-02-19.wav,03-01-02-01-02-02-19.wav,03,01,02,calm,normal,Dogs are sitting by the door,2,19,male,val,,3.470125,48000,1,166566,PCM_16,b7014d0d2b7a47a67e19295a9e51f9e7
C:\Emotion detection\-Emotion-Recognition-from-Speech\data\raw\RAVDESS\Actor_19\03-01-02-02-01-01-19.wav,03-01-02-02-01-01-19.wav,03,01,02,calm,strong,Kids are talking by the door,1,19,male,val,,4.471145833333333,48000,1,214615,PCM_16,e514e92ef90a3b02dcc1b59827d30b61
C:\Emotion detection\-Emotion-Recognition-from-Speech\data\raw\RAVDESS\Actor_19\03-01-02-02-01-02-19.wav,03-01-02-02-01-02-19.wav,03,01,02,calm,strong,Kids are talking by the door,2,19,male,val,,4.037375,48000,1,193794,PCM_16,315de673ed1d06f4169fb4afbdef2c0f
C:\Emotion detection\-Emotion-Recognition-from-Speech\data\raw\RAVDESS\Actor_19\03-01-02-02-02-01-19.wav,03-01-02-02-02-01-19.wav,03,01,02,calm,strong,Dogs are sitting by the door,1,19,male,val,,4.604604166666666,48000,1,221021,PCM_16,ac5a526043ec885a549b0be4aa5a44c9
C:\Emotion detection\-Emotion-Recognition-from-Speech\data\raw\RAVDESS\Actor_19\03-01-02-02-02-02-19.wav,03-01-02-02-02-02-19.wav,03,01,02,calm,strong,Dogs are sitting by the door,2,19,male,val,,4.304291666666667,48000,1,206606,PCM_16,cbef957380ac3936a959be1ce9c40dbf
C:\Emotion detection\-Emotion-Recognition-from-Speech\data\raw\RAVDESS\Actor_19\03-01-03-01-01-01-19.wav,03-01-03-01-01-01-19.wav,03,01,03,happy,normal,Kids are talking by the door,1,19,male,val,,3.6369583333333333,48000,1,174574,PCM_16,93738a1e002b6bc029c2aaef94122f94
C:\Emotion detection\-Emotion-Recognition-from-Speech\data\raw\RAVDESS\Actor_19\03-01-03-01-01-02-19.wav,03-01-03-01-01-02-19.wav,03,01,03,happy,normal,Kids are talking by the door,2,19,male,val,,3.703708333333333,48000,1,177778,PCM_16,7978d6921ba850de26bdd0a09528588e
C:\Emotion detection\-Emotion-Recognition-from-Speech\data\raw\RAVDESS\Actor_19\03-01-03-01-02-01-19.wav,03-01-03-01-02-01-19.wav,03,01,03,happy,normal,Dogs are sitting by the door,1,19,male,val,,3.2699375,48000,1,156957,PCM_16,c299d461211aab62702d0c4e25b1109c
C:\Emotion detection\-Emotion-Recognition-from-Speech\data\raw\RAVDESS\Actor_19\03-01-03-01-02-02-19.wav,03-01-03-01-02-02-19.wav,03,01,03,happy,normal,Dogs are sitting by the door,2,19,male,val,,3.3033125,48000,1,158559,PCM_16,d0b9b0c3eb0e16e2685fc476f88cabc8
C:\Emotion detection\-Emotion-Recognition-from-Speech\data\raw\RAVDESS\Actor_19\03-01-03-02-01-01-19.wav,03-01-03-02-01-01-19.wav,03,01,03,happy,strong,Kids are talking by the door,1,19,male,val,,3.7704375,48000,1,180981,PCM_16,0e17598a5b5a4f9b6e98c1ca2c94dad1
C:\Emotion detection\-Emotion-Recognition-from-Speech\data\raw\RAVDESS\Actor_19\03-01-03-02-01-02-19.wav,03-01-03-02-01-02-19.wav,03,01,03,happy,strong,Kids are talking by the door,2,19,male,val,,3.8037916666666667,48000,1,182582,PCM_16,cb23daf36eb84c93c867ba3b2cff62f6
C:\Emotion detection\-Emotion-Recognition-from-Speech\data\raw\RAVDESS\Actor_19\03-01-03-02-02-01-19.wav,03-01-03-02-02-01-19.wav,03,01,03,happy,strong,Dogs are sitting by the door,1,19,male,val,,4.404395833333333,48000,1,211411,PCM_16,5c89104ee791df5a4e17bf2ed2a6a883
C:\Emotion detection\-Emotion-Recognition-from-Speech\data\raw\RAVDESS\Actor_19\03-01-03-02-02-02-19.wav,03-01-03-02-02-02-19.wav,03,01,03,happy,strong,Dogs are sitting by the door,2,19,male,val,,4.004,48000,1,192192,PCM_16,16454852692d1680b0d585295287b2f8
C:\Emotion detection\-Emotion-Recognition-from-Speech\data\raw\RAVDESS\Actor_19\03-01-04-01-01-01-19.wav,03-01-04-01-01-01-19.wav,03,01,04,sad,normal,Kids are talking by the door,1,19,male,val,,3.4367708333333336,48000,1,164965,PCM_16,9d9c4f0536cd363a73fab3170c9f818f
C:\Emotion detection\-Emotion-Recognition-from-Speech\data\raw\RAVDESS\Actor_19\03-01-04-01-01-02-19.wav,03-01-04-01-01-02-19.wav,03,01,04,sad,normal,Kids are talking by the door,2,19,male,val,,3.6703333333333332,48000,1,176176,PCM_16,6a58c9c625cf3c546ce24aab01106c9d
C:\Emotion detection\-Emotion-Recognition-from-Speech\data\raw\RAVDESS\Actor_19\03-01-04-01-02-01-19.wav,03-01-04-01-02-01-19.wav,03,01,04,sad,normal,Dogs are sitting by the door,1,19,male,val,,3.1698333333333335,48000,1,152152,PCM_16,6a1355f1287744d70756c0cad521dd05
C:\Emotion detection\-Emotion-Recognition-from-Speech\data\raw\RAVDESS\Actor_19\03-01-04-01-02-02-19.wav,03-01-04-01-02-02-19.wav,03,01,04,sad,normal,Dogs are sitting by the door,2,19,male,val,,3.6703333333333332,48000,1,176176,PCM_16,ce016909edadc7511db059fb0d986309
C:\Emotion detection\-Emotion-Recognition-from-Speech\data\raw\RAVDESS\Actor_19\03-01-04-02-01-01-19.wav,03-01-04-02-01-01-19.wav,03,01,04,sad,strong,Kids are talking by the door,1,19,male,val,,4.004,48000,1,192192,PCM_16,7ac8ab9c1e5b23822e981cf3204f41f0
C:\Emotion detection\-Emotion-Recognition-from-Speech\data\raw\RAVDESS\Actor_19\03-01-04-02-01-02-19.wav,03-01-04-02-01-02-19.wav,03,01,04,sad,strong,Kids are talking by the door,2,19,male,val,,3.703708333333333,48000,1,177778,PCM_16,4671a1da09cb1b476a2b86210c9c7a1d
C:\Emotion detection\-Emotion-Recognition-from-Speech\data\raw\RAVDESS\Actor_19\03-01-04-02-02-01-19.wav,03-01-04-02-02-01-19.wav,03,01,04,sad,strong,Dogs are sitting by the door,1,19,male,val,,3.4034166666666668,48000,1,163364,PCM_16,07d670eb8dee8f8bfe4720f2aead83a0
C:\Emotion detection\-Emotion-Recognition-from-Speech\data\raw\RAVDESS\Actor_19\03-01-04-02-02-02-19.wav,03-01-04-02-02-02-19.wav,03,01,04,sad,strong,Dogs are sitting by the door,2,19,male,val,,3.7370833333333335,48000,1,179380,PCM_16,06f91881ddd21f874aebddd9bcfc5475
C:\Emotion detection\-Emotion-Recognition-from-Speech\data\raw\RAVDESS\Actor_19\03-01-05-01-01-01-19.wav,03-01-05-01-01-01-19.wav,03,01,05,angry,normal,Kids are talking by the door,1,19,male,val,,3.7704375,48000,1,180981,PCM_16,bd32945b22ada9cf66599ebbf8bee8a2
C:\Emotion detection\-Emotion-Recognition-from-Speech\data\raw\RAVDESS\Actor_19\03-01-05-01-01-02-19.wav,03-01-05-01-01-02-19.wav,03,01,05,angry,normal,Kids are talking by the door,2,19,male,val,,3.703708333333333,48000,1,177778,PCM_16,0d160059954aee1f49454f0208d58d8f
C:\Emotion detection\-Emotion-Recognition-from-Speech\data\raw\RAVDESS\Actor_19\03-01-05-01-02-01-19.wav,03-01-05-01-02-01-19.wav,03,01,05,angry,normal,Dogs are sitting by the door,1,19,male,val,,3.3033125,48000,1,158559,PCM_16,29567f02e0f3ca82d4360da8119de442
C:\Emotion detection\-Emotion-Recognition-from-Speech\data\raw\RAVDESS\Actor_19\03-01-05-01-02-02-19.wav,03-01-05-01-02-02-19.wav,03,01,05,angry,normal,Dogs are sitting by the door,2,19,male,val,,3.5702291666666666,48000,1,171371,PCM_16,1e1e04c14bf81ac1ac223e16b06e72e3
C:\Emotion detection\-Emotion-Recognition-from-Speech\data\raw\RAVDESS\Actor_19\03-01-05-02-01-01-19.wav,03-01-05-02-01-01-19.wav,03,01,05,angry,strong,Kids are talking by the door,1,19,male,val,,3.970645833333333,48000,1,190591,PCM_16,d72da5d0d01d40963423656b5a236fdb
C:\Emotion detection\-Emotion-Recognition-from-Speech\data\raw\RAVDESS\Actor_19\03-01-05-02-01-02-19.wav,03-01-05-02-01-02-19.wav,03,01,05,angry,strong,Kids are talking by the door,2,19,male,val,,4.804791666666667,48000,1,230630,PCM_16,ecf9f256dee2f12c85c1b4c97f737fd1
C:\Emotion detection\-Emotion-Recognition-from-Speech\data\raw\RAVDESS\Actor_19\03-01-05-02-02-01-19.wav,03-01-05-02-02-01-19.wav,03,01,05,angry,strong,Dogs are sitting by the door,1,19,male,val,,4.337666666666666,48000,1,208208,PCM_16,55f4f10dc9e410a6d3c9fe83656821eb
C:\Emotion detection\-Emotion-Recognition-from-Speech\data\raw\RAVDESS\Actor_19\03-01-05-02-02-02-19.wav,03-01-05-02-02-02-19.wav,03,01,05,angry,strong,Dogs are sitting by the door,2,19,male,val,,4.104104166666667,48000,1,196997,PCM_16,d6772a90fa083c9caba1f040431e6eeb
C:\Emotion detection\-Emotion-Recognition-from-Speech\data\raw\RAVDESS\Actor_19\03-01-06-01-01-01-19.wav,03-01-06-01-01-01-19.wav,03,01,06,fearful,normal,Kids are talking by the door,1,19,male,val,,3.7036875,48000,1,177777,PCM_16,8c74604715ea8c731c45ba388a26c366
C:\Emotion detection\-Emotion-Recognition-from-Speech\data\raw\RAVDESS\Actor_19\03-01-06-01-01-02-19.wav,03-01-06-01-01-02-19.wav,03,01,06,fearful,normal,Kids are talking by the door,2,19,male,val,,3.5035,48000,1,168168,PCM_16,cf76854e731b8d7c36cd7de2b3724ba8
C:\Emotion detection\-Emotion-Recognition-from-Speech\data\raw\RAVDESS\Actor_19\03-01-06-01-02-01-19.wav,03-01-06-01-02-01-19.wav,03,01,06,fearful,normal,Dogs are sitting by the door,1,19,male,val,,3.7704375,48000,1,180981,PCM_16,2ae3402fc3087bd698c74e092d051969
C:\Emotion detection\-Emotion-Recognition-from-Speech\data\raw\RAVDESS\Actor_19\03-01-06-01-02-02-19.wav,03-01-06-01-02-02-19.wav,03,01,06,fearful,normal,Dogs are sitting by the door,2,19,male,val,,3.536875,48000,1,169770,PCM_16,f95de2ca47eaf01b3c27f043e94ef78e
C:\Emotion detection\-Emotion-Recognition-from-Speech\data\raw\RAVDESS\Actor_19\03-01-06-02-01-01-19.wav,03-01-06-02-01-01-19.wav,03,01,06,fearful,strong,Kids are talking by the door,1,19,male,val,,3.8371666666666666,48000,1,184184,PCM_16,8c9627a025e6f811e8d1dc9ead45d8ff
C:\Emotion detection\-Emotion-Recognition-from-Speech\data\raw\RAVDESS\Actor_19\03-01-06-02-01-02-19.wav,03-01-06-02-01-02-19.wav,03,01,06,fearful,strong,Kids are talking by the door,2,19,male,val,,4.371020833333334,48000,1,209809,PCM_16,60f5223065ecab3d71be650777ae28f2
C:\Emotion detection\-Emotion-Recognition-from-Speech\data\raw\RAVDESS\Actor_19\03-01-06-02-02-01-19.wav,03-01-06-02-02-01-19.wav,03,01,06,fearful,strong,Dogs are sitting by the door,1,19,male,val,,3.5702291666666666,48000,1,171371,PCM_16,4a10dcc663b78064cfc05adff1efdc04
C:\Emotion detection\-Emotion-Recognition-from-Speech\data\raw\RAVDESS\Actor_19\03-01-06-02-02-02-19.wav,03-01-06-02-02-02-19.wav,03,01,06,fearful,strong,Dogs are sitting by the door,2,19,male,val,,4.037354166666667,48000,1,193793,PCM_16,2c7e973ceb278c01eae0b209e725235a
C:\Emotion detection\-Emotion-Recognition-from-Speech\data\raw\RAVDESS\Actor_19\03-01-07-01-01-01-19.wav,03-01-07-01-01-01-19.wav,03,01,07,disgust,normal,Kids are talking by the door,1,19,male,val,,4.3043125,48000,1,206607,PCM_16,e3a13d6a32e5b560a80f787ef9e67e86
C:\Emotion detection\-Emotion-Recognition-from-Speech\data\raw\RAVDESS\Actor_19\03-01-07-01-01-02-19.wav,03-01-07-01-01-02-19.wav,03,01,07,disgust,normal,Kids are talking by the door,2,19,male,val,,4.838166666666667,48000,1,232232,PCM_16,b92ad49d53dc0d6a5245bb0cbebfb3c6
C:\Emotion detection\-Emotion-Recognition-from-Speech\data\raw\RAVDESS\Actor_19\03-01-07-01-02-01-19.wav,03-01-07-01-02-01-19.wav,03,01,07,disgust,normal,Dogs are sitting by the door,1,19,male,val,,4.170833333333333,48000,1,200200,PCM_16,20709466fb61d28ab098537f84e57983
C:\Emotion detection\-Emotion-Recognition-from-Speech\data\raw\RAVDESS\Actor_19\03-01-07-01-02-02-19.wav,03-01-07-01-02-02-19.wav,03,01,07,disgust,normal,Dogs are sitting by the door,2,19,male,val,,3.9372708333333333,48000,1,188989,PCM_16,1032cb3acdc84fdaf830b39460dad64a
C:\Emotion detection\-Emotion-Recognition-from-Speech\data\raw\RAVDESS\Actor_19\03-01-07-02-01-01-19.wav,03-01-07-02-01-01-19.wav,03,01,07,disgust,strong,Kids are talking by the door,1,19,male,val,,4.8048125,48000,1,230631,PCM_16,cfc1101a9acb95922f0cef0eb785fef1
C:\Emotion detection\-Emotion-Recognition-from-Speech\data\raw\RAVDESS\Actor_19\03-01-07-02-01-02-19.wav,03-01-07-02-01-02-19.wav,03,01,07,disgust,strong,Kids are talking by the door,2,19,male,val,,5.2719375,48000,1,253053,PCM_16,79f7a03d75f667653cdb3e47879e1897
C:\Emotion detection\-Emotion-Recognition-from-Speech\data\raw\RAVDESS\Actor_19\03-01-07-02-02-01-19.wav,03-01-07-02-02-01-19.wav,03,01,07,disgust,strong,Dogs are sitting by the door,1,19,male,val,,4.904895833333334,48000,1,235435,PCM_16,4135426785b7b51a2db8de767889ca2c
C:\Emotion detection\-Emotion-Recognition-from-Speech\data\raw\RAVDESS\Actor_19\03-01-07-02-02-02-19.wav,03-01-07-02-02-02-19.wav,03,01,07,disgust,strong,Dogs are sitting by the door,2,19,male,val,,4.938270833333333,48000,1,237037,PCM_16,812120f4a56de39b66df40c262521444
C:\Emotion detection\-Emotion-Recognition-from-Speech\data\raw\RAVDESS\Actor_19\03-01-08-01-01-01-19.wav,03-01-08-01-01-01-19.wav,03,01,08,surprised,normal,Kids are talking by the door,1,19,male,val,,3.7370625,48000,1,179379,PCM_16,7b9e8a6c369314ce9a2eb3617f804cb9
C:\Emotion detection\-Emotion-Recognition-from-Speech\data\raw\RAVDESS\Actor_19\03-01-08-01-01-02-19.wav,03-01-08-01-01-02-19.wav,03,01,08,surprised,normal,Kids are talking by the door,2,19,male,val,,3.5368541666666666,48000,1,169769,PCM_16,114ca8f879975776c28aab264c414aeb
C:\Emotion detection\-Emotion-Recognition-from-Speech\data\raw\RAVDESS\Actor_19\03-01-08-01-02-01-19.wav,03-01-08-01-02-01-19.wav,03,01,08,surprised,normal,Dogs are sitting by the door,1,19,male,val,,4.1040833333333335,48000,1,196996,PCM_16,42013dfe7e6b63b2cb26605f0de1e7ba
C:\Emotion detection\-Emotion-Recognition-from-Speech\data\raw\RAVDESS\Actor_19\03-01-08-01-02-02-19.wav,03-01-08-01-02-02-19.wav,03,01,08,surprised,normal,Dogs are sitting by the door,2,19,male,val,,3.06975,48000,1,147348,PCM_16,73ab76570cab7802b37fa668c146c943
C:\Emotion detection\-Emotion-Recognition-from-Speech\data\raw\RAVDESS\Actor_19\03-01-08-02-01-01-19.wav,03-01-08-02-01-01-19.wav,03,01,08,surprised,strong,Kids are talking by the door,1,19,male,val,,4.104104166666667,48000,1,196997,PCM_16,f898c34ff3027b291775062f962eff62
C:\Emotion detection\-Emotion-Recognition-from-Speech\data\raw\RAVDESS\Actor_19\03-01-08-02-01-02-19.wav,03-01-08-02-01-02-19.wav,03,01,08,surprised,strong,Kids are talking by the door,2,19,male,val,,4.637979166666667,48000,1,222623,PCM_16,d8f9aae6384f4d700b2016e7416933d4
C:\Emotion detection\-Emotion-Recognition-from-Speech\data\raw\RAVDESS\Actor_19\03-01-08-02-02-01-19.wav,03-01-08-02-02-01-19.wav,03,01,08,surprised,strong,Dogs are sitting by the door,1,19,male,val,,3.2365833333333334,48000,1,155356,PCM_16,17cbd19823afc52f228c31cfc960a388
C:\Emotion detection\-Emotion-Recognition-from-Speech\data\raw\RAVDESS\Actor_19\03-01-08-02-02-02-19.wav,03-01-08-02-02-02-19.wav,03,01,08,surprised,strong,Dogs are sitting by the door,2,19,male,val,,3.2699375,48000,1,156957,PCM_16,77c28e77d690654c13646096c7447742
C:\Emotion detection\-Emotion-Recognition-from-Speech\data\raw\RAVDESS\Actor_20\03-01-01-01-01-01-20.wav,03-01-01-01-01-01-20.wav,03,01,01,neutral,normal,Kids are talking by the door,1,20,female,test,,3.470125,48000,1,166566,PCM_16,6f27ba492f37a082acf73c9195e98edf
C:\Emotion detection\-Emotion-Recognition-from-Speech\data\raw\RAVDESS\Actor_20\03-01-01-01-01-02-20.wav,03-01-01-01-01-02-20.wav,03,01,01,neutral,normal,Kids are talking by the door,2,20,female,test,,3.5702291666666666,48000,1,171371,PCM_16,163842cd4a01651bf21a675a01e523d3
C:\Emotion detection\-Emotion-Recognition-from-Speech\data\raw\RAVDESS\Actor_20\03-01-01-01-02-01-20.wav,03-01-01-01-02-01-20.wav,03,01,01,neutral,normal,Dogs are sitting by the door,1,20,female,test,,3.4367708333333336,48000,1,164965,PCM_16,4e7517adcabbafd5d9f84ca2892c3b8b
C:\Emotion detection\-Emotion-Recognition-from-Speech\data\raw\RAVDESS\Actor_20\03-01-01-01-02-02-20.wav,03-01-01-01-02-02-20.wav,03,01,01,neutral,normal,Dogs are sitting by the door,2,20,female,test,,3.536875,48000,1,169770,PCM_16,471b6dd2972fb40a40828a28847ec289
C:\Emotion detection\-Emotion-Recognition-from-Speech\data\raw\RAVDESS\Actor_20\03-01-02-01-01-01-20.wav,03-01-02-01-01-01-20.wav,03,01,02,calm,normal,Kids are talking by the door,1,20,female,test,,3.6369583333333333,48000,1,174574,PCM_16,f6b8adc4e11ecd79eaa91ee1bb52b6f3
C:\Emotion detection\-Emotion-Recognition-from-Speech\data\raw\RAVDESS\Actor_20\03-01-02-01-01-02-20.wav,03-01-02-01-01-02-20.wav,03,01,02,calm,normal,Kids are talking by the door,2,20,female,test,,3.5702291666666666,48000,1,171371,PCM_16,3b811b4f26c163dde138793dd7e44a24
C:\Emotion detection\-Emotion-Recognition-from-Speech\data\raw\RAVDESS\Actor_20\03-01-02-01-02-01-20.wav,03-01-02-01-02-01-20.wav,03,01,02,calm,normal,Dogs are sitting by the door,1,20,female,test,,3.3366666666666664,48000,1,160160,PCM_16,579f2890329d54b07b44219cf940dce8
C:\Emotion detection\-Emotion-Recognition-from-Speech\data\raw\RAVDESS\Actor_20\03-01-02-01-02-02-20.wav,03-01-02-01-02-02-20.wav,03,01,02,calm,normal,Dogs are sitting by the door,2,20,female,test,,3.5035,48000,1,168168,PCM_16,fa15d099000171ec9549da029fa349db
C:\Emotion detection\-Emotion-Recognition-from-Speech\data\raw\RAVDESS\Actor_20\03-01-02-02-01-01-20.wav,03-01-02-02-01-01-20.wav,03,01,02,calm,strong,Kids are talking by the door,1,20,female,test,,3.8705416666666665,48000,1,185786,PCM_16,e733d42b2386b4b69364ff2584f4ae89
C:\Emotion detection\-Emotion-Recognition-from-Speech\data\raw\RAVDESS\Actor_20\03-01-02-02-01-02-20.wav,03-01-02-02-01-02-20.wav,03,01,02,calm,strong,Kids are talking by the door,2,20,female,test,,4.07075,48000,1,195396,PCM_16,55a1f66cf40028521cdef819b2149851
C:\Emotion detection\-Emotion-Recognition-from-Speech\data\raw\RAVDESS\Actor_20\03-01-02-02-02-01-20.wav,03-01-02-02-02-01-20.wav,03,01,02,calm,strong,Dogs are sitting by the door,1,20,female,test,,3.6369583333333333,48000,1,174574,PCM_16,ab45c5192745a5275c7818c89ae34826
C:\Emotion detection\-Emotion-Recognition-from-Speech\data\raw\RAVDESS\Actor_20\03-01-02-02-02-02-20.wav,03-01-02-02-02-02-20.wav,03,01,02,calm,strong,Dogs are sitting by the door,2,20,female,test,,3.636979166666667,48000,1,174575,PCM_16,ea502a797a3e774dcbccf17d37d4ab4d
C:\Emotion detection\-Emotion-Recognition-from-Speech\data\raw\RAVDESS\Actor_20\03-01-03-01-01-01-20.wav,03-01-03-01-01-01-20.wav,03,01,03,happy,normal,Kids are talking by the door,1,20,female,test,,3.536875,48000,1,169770,PCM_16,d2b416cd04ae183d22ba8fb6e94dc2e2
C:\Emotion detection\-Emotion-Recognition-from-Speech\data\raw\RAVDESS\Actor_20\03-01-03-01-01-02-20.wav,03-01-03-01-01-02-20.wav,03,01,03,happy,normal,Kids are talking by the door,2,20,female,test,,3.7036875,48000,1,177777,PCM_16,dcb02b54273b268952d3206572192e63
C:\Emotion detection\-Emotion-Recognition-from-Speech\data\raw\RAVDESS\Actor_20\03-01-03-01-02-01-20.wav,03-01-03-01-02-01-20.wav,03,01,03,happy,normal,Dogs are sitting by the door,1,20,female,test,,3.470125,48000,2,166566,PCM_16,8f76d87e6677250e7526df9934224a80
C:\Emotion detection\-Emotion-Recognition-from-Speech\data\raw\RAVDESS\Actor_20\03-01-03-01-02-02-20.wav,03-01-03-01-02-02-20.wav,03,01,03,happy,normal,Dogs are sitting by the door,2,20,female,test,,3.403395833333333,48000,1,163363,PCM_16,b2ced8b729ef01c75a25b5231a57f3a6
C:\Emotion detection\-Emotion-Recognition-from-Speech\data\raw\RAVDESS\Actor_20\03-01-03-02-01-01-20.wav,03-01-03-02-01-01-20.wav,03,01,03,happy,strong,Kids are talking by the door,1,20,female,test,,3.6703333333333332,48000,1,176176,PCM_16,ee90cebbc379b80ddfb642528a343736
C:\Emotion detection\-Emotion-Recognition-from-Speech\data\raw\RAVDESS\Actor_20\03-01-03-02-01-02-20.wav,03-01-03-02-01-02-20.wav,03,01,03,happy,strong,Kids are talking by the door,2,20,female,test,,4.304291666666667,48000,1,206606,PCM_16,8f765b7fd935e20e9d94916504729844
C:\Emotion detection\-Emotion-Recognition-from-Speech\data\raw\RAVDESS\Actor_20\03-01-03-02-02-01-20.wav,03-01-03-02-02-01-20.wav,03,01,03,happy,strong,Dogs are sitting by the door,1,20,female,test,,3.57025,48000,1,171372,PCM_16,c4bcae6af6ac2c872e4d8a5d609362b8
C:\Emotion detection\-Emotion-Recognition-from-Speech\data\raw\RAVDESS\Actor_20\03-01-03-02-02-02-20.wav,03-01-03-02-02-02-20.wav,03,01,03,happy,strong,Dogs are sitting by the door,2,20,female,test,,3.703708333333333,48000,1,177778,PCM_16,1e87150d598856f904f7d4a9d3f1adc6
C:\Emotion detection\-Emotion-Recognition-from-Speech\data\raw\RAVDESS\Actor_20\03-01-04-01-01-01-20.wav,03-01-04-01-01-01-20.wav,03,01,04,sad,normal,Kids are talking by the door,1,20,female,test,,3.6035833333333334,48000,1,172972,PCM_16,0f2cee3c43867840dcd22a0b27ff8a3c
C:\Emotion detection\-Emotion-Recognition-from-Speech\data\raw\RAVDESS\Actor_20\03-01-04-01-01-02-20.wav,03-01-04-01-01-02-20.wav,03,01,04,sad,normal,Kids are talking by the door,2,20,female,test,,3.5035,48000,1,168168,PCM_16,47b29f9932786cec3dd16d22bd3ac870
C:\Emotion detection\-Emotion-Recognition-from-Speech\data\raw\RAVDESS\Actor_20\03-01-04-01-02-01-20.wav,03-01-04-01-02-01-20.wav,03,01,04,sad,normal,Dogs are sitting by the door,1,20,female,test,,3.470125,48000,1,166566,PCM_16,9dab23767d3825705bdacefbf3bbdb2f
C:\Emotion detection\-Emotion-Recognition-from-Speech\data\raw\RAVDESS\Actor_20\03-01-04-01-02-02-20.wav,03-01-04-01-02-02-20.wav,03,01,04,sad,normal,Dogs are sitting by the door,2,20,female,test,,3.370041666666667,48000,1,161762,PCM_16,b52c13bdfde7167916e309d6cc96df01
C:\Emotion detection\-Emotion-Recognition-from-Speech\data\raw\RAVDESS\Actor_20\03-01-04-02-01-01-20.wav,03-01-04-02-01-01-20.wav,03,01,04,sad,strong,Kids are talking by the door,1,20,female,test,,3.7704375,48000,1,180981,PCM_16,69beb770d6a00255bc0199a0a6a436ca
C:\Emotion detection\-Emotion-Recognition-from-Speech\data\raw\RAVDESS\Actor_20\03-01-04-02-01-02-20.wav,03-01-04-02-01-02-20.wav,03,01,04,sad,strong,Kids are talking by the door,2,20,female,test,,4.2375625,48000,1,203403,PCM_16,0136b98e6b2bb869b8abb0e787b2d517
C:\Emotion detection\-Emotion-Recognition-from-Speech\data\raw\RAVDESS\Actor_20\03-01-04-02-02-01-20.wav,03-01-04-02-02-01-20.wav,03,01,04,sad,strong,Dogs are sitting by the door,1,20,female,test,,3.8038125,48000,1,182583,PCM_16,8998f3faea3044dd70d43e9a8266ce6a
C:\Emotion detection\-Emotion-Recognition-from-Speech\data\raw\RAVDESS\Actor_20\03-01-04-02-02-02-20.wav,03-01-04-02-02-02-20.wav,03,01,04,sad,strong,Dogs are sitting by the door,2,20,female,test,,3.970625,48000,1,190590,PCM_16,03df7667379060298796510c02f36e82
C:\Emotion detection\-Emotion-Recognition-from-Speech\data\raw\RAVDESS\Actor_20\03-01-05-01-01-01-20.wav,03-01-05-01-01-01-20.wav,03,01,05,angry,normal,Kids are talking by the door,1,20,female,test,,3.2365833333333334,48000,1,155356,PCM_16,0462383ba4a4d63dd0d86f93beafadd0
C:\Emotion detection\-Emotion-Recognition-from-Speech\data\raw\RAVDESS\Actor_20\03-01-05-01-01-02-20.wav,03-01-05-01-01-02-20.wav,03,01,05,angry,normal,Kids are talking by the door,2,20,female,test,,3.7370625,48000,1,179379,PCM_16,bb29322f6ecbbe4bcef96947e5e861d5
C:\Emotion detection\-Emotion-Recognition-from-Speech\data\raw\RAVDESS\Actor_20\03-01-05-01-02-01-20.wav,03-01-05-01-02-01-20.wav,03,01,05,angry,normal,Dogs are sitting by the door,1,20,female,test,,3.6703333333333332,48000,1,176176,PCM_16,7763e9afad7e351718f9bb67afca81be
C:\Emotion detection\-Emotion-Recognition-from-Speech\data\raw\RAVDESS\Actor_20\03-01-05-01-02-02-20.wav,03-01-05-01-02-02-20.wav,03,01,05,angry,normal,Dogs are sitting by the door,2,20,female,test,,3.8037916666666667,48000,1,182582,PCM_16,65d0536b790898adf7970dc246fb5928
C:\Emotion detection\-Emotion-Recognition-from-Speech\data\raw\RAVDESS\Actor_20\03-01-05-02-01-01-20.wav,03-01-05-02-01-01-20.wav,03,01,05,angry,strong,Kids are talking by the door,1,20,female,test,,4.137479166666667,48000,1,198599,PCM_16,1ba9f7774c0e4813fe437636f8e44f25
C:\Emotion detection\-Emotion-Recognition-from-Speech\data\raw\RAVDESS\Actor_20\03-01-05-02-01-02-20.wav,03-01-05-02-01-02-20.wav,03,01,05,angry,strong,Kids are talking by the door,2,20,female,test,,4.070729166666666,48000,1,195395,PCM_16,2ca3d59a405eb646be4b25483a409011
C:\Emotion detection\-Emotion-Recognition-from-Speech\data\raw\RAVDESS\Actor_20\03-01-05-02-02-01-20.wav,03-01-05-02-02-01-20.wav,03,01,05,angry,strong,Dogs are sitting by the door,1,20,female,test,,4.404416666666667,48000,1,211412,PCM_16,0875821c3d45d15e61d1bfb1e5bb4086
C:\Emotion detection\-Emotion-Recognition-from-Speech\data\raw\RAVDESS\Actor_20\03-01-05-02-02-02-20.wav,03-01-05-02-02-02-20.wav,03,01,05,angry,strong,Dogs are sitting by the door,2,20,female,test,,3.5368541666666666,48000,1,169769,PCM_16,05899c4a6ce9b8c2c8c5308d4f559623
C:\Emotion detection\-Emotion-Recognition-from-Speech\data\raw\RAVDESS\Actor_20\03-01-06-01-01-01-20.wav,03-01-06-01-01-01-20.wav,03,01,06,fearful,normal,Kids are talking by the door,1,20,female,test,,3.8038125,48000,1,182583,PCM_16,7b48e574295282105b471e6038dfb005
C:\Emotion detection\-Emotion-Recognition-from-Speech\data\raw\RAVDESS\Actor_20\03-01-06-01-01-02-20.wav,03-01-06-01-01-02-20.wav,03,01,06,fearful,normal,Kids are talking by the door,2,20,female,test,,4.371020833333334,48000,2,209809,PCM_16,f5cab3bb56c79b98481e035fd9a9b54a
C:\Emotion detection\-Emotion-Recognition-from-Speech\data\raw\RAVDESS\Actor_20\03-01-06-01-02-01-20.wav,03-01-06-01-02-01-20.wav,03,01,06,fearful,normal,Dogs are sitting by the door,1,20,female,test,,3.9372708333333333,48000,1,188989,PCM_16,ce91f5aec2e3a4c93da2c2d3e7be8399
C:\Emotion detection\-Emotion-Recognition-from-Speech\data\raw\RAVDESS\Actor_20\03-01-06-01-02-02-20.wav,03-01-06-01-02-02-20.wav,03,01,06,fearful,normal,Dogs are sitting by the door,2,20,female,test,,3.3032916666666665,48000,1,158558,PCM_16,ea2cf458d98424a1f48143c0027a3985
C:\Emotion detection\-Emotion-Recognition-from-Speech\data\raw\RAVDESS\Actor_20\03-01-06-02-01-01-20.wav,03-01-06-02-01-01-20.wav,03,01,06,fearful,strong,Kids are talking by the door,1,20,female,test,,4.2375625,48000,1,203403,PCM_16,b83026c35bb1b72752c6ff6458d6b493
C:\Emotion detection\-Emotion-Recognition-from-Speech\data\raw\RAVDESS\Actor_20\03-01-06-02-01-02-20.wav,03-01-06-02-01-02-20.wav,03,01,06,fearful,strong,Kids are talking by the door,2,20,female,test,,4.170833333333333,48000,1,200200,PCM_16,2c1cfc3c4f3e49f18e63b054a462f1aa
C:\Emotion detection\-Emotion-Recognition-from-Speech\data\raw\RAVDESS\Actor_20\03-01-06-02-02-01-20.wav,03-01-06-02-02-01-20.wav,03,01,06,fearful,strong,Dogs are sitting by the door,1,20,female,test,,3.8705416666666665,48000,1,185786,PCM_16,c1f94777e516acd01f0e9a1ae040023c
C:\Emotion detection\-Emotion-Recognition-from-Speech\data\raw\RAVDESS\Actor_20\03-01-06-02-02-02-20.wav,03-01-06-02-02-02-20.wav,03,01,06,fearful,strong,Dogs are sitting by the door,2,20,female,test,,3.9039166666666665,48000,1,187388,PCM_16,4a961b0f3e55635a7e889abd8d85268b
C:\Emotion detection\-Emotion-Recognition-from-Speech\data\raw\RAVDESS\Actor_20\03-01-07-01-01-01-20.wav,03-01-07-01-01-01-20.wav,03,01,07,disgust,normal,Kids are talking by the door,1,20,female,test,,3.8705208333333334,48000,1,185785,PCM_16,3407a01ec75d8f4713463c5cbc58755c
C:\Emotion detection\-Emotion-Recognition-from-Speech\data\raw\RAVDESS\Actor_20\03-01-07-01-01-02-20.wav,03-01-07-01-01-02-20.wav,03,01,07,disgust,normal,Kids are talking by the door,2,20,female,test,,3.7370625,48000,1,179379,PCM_16,6c767864b80db176e65946fcb99daab8
C:\Emotion detection\-Emotion-Recognition-from-Speech\data\raw\RAVDESS\Actor_20\03-01-07-01-02-01-20.wav,03-01-07-01-02-01-20.wav,03,01,07,disgust,normal,Dogs are sitting by the door,1,20,female,test,,3.6369583333333333,48000,1,174574,PCM_16,dc33e358820360fd702c3b5e5e5a41b2
C:\Emotion detection\-Emotion-Recognition-from-Speech\data\raw\RAVDESS\Actor_20\03-01-07-01-02-02-20.wav,03-01-07-01-02-02-20.wav,03,01,07,disgust,normal,Dogs are sitting by the door,2,20,female,test,,3.8371666666666666,48000,1,184184,PCM_16,0f29bef9282bc1c100a76f3ffdbb26e4
C:\Emotion detection\-Emotion-Recognition-from-Speech\data\raw\RAVDESS\Actor_20\03-01-07-02-01-01-20.wav,03-01-07-02-01-01-20.wav,03,01,07,disgust,strong,Kids are talking by the door,1,20,female,test,,4.104104166666667,48000,1,196997,PCM_16,b8b711068ca49a43eae804691d29d3e6
C:\Emotion detection\-Emotion-Recognition-from-Speech\data\raw\RAVDESS\Actor_20\03-01-07-02-01-02-20.wav,03-01-07-02-01-02-20.wav,03,01,07,disgust,strong,Kids are talking by the door,2,20,female,test,,4.1040833333333335,48000,1,196996,PCM_16,23604535e518d539a59cb2f9379a84c1
C:\Emotion detection\-Emotion-Recognition-from-Speech\data\raw\RAVDESS\Actor_20\03-01-07-02-02-01-20.wav,03-01-07-02-02-01-20.wav,03,01,07,disgust,strong,Dogs are sitting by the door,1,20,female,test,,4.7380625,48000,1,227427,PCM_16,609f33f9a70af06e15cdfd18766352e3
C:\Emotion detection\-Emotion-Recognition-from-Speech\data\raw\RAVDESS\Actor_20\03-01-07-02-02-02-20.wav,03-01-07-02-02-02-20.wav,03,01,07,disgust,strong,Dogs are sitting by the door,2,20,female,test,,3.8705208333333334,48000,1,185785,PCM_16,1147ed4378e470f5dd80a228270dce94
C:\Emotion detection\-Emotion-Recognition-from-Speech\data\raw\RAVDESS\Actor_20\03-01-08-01-01-01-20.wav,03-01-08-01-01-01-20.wav,03,01,08,surprised,normal,Kids are talking by the door,1,20,female,test,,3.2365833333333334,48000,1,155356,PCM_16,d0b927f1b07a84ab6731fe42876d322f
C:\Emotion detection\-Emotion-Recognition-from-Speech\data\raw\RAVDESS\Actor_20\03-01-08-01-01-02-20.wav,03-01-08-01-01-02-20.wav,03,01,08,surprised,normal,Kids are talking by the door,2,20,female,test,,3.57025,48000,1,171372,PCM_16,6f825cecdf414fd4d9ddebb5666e6282
C:\Emotion detection\-Emotion-Recognition-from-Speech\data\raw\RAVDESS\Actor_20\03-01-08-01-02-01-20.wav,03-01-08-01-02-01-20.wav,03,01,08,surprised,normal,Dogs are sitting by the door,1,20,female,test,,3.1364791666666667,48000,1,150551,PCM_16,155b9cf49cc3923da528e138c2376429
C:\Emotion detection\-Emotion-Recognition-from-Speech\data\raw\RAVDESS\Actor_20\03-01-08-01-02-02-20.wav,03-01-08-01-02-02-20.wav,03,01,08,surprised,normal,Dogs are sitting by the door,2,20,female,test,,3.2031875,48000,1,153753,PCM_16,23c86a3f2f511582c6367a6b23e9df35
C:\Emotion detection\-Emotion-Recognition-from-Speech\data\raw\RAVDESS\Actor_20\03-01-08-02-01-01-20.wav,03-01-08-02-01-01-20.wav,03,01,08,surprised,strong,Kids are talking by the door,1,20,female,test,,3.7370625,48000,1,179379,PCM_16,1578fa12c1a7960dbf154498b682894e
C:\Emotion detection\-Emotion-Recognition-from-Speech\data\raw\RAVDESS\Actor_20\03-01-08-02-01-02-20.wav,03-01-08-02-01-02-20.wav,03,01,08,surprised,strong,Kids are talking by the door,2,20,female,test,,3.2365833333333334,48000,1,155356,PCM_16,95e54b99d92755f4ae082cc1d9859d2e
C:\Emotion detection\-Emotion-Recognition-from-Speech\data\raw\RAVDESS\Actor_20\03-01-08-02-02-01-20.wav,03-01-08-02-02-01-20.wav,03,01,08,surprised,strong,Dogs are sitting by the door,1,20,female,test,,3.5368541666666666,48000,1,169769,PCM_16,d91a02a43252cda678e6ab9e0af1f14c
C:\Emotion detection\-Emotion-Recognition-from-Speech\data\raw\RAVDESS\Actor_20\03-01-08-02-02-02-20.wav,03-01-08-02-02-02-20.wav,03,01,08,surprised,strong,Dogs are sitting by the door,2,20,female,test,,3.4367708333333336,48000,1,164965,PCM_16,c28efd1d35550eb8970b61b7309b0a50
C:\Emotion detection\-Emotion-Recognition-from-Speech\data\raw\RAVDESS\Actor_21\03-01-01-01-01-01-21.wav,03-01-01-01-01-01-21.wav,03,01,01,neutral,normal,Kids are talking by the door,1,21,male,test,,3.8371666666666666,48000,1,184184,PCM_16,6bc28e095ae6a8ed2e99d3e54cb2d26a
C:\Emotion detection\-Emotion-Recognition-from-Speech\data\raw\RAVDESS\Actor_21\03-01-01-01-01-02-21.wav,03-01-01-01-01-02-21.wav,03,01,01,neutral,normal,Kids are talking by the door,2,21,male,test,,3.970625,48000,1,190590,PCM_16,5491bc78bb141845e7e911c580bdc81c
C:\Emotion detection\-Emotion-Recognition-from-Speech\data\raw\RAVDESS\Actor_21\03-01-01-01-02-01-21.wav,03-01-01-01-02-01-21.wav,03,01,01,neutral,normal,Dogs are sitting by the door,1,21,male,test,,3.6036041666666665,48000,1,172973,PCM_16,996199e468347c4484c0083b7426f6c4
C:\Emotion detection\-Emotion-Recognition-from-Speech\data\raw\RAVDESS\Actor_21\03-01-01-01-02-02-21.wav,03-01-01-01-02-02-21.wav,03,01,01,neutral,normal,Dogs are sitting by the door,2,21,male,test,,3.6703333333333332,48000,1,176176,PCM_16,ed5e50e33b19fa7706b05b650b716289
C:\Emotion detection\-Emotion-Recognition-from-Speech\data\raw\RAVDESS\Actor_21\03-01-02-01-01-01-21.wav,03-01-02-01-01-01-21.wav,03,01,02,calm,normal,Kids are talking by the door,1,21,male,test,,4.037375,48000,1,193794,PCM_16,44eb54ffcd94d1c7ea0047e473da284b
C:\Emotion detection\-Emotion-Recognition-from-Speech\data\raw\RAVDESS\Actor_21\03-01-02-01-01-02-21.wav,03-01-02-01-01-02-21.wav,03,01,02,calm,normal,Kids are talking by the door,2,21,male,test,,4.004,48000,1,192192,PCM_16,da70795e0f5161009954dd69adb25acc
C:\Emotion detection\-Emotion-Recognition-from-Speech\data\raw\RAVDESS\Actor_21\03-01-02-01-02-01-21.wav,03-01-02-01-02-01-21.wav,03,01,02,calm,normal,Dogs are sitting by the door,1,21,male,test,,3.8038125,48000,1,182583,PCM_16,b825e9e89077062daf8eb2172c89033e
C:\Emotion detection\-Emotion-Recognition-from-Speech\data\raw\RAVDESS\Actor_21\03-01-02-01-02-02-21.wav,03-01-02-01-02-02-21.wav,03,01,02,calm,normal,Dogs are sitting by the door,2,21,male,test,,4.070729166666666,48000,1,195395,PCM_16,24971569a17088d8627d1461f930a982
C:\Emotion detection\-Emotion-Recognition-from-Speech\data\raw\RAVDESS\Actor_21\03-01-02-02-01-01-21.wav,03-01-02-02-01-01-21.wav,03,01,02,calm,strong,Kids are talking by the door,1,21,male,test,,4.004,48000,1,192192,PCM_16,f8f83610b95857f341298b889f956edc
C:\Emotion detection\-Emotion-Recognition-from-Speech\data\raw\RAVDESS\Actor_21\03-01-02-02-01-02-21.wav,03-01-02-02-01-02-21.wav,03,01,02,calm,strong,Kids are talking by the door,2,21,male,test,,4.170833333333333,48000,1,200200,PCM_16,b09c298ba0631036300871afccb8f7c1
C:\Emotion detection\-Emotion-Recognition-from-Speech\data\raw\RAVDESS\Actor_21\03-01-02-02-02-01-21.wav,03-01-02-02-02-01-21.wav,03,01,02,calm,strong,Dogs are sitting by the door,1,21,male,test,,4.137479166666667,48000,1,198599,PCM_16,92dc7a60427320b5df2137c1fdb90e6f
C:\Emotion detection\-Emotion-Recognition-from-Speech\data\raw\RAVDESS\Actor_21\03-01-02-02-02-02-21.wav,03-01-02-02-02-02-21.wav,03,01,02,calm,strong,Dogs are sitting by the door,2,21,male,test,,3.970625,48000,1,190590,PCM_16,61ad0e28c81c819f8c752f426541a987
C:\Emotion detection\-Emotion-Recognition-from-Speech\data\raw\RAVDESS\Actor_21\03-01-03-01-01-01-21.wav,03-01-03-01-01-01-21.wav,03,01,03,happy,normal,Kids are talking by the door,1,21,male,test,,3.8371666666666666,48000,1,184184,PCM_16,2e894d90d357aee130ee2327b08d3a1d
C:\Emotion detection\-Emotion-Recognition-from-Speech\data\raw\RAVDESS\Actor_21\03-01-03-01-01-02-21.wav,03-01-03-01-01-02-21.wav,03,01,03,happy,normal,Kids are talking by the door,2,21,male,test,,3.8037916666666667,48000,1,182582,PCM_16,57149a01eae639dbf1f0a38d579a88e9
C:\Emotion detection\-Emotion-Recognition-from-Speech\data\raw\RAVDESS\Actor_21\03-01-03-01-02-01-21.wav,03-01-03-01-02-01-21.wav,03,01,03,happy,normal,Dogs are sitting by the door,1,21,male,test,,3.703708333333333,48000,1,177778,PCM_16,37a6cbe5e76d4bc20a0efb1422b95852
C:\Emotion detection\-Emotion-Recognition-from-Speech\data\raw\RAVDESS\Actor_21\03-01-03-01-02-02-21.wav,03-01-03-01-02-02-21.wav,03,01,03,happy,normal,Dogs are sitting by the door,2,21,male,test,,3.8371666666666666,48000,1,184184,PCM_16,e6b46887f9bb82d112594fa272704956
C:\Emotion detection\-Emotion-Recognition-from-Speech\data\raw\RAVDESS\Actor_21\03-01-03-02-01-01-21.wav,03-01-03-02-01-01-21.wav,03,01,03,happy,strong,Kids are talking by the door,1,21,male,test,,3.8037916666666667,48000,1,182582,PCM_16,d763e7244251ae0a6ece5836cdfe65d0
C:\Emotion detection\-Emotion-Recognition-from-Speech\data\raw\RAVDESS\Actor_21\03-01-03-02-01-02-21.wav,03-01-03-02-01-02-21.wav,03,01,03,happy,strong,Kids are talking by the door,2,21,male,test,,3.9372708333333333,48000,1,188989,PCM_16,5e15bcb0be04e250c7e0730992d85245
C:\Emotion detection\-Emotion-Recognition-from-Speech\data\raw\RAVDESS\Actor_21\03-01-03-02-02-01-21.wav,03-01-03-02-02-01-21.wav,03,01,03,happy,strong,Dogs are sitting by the door,1,21,male,test,,3.6703333333333332,48000,1,176176,PCM_16,c4092cb7aee0998c2c627aabf19b6230
C:\Emotion detection\-Emotion-Recognition-from-Speech\data\raw\RAVDESS\Actor_21\03-01-03-02-02-02-21.wav,03-01-03-02-02-02-21.wav,03,01,03,happy,strong,Dogs are sitting by the door,2,21,male,test,,3.8037916666666667,48000,1,182582,PCM_16,0fb0563542c90775a9dc915a80512319
C:\Emotion detection\-Emotion-Recognition-from-Speech\data\raw\RAVDESS\Actor_21\03-01-04-01-01-01-21.wav,03-01-04-01-01-01-21.wav,03,01,04,sad,normal,Kids are talking by the door,1,21,male,test,,4.304291666666667,48000,1,206606,PCM_16,ca1b2eb7f09f59f773239f554d6e0bee
C:\Emotion detection\-Emotion-Recognition-from-Speech\data\raw\RAVDESS\Actor_21\03-01-04-01-01-02-21.wav,03-01-04-01-01-02-21.wav,03,01,04,sad,normal,Kids are talking by the door,2,21,male,test,,4.604604166666666,48000,1,221021,PCM_16,7e4769a91b90922b8897334209635ed5
C:\Emotion detection\-Emotion-Recognition-from-Speech\data\raw\RAVDESS\Actor_21\03-01-04-01-02-01-21.wav,03-01-04-01-02-01-21.wav,03,01,04,sad,normal,Dogs are sitting by the door,1,21,male,test,,4.07075,48000,1,195396,PCM_16,17d9e48da4aad38c3fdd269e597a1084
C:\Emotion detection\-Emotion-Recognition-from-Speech\data\raw\RAVDESS\Actor_21\03-01-04-01-02-02-21.wav,03-01-04-01-02-02-21.wav,03,01,04,sad,normal,Dogs are sitting by the door,2,21,male,test,,4.2041875,48000,1,201801,PCM_16,94c3e43c2a7e1d57d0ef76fe1def5f21
C:\Emotion detection\-Emotion-Recognition-from-Speech\data\raw\RAVDESS\Actor_21\03-01-04-02-01-01-21.wav,03-01-04-02-01-01-21.wav,03,01,04,sad,strong,Kids are talking by the door,1,21,male,test,,4.170833333333333,48000,1,200200,PCM_16,1cbc885777efda3301e53a52b2d6f966
C:\Emotion detection\-Emotion-Recognition-from-Speech\data\raw\RAVDESS\Actor_21\03-01-04-02-01-02-21.wav,03-01-04-02-01-02-21.wav,03,01,04,sad,strong,Kids are talking by the door,2,21,male,test,,4.2709166666666665,48000,1,205004,PCM_16,c269928539ea8ddb2f5cc872ecfcef32
C:\Emotion detection\-Emotion-Recognition-from-Speech\data\raw\RAVDESS\Actor_21\03-01-04-02-02-01-21.wav,03-01-04-02-02-01-21.wav,03,01,04,sad,strong,Dogs are sitting by the door,1,21,male,test,,4.2709375,48000,1,205005,PCM_16,aefc45a2cff69e87553f891cdb538a1d
C:\Emotion detection\-Emotion-Recognition-from-Speech\data\raw\RAVDESS\Actor_21\03-01-04-02-02-02-21.wav,03-01-04-02-02-02-21.wav,03,01,04,sad,strong,Dogs are sitting by the door,2,21,male,test,,4.137479166666667,48000,1,198599,PCM_16,8f76a1e2d57e58fa2730475ed64cebdd
C:\Emotion detection\-Emotion-Recognition-from-Speech\data\raw\RAVDESS\Actor_21\03-01-05-01-01-01-21.wav,03-01-05-01-01-01-21.wav,03,01,05,angry,normal,Kids are talking by the door,1,21,male,test,,4.137479166666667,48000,1,198599,PCM_16,0528fb1989ff4e1d014b5fb1bd4e90ab
C:\Emotion detection\-Emotion-Recognition-from-Speech\data\raw\RAVDESS\Actor_21\03-01-05-01-01-02-21.wav,03-01-05-01-01-02-21.wav,03,01,05,angry,normal,Kids are talking by the door,2,21,male,test,,4.004,48000,1,192192,PCM_16,7e3f2f3177b7eb1e6aee46a1057b92bc
C:\Emotion detection\-Emotion-Recognition-from-Speech\data\raw\RAVDESS\Actor_21\03-01-05-01-02-01-21.wav,03-01-05-01-02-01-21.wav,03,01,05,angry,normal,Dogs are sitting by the door,1,21,male,test,,4.070729166666666,48000,1,195395,PCM_16,2c7470609811cb278b2efd8d016e658c
C:\Emotion detection\-Emotion-Recognition-from-Speech\data\raw\RAVDESS\Actor_21\03-01-05-01-02-02-21.wav,03-01-05-01-02-02-21.wav,03,01,05,angry,normal,Dogs are sitting by the door,2,21,male,test,,3.9372708333333333,48000,1,188989,PCM_16,62e6d8211f0d42eb74e1c78dd507d0fe
C:\Emotion detection\-Emotion-Recognition-from-Speech\data\raw\RAVDESS\Actor_21\03-01-05-02-01-01-21.wav,03-01-05-02-01-01-21.wav,03,01,05,angry,strong,Kids are talking by the door,1,21,male,test,,4.371041666666667,48000,1,209810,PCM_16,5fed34e79cc1f2beb12ee6f05d843390
C:\Emotion detection\-Emotion-Recognition-from-Speech\data\raw\RAVDESS\Actor_21\03-01-05-02-01-02-21.wav,03-01-05-02-01-02-21.wav,03,01,05,angry,strong,Kids are talking by the door,2,21,male,test,,4.471125,48000,1,214614,PCM_16,bc16388ccf3e218124d18548b25171ad
C:\Emotion detection\-Emotion-Recognition-from-Speech\data\raw\RAVDESS\Actor_21\03-01-05-02-02-01-21.wav,03-01-05-02-02-01-21.wav,03,01,05,angry,strong,Dogs are sitting by the door,1,21,male,test,,4.1040833333333335,48000,1,196996,PCM_16,00193809b3515e37046c143df51a8d93
C:\Emotion detection\-Emotion-Recognition-from-Speech\data\raw\RAVDESS\Actor_21\03-01-05-02-02-02-21.wav,03-01-05-02-02-02-21.wav,03,01,05,angry,strong,Dogs are sitting by the door,2,21,male,test,,4.2375625,48000,1,203403,PCM_16,d7f8c1044199e83cb6d0e6328ac63cc3
C:\Emotion detection\-Emotion-Recognition-from-Speech\data\raw\RAVDESS\Actor_21\03-01-06-01-01-01-21.wav,03-01-06-01-01-01-21.wav,03,01,06,fearful,normal,Kids are talking by the door,1,21,male,test,,3.6703333333333332,48000,1,176176,PCM_16,aaa0390aae037ca1e7d4649fa5af2b62
C:\Emotion detection\-Emotion-Recognition-from-Speech\data\raw\RAVDESS\Actor_21\03-01-06-01-01-02-21.wav,03-01-06-01-01-02-21.wav,03,01,06,fearful,normal,Kids are talking by the door,2,21,male,test,,3.7704166666666667,48000,1,180980,PCM_16,f1d5867d24281a767a77d97ab6b9d888
C:\Emotion detection\-Emotion-Recognition-from-Speech\data\raw\RAVDESS\Actor_21\03-01-06-01-02-01-21.wav,03-01-06-01-02-01-21.wav,03,01,06,fearful,normal,Dogs are sitting by the door,1,21,male,test,,3.970625,48000,1,190590,PCM_16,e5d28dbbcabb6420dba3efbf53fc53c4
C:\Emotion detection\-Emotion-Recognition-from-Speech\data\raw\RAVDESS\Actor_21\03-01-06-01-02-02-21.wav,03-01-06-01-02-02-21.wav,03,01,06,fearful,normal,Dogs are sitting by the door,2,21,male,test,,4.070729166666666,48000,1,195395,PCM_16,8ba19f84ac20cba41866b9613df61da3
C:\Emotion detection\-Emotion-Recognition-from-Speech\data\raw\RAVDESS\Actor_21\03-01-06-02-01-01-21.wav,03-01-06-02-01-01-21.wav,03,01,06,fearful,strong,Kids are talking by the door,1,21,male,test,,3.970625,48000,1,190590,PCM_16,89216a17febf625c3c4c75f05e19725c
C:\Emotion detection\-Emotion-Recognition-from-Speech\data\raw\RAVDESS\Actor_21\03-01-06-02-01-02-21.wav,03-01-06-02-01-02-21.wav,03,01,06,fearful,strong,Kids are talking by the door,2,21,male,test,,3.8371666666666666,48000,1,184184,PCM_16,1e125e48c33c02d623a3b12c28b44eef
C:\Emotion detection\-Emotion-Recognition-from-Speech\data\raw\RAVDESS\Actor_21\03-01-06-02-02-01-21.wav,03-01-06-02-02-01-21.wav,03,01,06,fearful,strong,Dogs are sitting by the door,1,21,male,test,,3.7704375,48000,1,180981,PCM_16,3a50599b10ff6356bcb084a031c3d564
C:\Emotion detection\-Emotion-Recognition-from-Speech\data\raw\RAVDESS\Actor_21\03-01-06-02-02-02-21.wav,03-01-06-02-02-02-21.wav,03,01,06,fearful,strong,Dogs are sitting by the door,2,21,male,test,,3.6369583333333333,48000,1,174574,PCM_16,cb15b244936ec8961e76bdb33f365701
C:\Emotion detection\-Emotion-Recognition-from-Speech\data\raw\RAVDESS\Actor_21\03-01-07-01-01-01-21.wav,03-01-07-01-01-01-21.wav,03,01,07,disgust,normal,Kids are talking by the door,1,21,male,test,,3.8037916666666667,48000,1,182582,PCM_16,9969f5bfb32b6b4290641dd7e6964be9
C:\Emotion detection\-Emotion-Recognition-from-Speech\data\raw\RAVDESS\Actor_21\03-01-07-01-01-02-21.wav,03-01-07-01-01-02-21.wav,03,01,07,disgust,normal,Kids are talking by the door,2,21,male,test,,4.07075,48000,1,195396,PCM_16,255368920a1c162d988499610a0ba913
C:\Emotion detection\-Emotion-Recognition-from-Speech\data\raw\RAVDESS\Actor_21\03-01-07-01-02-01-21.wav,03-01-07-01-02-01-21.wav,03,01,07,disgust,normal,Dogs are sitting by the door,1,21,male,test,,3.636979166666667,48000,1,174575,PCM_16,a445d1ae481bb7db7c708581c2051c09
C:\Emotion detection\-Emotion-Recognition-from-Speech\data\raw\RAVDESS\Actor_21\03-01-07-01-02-02-21.wav,03-01-07-01-02-02-21.wav,03,01,07,disgust,normal,Dogs are sitting by the door,2,21,male,test,,3.6036041666666665,48000,1,172973,PCM_16,22941788666cc58dc17602f5e6e62002
C:\Emotion detection\-Emotion-Recognition-from-Speech\data\raw\RAVDESS\Actor_21\03-01-07-02-01-01-21.wav,03-01-07-02-01-01-21.wav,03,01,07,disgust,strong,Kids are talking by the door,1,21,male,test,,4.070729166666666,48000,1,195395,PCM_16,e141078364baf2f7858f3c0d48ae4beb
C:\Emotion detection\-Emotion-Recognition-from-Speech\data\raw\RAVDESS\Actor_21\03-01-07-02-01-02-21.wav,03-01-07-02-01-02-21.wav,03,01,07,disgust,strong,Kids are talking by the door,2,21,male,test,,4.037354166666667,48000,1,193793,PCM_16,e507d0c80ea5608484230ccc31f1f716
C:\Emotion detection\-Emotion-Recognition-from-Speech\data\raw\RAVDESS\Actor_21\03-01-07-02-02-01-21.wav,03-01-07-02-02-01-21.wav,03,01,07,disgust,strong,Dogs are sitting by the door,1,21,male,test,,4.170833333333333,48000,1,200200,PCM_16,7e226df42e41edf7e290115f41512816
C:\Emotion detection\-Emotion-Recognition-from-Speech\data\raw\RAVDESS\Actor_21\03-01-07-02-02-02-21.wav,03-01-07-02-02-02-21.wav,03,01,07,disgust,strong,Dogs are sitting by the door,2,21,male,test,,3.970625,48000,1,190590,PCM_16,1530727c54512afbffde4d3f1a1c14d3
C:\Emotion detection\-Emotion-Recognition-from-Speech\data\raw\RAVDESS\Actor_21\03-01-08-01-01-01-21.wav,03-01-08-01-01-01-21.wav,03,01,08,surprised,normal,Kids are talking by the door,1,21,male,test,,3.5035,48000,1,168168,PCM_16,5c24e9cb5c3bfe9c802a25d550db653e
C:\Emotion detection\-Emotion-Recognition-from-Speech\data\raw\RAVDESS\Actor_21\03-01-08-01-01-02-21.wav,03-01-08-01-01-02-21.wav,03,01,08,surprised,normal,Kids are talking by the door,2,21,male,test,,3.470125,48000,1,166566,PCM_16,271b9246ffb60e9f17802ec90cea67b3
C:\Emotion detection\-Emotion-Recognition-from-Speech\data\raw\RAVDESS\Actor_21\03-01-08-01-02-01-21.wav,03-01-08-01-02-01-21.wav,03,01,08,surprised,normal,Dogs are sitting by the door,1,21,male,test,,3.4701458333333335,48000,1,166567,PCM_16,892317d6d8c934db21d1f6db2d1ab652
C:\Emotion detection\-Emotion-Recognition-from-Speech\data\raw\RAVDESS\Actor_21\03-01-08-01-02-02-21.wav,03-01-08-01-02-02-21.wav,03,01,08,surprised,normal,Dogs are sitting by the door,2,21,male,test,,3.5702291666666666,48000,1,171371,PCM_16,3d1745060bc1c789aeab29973298171a
C:\Emotion detection\-Emotion-Recognition-from-Speech\data\raw\RAVDESS\Actor_21\03-01-08-02-01-01-21.wav,03-01-08-02-01-01-21.wav,03,01,08,surprised,strong,Kids are talking by the door,1,21,male,test,,3.6369583333333333,48000,1,174574,PCM_16,233a3cba0c39934f5f01d9555a50e2bb
C:\Emotion detection\-Emotion-Recognition-from-Speech\data\raw\RAVDESS\Actor_21\03-01-08-02-01-02-21.wav,03-01-08-02-01-02-21.wav,03,01,08,surprised,strong,Kids are talking by the door,2,21,male,test,,3.636979166666667,48000,1,174575,PCM_16,24ce0c5a158ad3bcc68fe25b3d2c1bca
C:\Emotion detection\-Emotion-Recognition-from-Speech\data\raw\RAVDESS\Actor_21\03-01-08-02-02-01-21.wav,03-01-08-02-02-01-21.wav,03,01,08,surprised,strong,Dogs are sitting by the door,1,21,male,test,,3.4701458333333335,48000,1,166567,PCM_16,a89b92945e2612605d2f7fc1cb0bf9a8
C:\Emotion detection\-Emotion-Recognition-from-Speech\data\raw\RAVDESS\Actor_21\03-01-08-02-02-02-21.wav,03-01-08-02-02-02-21.wav,03,01,08,surprised,strong,Dogs are sitting by the door,2,21,male,test,,3.536875,48000,1,169770,PCM_16,3acb5a509e94ca2a7f4bcc2a1e6841e3
C:\Emotion detection\-Emotion-Recognition-from-Speech\data\raw\RAVDESS\Actor_22\03-01-01-01-01-01-22.wav,03-01-01-01-01-01-22.wav,03,01,01,neutral,normal,Kids are talking by the door,1,22,female,test,,3.636979166666667,48000,1,174575,PCM_16,23bb0469fd06e46c004b6179c98296ab
C:\Emotion detection\-Emotion-Recognition-from-Speech\data\raw\RAVDESS\Actor_22\03-01-01-01-01-02-22.wav,03-01-01-01-01-02-22.wav,03,01,01,neutral,normal,Kids are talking by the door,2,22,female,test,,3.4367708333333336,48000,1,164965,PCM_16,0d757c51ebe14582edcd30df376f0773
C:\Emotion detection\-Emotion-Recognition-from-Speech\data\raw\RAVDESS\Actor_22\03-01-01-01-02-01-22.wav,03-01-01-01-02-01-22.wav,03,01,01,neutral,normal,Dogs are sitting by the door,1,22,female,test,,3.6035833333333334,48000,1,172972,PCM_16,434d341bcf4c87bc1404328847dbf5c8
C:\Emotion detection\-Emotion-Recognition-from-Speech\data\raw\RAVDESS\Actor_22\03-01-01-01-02-02-22.wav,03-01-01-01-02-02-22.wav,03,01,01,neutral,normal,Dogs are sitting by the door,2,22,female,test,,3.5368541666666666,48000,1,169769,PCM_16,1da2951459ff5d687b99d104f65d9949
C:\Emotion detection\-Emotion-Recognition-from-Speech\data\raw\RAVDESS\Actor_22\03-01-02-01-01-01-22.wav,03-01-02-01-01-01-22.wav,03,01,02,calm,normal,Kids are talking by the door,1,22,female,test,,3.5368541666666666,48000,1,169769,PCM_16,8089fdcf9384fb47d7d8ff6b7affb562
C:\Emotion detection\-Emotion-Recognition-from-Speech\data\raw\RAVDESS\Actor_22\03-01-02-01-01-02-22.wav,03-01-02-01-01-02-22.wav,03,01,02,calm,normal,Kids are talking by the door,2,22,female,test,,3.5702291666666666,48000,1,171371,PCM_16,b35a91ff523c48d0941b2c120280050b
C:\Emotion detection\-Emotion-Recognition-from-Speech\data\raw\RAVDESS\Actor_22\03-01-02-01-02-01-22.wav,03-01-02-01-02-01-22.wav,03,01,02,calm,normal,Dogs are sitting by the door,1,22,female,test,,3.5702291666666666,48000,1,171371,PCM_16,f620c97d6aee834df31b420a1a220648
C:\Emotion detection\-Emotion-Recognition-from-Speech\data\raw\RAVDESS\Actor_22\03-01-02-01-02-02-22.wav,03-01-02-01-02-02-22.wav,03,01,02,calm,normal,Dogs are sitting by the door,2,22,female,test,,3.536875,48000,1,169770,PCM_16,c885e1ad771330fe9e5c5d6535f4231b
C:\Emotion detection\-Emotion-Recognition-from-Speech\data\raw\RAVDESS\Actor_22\03-01-02-02-01-01-22.wav,03-01-02-02-01-01-22.wav,03,01,02,calm,strong,Kids are talking by the door,1,22,female,test,,3.703708333333333,48000,1,177778,PCM_16,f36805cc22ae950541260c76a23017e8
C:\Emotion detection\-Emotion-Recognition-from-Speech\data\raw\RAVDESS\Actor_22\03-01-02-02-01-02-22.wav,03-01-02-02-01-02-22.wav,03,01,02,calm,strong,Kids are talking by the door,2,22,female,test,,3.8371666666666666,48000,1,184184,PCM_16,174dd64457a3ccc8b722fce8161fa538
C:\Emotion detection\-Emotion-Recognition-from-Speech\data\raw\RAVDESS\Actor_22\03-01-02-02-02-01-22.wav,03-01-02-02-02-01-22.wav,03,01,02,calm,strong,Dogs are sitting by the door,1,22,female,test,,3.6369583333333333,48000,1,174574,PCM_16,cd6d36a63827b660798785b03548378e
C:\Emotion detection\-Emotion-Recognition-from-Speech\data\raw\RAVDESS\Actor_22\03-01-02-02-02-02-22.wav,03-01-02-02-02-02-22.wav,03,01,02,calm,strong,Dogs are sitting by the door,2,22,female,test,,3.7704375,48000,1,180981,PCM_16,cf1bbe426c9147fdee8e7d310f4e8aec
C:\Emotion detection\-Emotion-Recognition-from-Speech\data\raw\RAVDESS\Actor_22\03-01-03-01-01-01-22.wav,03-01-03-01-01-01-22.wav,03,01,03,happy,normal,Kids are talking by the door,1,22,female,test,,3.536875,48000,1,169770,PCM_16,306e98339387581b8ed805cbc07f7b44
C:\Emotion detection\-Emotion-Recognition-from-Speech\data\raw\RAVDESS\Actor_22\03-01-03-01-01-02-22.wav,03-01-03-01-01-02-22.wav,03,01,03,happy,normal,Kids are talking by the door,2,22,female,test,,3.4367708333333336,48000,1,164965,PCM_16,8a0235ff8cd6586d24c976ce776dbb07
C:\Emotion detection\-Emotion-Recognition-from-Speech\data\raw\RAVDESS\Actor_22\03-01-03-01-02-01-22.wav,03-01-03-01-02-01-22.wav,03,01,03,happy,normal,Dogs are sitting by the door,1,22,female,test,,3.5035,48000,1,168168,PCM_16,c232661298377d34051ce0712a786581
C:\Emotion detection\-Emotion-Recognition-from-Speech\data\raw\RAVDESS\Actor_22\03-01-03-01-02-02-22.wav,03-01-03-01-02-02-22.wav,03,01,03,happy,normal,Dogs are sitting by the door,2,22,female,test,,3.5035,48000,1,168168,PCM_16,0cdd15522038c255c630db5a2b197fa7
C:\Emotion detection\-Emotion-Recognition-from-Speech\data\raw\RAVDESS\Actor_22\03-01-03-02-01-01-22.wav,03-01-03-02-01-01-22.wav,03,01,03,happy,strong,Kids are talking by the door,1,22,female,test,,3.7370833333333335,48000,1,179380,PCM_16,2ce6a3b1de5529bc906f792b1a6f5808
C:\Emotion detection\-Emotion-Recognition-from-Speech\data\raw\RAVDESS\Actor_22\03-01-03-02-01-02-22.wav,03-01-03-02-01-02-22.wav,03,01,03,happy,strong,Kids are talking by the door,2,22,female,test,,3.8371666666666666,48000,1,184184,PCM_16,700ad67e79a302140614827bcab3513b
C:\Emotion detection\-Emotion-Recognition-from-Speech\data\raw\RAVDESS\Actor_22\03-01-03-02-02-01-22.wav,03-01-03-02-02-01-22.wav,03,01,03,happy,strong,Dogs are sitting by the door,1,22,female,test,,3.6703333333333332,48000,1,176176,PCM_16,6fcf343c54872df35efa263b0d60667b
C:\Emotion detection\-Emotion-Recognition-from-Speech\data\raw\RAVDESS\Actor_22\03-01-03-02-02-02-22.wav,03-01-03-02-02-02-22.wav,03,01,03,happy,strong,Dogs are sitting by the door,2,22,female,test,,3.9372708333333333,48000,1,188989,PCM_16,d7dd387ad63cc745a33d308b29f95661
C:\Emotion detection\-Emotion-Recognition-from-Speech\data\raw\RAVDESS\Actor_22\03-01-04-01-01-01-22.wav,03-01-04-01-01-01-22.wav,03,01,04,sad,normal,Kids are talking by the door,1,22,female,test,,3.6036041666666665,48000,1,172973,PCM_16,2a49b0bea6171ee2449e077b6d519f25
C:\Emotion detection\-Emotion-Recognition-from-Speech\data\raw\RAVDESS\Actor_22\03-01-04-01-01-02-22.wav,03-01-04-01-01-02-22.wav,03,01,04,sad,normal,Kids are talking by the door,2,22,female,test,,3.703708333333333,48000,1,177778,PCM_16,612c47c13c4932e4ba8ff12754105ed5
C:\Emotion detection\-Emotion-Recognition-from-Speech\data\raw\RAVDESS\Actor_22\03-01-04-01-02-01-22.wav,03-01-04-01-02-01-22.wav,03,01,04,sad,normal,Dogs are sitting by the door,1,22,female,test,,3.6703333333333332,48000,1,176176,PCM_16,f345f8f05cd525f07f4f9dd9c3ade1fe
C:\Emotion detection\-Emotion-Recognition-from-Speech\data\raw\RAVDESS\Actor_22\03-01-04-01-02-02-22.wav,03-01-04-01-02-02-22.wav,03,01,04,sad,normal,Dogs are sitting by the door,2,22,female,test,,3.703708333333333,48000,1,177778,PCM_16,d7ecbe6499200e8a26547181ced28d5b
C:\Emotion detection\-Emotion-Recognition-from-Speech\data\raw\RAVDESS\Actor_22\03-01-04-02-01-01-22.wav,03-01-04-02-01-01-22.wav,03,01,04,sad,strong,Kids are talking by the door,1,22,female,test,,3.7370625,48000,1,179379,PCM_16,b87b993963a4ee83e5f4e0714780bfbb
C:\Emotion detection\-Emotion-Recognition-from-Speech\data\raw\RAVDESS\Actor_22\03-01-04-02-01-02-22.wav,03-01-04-02-01-02-22.wav,03,01,04,sad,strong,Kids are talking by the door,2,22,female,test,,3.636979166666667,48000,1,174575,PCM_16,47b87d05ec189ce9edaf36795a5b503a
C:\Emotion detection\-Emotion-Recognition-from-Speech\data\raw\RAVDESS\Actor_22\03-01-04-02-02-01-22.wav,03-01-04-02-02-01-22.wav,03,01,04,sad,strong,Dogs are sitting by the door,1,22,female,test,,3.7370833333333335,48000,1,179380,PCM_16,20a3af1450bbf926ec58d5d6a42caf72
C:\Emotion detection\-Emotion-Recognition-from-Speech\data\raw\RAVDESS\Actor_22\03-01-04-02-02-02-22.wav,03-01-04-02-02-02-22.wav,03,01,04,sad,strong,Dogs are sitting by the door,2,22,female,test,,3.8371666666666666,48000,1,184184,PCM_16,e2be57b08297a731af175fa24da952df
C:\Emotion detection\-Emotion-Recognition-from-Speech\data\raw\RAVDESS\Actor_22\03-01-05-01-01-01-22.wav,03-01-05-01-01-01-22.wav,03,01,05,angry,normal,Kids are talking by the door,1,22,female,test,,3.703708333333333,48000,1,177778,PCM_16,d0692f02b6366c726d28db1ee315b8fe
C:\Emotion detection\-Emotion-Recognition-from-Speech\data\raw\RAVDESS\Actor_22\03-01-05-01-01-02-22.wav,03-01-05-01-01-02-22.wav,03,01,05,angry,normal,Kids are talking by the door,2,22,female,test,,3.7370625,48000,1,179379,PCM_16,d3750b1968aaa233300e45e0fc93b391
C:\Emotion detection\-Emotion-Recognition-from-Speech\data\raw\RAVDESS\Actor_22\03-01-05-01-02-01-22.wav,03-01-05-01-02-01-22.wav,03,01,05,angry,normal,Dogs are sitting by the door,1,22,female,test,,3.8705208333333334,48000,1,185785,PCM_16,1e721c24a5600605e90897d4c4ee7cfa
C:\Emotion detection\-Emotion-Recognition-from-Speech\data\raw\RAVDESS\Actor_22\03-01-05-01-02-02-22.wav,03-01-05-01-02-02-22.wav,03,01,05,angry,normal,Dogs are sitting by the door,2,22,female,test,,4.037354166666667,48000,1,193793,PCM_16,f78ee539f9be4bc44a0d9cc9251aebb1
C:\Emotion detection\-Emotion-Recognition-from-Speech\data\raw\RAVDESS\Actor_22\03-01-05-02-01-01-22.wav,03-01-05-02-01-01-22.wav,03,01,05,angry,strong,Kids are talking by the door,1,22,female,test,,3.8705416666666665,48000,1,185786,PCM_16,9b8b087767ceed1f89d2f7fc3469a821
C:\Emotion detection\-Emotion-Recognition-from-Speech\data\raw\RAVDESS\Actor_22\03-01-05-02-01-02-22.wav,03-01-05-02-01-02-22.wav,03,01,05,angry,strong,Kids are talking by the door,2,22,female,test,,3.9038958333333333,48000,1,187387,PCM_16,b0d83197aed1069b2ea9a0395a631225
C:\Emotion detection\-Emotion-Recognition-from-Speech\data\raw\RAVDESS\Actor_22\03-01-05-02-02-01-22.wav,03-01-05-02-02-01-22.wav,03,01,05,angry,strong,Dogs are sitting by the door,1,22,female,test,,4.237583333333333,48000,1,203404,PCM_16,1bfb2de42dc5d3c721787e3dbf447335
C:\Emotion detection\-Emotion-Recognition-from-Speech\data\raw\RAVDESS\Actor_22\03-01-05-02-02-02-22.wav,03-01-05-02-02-02-22.wav,03,01,05,angry,strong,Dogs are sitting by the door,2,22,female,test,,4.204208333333334,48000,1,201802,PCM_16,c0a35ce1b2145e19f939eb7ee2990a36
C:\Emotion detection\-Emotion-Recognition-from-Speech\data\raw\RAVDESS\Actor_22\03-01-06-01-01-01-22.wav,03-01-06-01-01-01-22.wav,03,01,06,fearful,normal,Kids are talking by the door,1,22,female,test,,3.57025,48000,1,171372,PCM_16,57929360e9808443c21f8ca9cd2b39a1
C:\Emotion detection\-Emotion-Recognition-from-Speech\data\raw\RAVDESS\Actor_22\03-01-06-01-01-02-22.wav,03-01-06-01-01-02-22.wav,03,01,06,fearful,normal,Kids are talking by the door,2,22,female,test,,3.6036041666666665,48000,1,172973,PCM_16,6ca9797aa57c71ddeabe38ec8ad2f479
C:\Emotion detection\-Emotion-Recognition-from-Speech\data\raw\RAVDESS\Actor_22\03-01-06-01-02-01-22.wav,03-01-06-01-02-01-22.wav,03,01,06,fearful,normal,Dogs are sitting by the door,1,22,female,test,,3.6703333333333332,48000,1,176176,PCM_16,c328c3ff331e6b7d6dd0056c139149cf
C:\Emotion detection\-Emotion-Recognition-from-Speech\data\raw\RAVDESS\Actor_22\03-01-06-01-02-02-22.wav,03-01-06-01-02-02-22.wav,03,01,06,fearful,normal,Dogs are sitting by the door,2,22,female,test,,3.536875,48000,1,169770,PCM_16,df29fd4b02b51d8665be6aae640a5d20
C:\Emotion detection\-Emotion-Recognition-from-Speech\data\raw\RAVDESS\Actor_22\03-01-06-02-01-01-22.wav,03-01-06-02-01-01-22.wav,03,01,06,fearful,strong,Kids are talking by the door,1,22,female,test,,3.5702291666666666,48000,1,171371,PCM_16,ea1ef916b1eceabcfd83cac92813dc54
C:\Emotion detection\-Emotion-Recognition-from-Speech\data\raw\RAVDESS\Actor_22\03-01-06-02-01-02-22.wav,03-01-06-02-01-02-22.wav,03,01,06,fearful,strong,Kids are talking by the door,2,22,female,test,,3.5702291666666666,48000,1,171371,PCM_16,2737a36d54c11295599547372fa47adc
C:\Emotion detection\-Emotion-Recognition-from-Speech\data\raw\RAVDESS\Actor_22\03-01-06-02-02-01-22.wav,03-01-06-02-02-01-22.wav,03,01,06,fearful,strong,Dogs are sitting by the door,1,22,female,test,,3.6703333333333332,48000,1,176176,PCM_16,00b24d545c6ff36d78cf1100e55b7d9c
C:\Emotion detection\-Emotion-Recognition-from-Speech\data\raw\RAVDESS\Actor_22\03-01-06-02-02-02-22.wav,03-01-06-02-02-02-22.wav,03,01,06,fearful,strong,Dogs are sitting by the door,2,22,female,test,,3.6036041666666665,48000,1,172973,PCM_16,235b4273db37225b17cf645519f017e3
C:\Emotion detection\-Emotion-Recognition-from-Speech\data\raw\RAVDESS\Actor_22\03-01-07-01-01-01-22.wav,03-01-07-01-01-01-22.wav,03,01,07,disgust,normal,Kids are talking by the door,1,22,female,test,,3.7036875,48000,1,177777,PCM_16,715fd39e070b31da3f3a22a0705b8e09
C:\Emotion detection\-Emotion-Recognition-from-Speech\data\raw\RAVDESS\Actor_22\03-01-07-01-01-02-22.wav,03-01-07-01-01-02-22.wav,03,01,07,disgust,normal,Kids are talking by the door,2,22,female,test,,3.9038958333333333,48000,1,187387,PCM_16,efc1c4818baa3631018ddb41eb0f89c5
C:\Emotion detection\-Emotion-Recognition-from-Speech\data\raw\RAVDESS\Actor_22\03-01-07-01-02-01-22.wav,03-01-07-01-02-01-22.wav,03,01,07,disgust,normal,Dogs are sitting by the door,1,22,female,test,,3.8037916666666667,48000,1,182582,PCM_16,4eb59135068fc7c6fce8315d05962b98
C:\Emotion detection\-Emotion-Recognition-from-Speech\data\raw\RAVDESS\Actor_22\03-01-07-01-02-02-22.wav,03-01-07-01-02-02-22.wav,03,01,07,disgust,normal,Dogs are sitting by the door,2,22,female,test,,3.8371666666666666,48000,1,184184,PCM_16,fdf87c740e3d06afd6b9aa4597b8fa08
C:\Emotion detection\-Emotion-Recognition-from-Speech\data\raw\RAVDESS\Actor_22\03-01-07-02-01-01-22.wav,03-01-07-02-01-01-22.wav,03,01,07,disgust,strong,Kids are talking by the door,1,22,female,test,,4.2375625,48000,1,203403,PCM_16,92b23dd7793e0ea5da414eff82aff6e9
C:\Emotion detection\-Emotion-Recognition-from-Speech\data\raw\RAVDESS\Actor_22\03-01-07-02-01-02-22.wav,03-01-07-02-01-02-22.wav,03,01,07,disgust,strong,Kids are talking by the door,2,22,female,test,,4.170833333333333,48000,1,200200,PCM_16,88eee36c58b96d9f66e491fbea3d19f6
C:\Emotion detection\-Emotion-Recognition-from-Speech\data\raw\RAVDESS\Actor_22\03-01-07-02-02-01-22.wav,03-01-07-02-02-01-22.wav,03,01,07,disgust,strong,Dogs are sitting by the door,1,22,female,test,,4.204208333333334,48000,1,201802,PCM_16,458477b8adedc563984b88d63c857c1e
C:\Emotion detection\-Emotion-Recognition-from-Speech\data\raw\RAVDESS\Actor_22\03-01-07-02-02-02-22.wav,03-01-07-02-02-02-22.wav,03,01,07,disgust,strong,Dogs are sitting by the door,2,22,female,test,,4.1040833333333335,48000,1,196996,PCM_16,2393e73fe63a24d6eaa1aab322a5c4bb
C:\Emotion detection\-Emotion-Recognition-from-Speech\data\raw\RAVDESS\Actor_22\03-01-08-01-01-01-22.wav,03-01-08-01-01-01-22.wav,03,01,08,surprised,normal,Kids are talking by the door,1,22,female,test,,3.536875,48000,1,169770,PCM_16,9c5b08d30dfe313309a363e6cf32c244
C:\Emotion detection\-Emotion-Recognition-from-Speech\data\raw\RAVDESS\Actor_22\03-01-08-01-01-02-22.wav,03-01-08-01-01-02-22.wav,03,01,08,surprised,normal,Kids are talking by the door,2,22,female,test,,3.5702291666666666,48000,1,171371,PCM_16,3b4fa240f2e820defb6ac00ffadf468b
C:\Emotion detection\-Emotion-Recognition-from-Speech\data\raw\RAVDESS\Actor_22\03-01-08-01-02-01-22.wav,03-01-08-01-02-01-22.wav,03,01,08,surprised,normal,Dogs are sitting by the door,1,22,female,test,,3.4367708333333336,48000,1,164965,PCM_16,e75fac763dc2f74b2b36a4e4a2d1abfa
C:\Emotion detection\-Emotion-Recognition-from-Speech\data\raw\RAVDESS\Actor_22\03-01-08-01-02-02-22.wav,03-01-08-01-02-02-22.wav,03,01,08,surprised,normal,Dogs are sitting by the door,2,22,female,test,,3.6036041666666665,48000,1,172973,PCM_16,4bbbf00d0e48979f104571f09e32b351
C:\Emotion detection\-Emotion-Recognition-from-Speech\data\raw\RAVDESS\Actor_22\03-01-08-02-01-01-22.wav,03-01-08-02-01-01-22.wav,03,01,08,surprised,strong,Kids are talking by the door,1,22,female,test,,3.5702291666666666,48000,1,171371,PCM_16,e6db174989441644dfc3d86178b40869
C:\Emotion detection\-Emotion-Recognition-from-Speech\data\raw\RAVDESS\Actor_22\03-01-08-02-01-02-22.wav,03-01-08-02-01-02-22.wav,03,01,08,surprised,strong,Kids are talking by the door,2,22,female,test,,3.7370833333333335,48000,1,179380,PCM_16,cd75ae2442f9d2475da364e43fdc31b7
C:\Emotion detection\-Emotion-Recognition-from-Speech\data\raw\RAVDESS\Actor_22\03-01-08-02-02-01-22.wav,03-01-08-02-02-01-22.wav,03,01,08,surprised,strong,Dogs are sitting by the door,1,22,female,test,,3.703708333333333,48000,1,177778,PCM_16,64de51c8856ac1beb3bb4f2a9e000482
C:\Emotion detection\-Emotion-Recognition-from-Speech\data\raw\RAVDESS\Actor_22\03-01-08-02-02-02-22.wav,03-01-08-02-02-02-22.wav,03,01,08,surprised,strong,Dogs are sitting by the door,2,22,female,test,,3.6369583333333333,48000,1,174574,PCM_16,9d03634f6d877867c7022fc9faaab09b
C:\Emotion detection\-Emotion-Recognition-from-Speech\data\raw\RAVDESS\Actor_23\03-01-01-01-01-01-23.wav,03-01-01-01-01-01-23.wav,03,01,01,neutral,normal,Kids are talking by the door,1,23,male,test,,3.8037916666666667,48000,1,182582,PCM_16,db026f9f9daa92544e583fba670f39f8
C:\Emotion detection\-Emotion-Recognition-from-Speech\data\raw\RAVDESS\Actor_23\03-01-01-01-01-02-23.wav,03-01-01-01-01-02-23.wav,03,01,01,neutral,normal,Kids are talking by the door,2,23,male,test,,3.7370625,48000,1,179379,PCM_16,d2df1ad203fe49d2372c6215821e0724
C:\Emotion detection\-Emotion-Recognition-from-Speech\data\raw\RAVDESS\Actor_23\03-01-01-01-02-01-23.wav,03-01-01-01-02-01-23.wav,03,01,01,neutral,normal,Dogs are sitting by the door,1,23,male,test,,3.6703333333333332,48000,1,176176,PCM_16,ae8b92edd84648462593ce7023c3fac0
C:\Emotion detection\-Emotion-Recognition-from-Speech\data\raw\RAVDESS\Actor_23\03-01-01-01-02-02-23.wav,03-01-01-01-02-02-23.wav,03,01,01,neutral,normal,Dogs are sitting by the door,2,23,male,test,,3.8371666666666666,48000,1,184184,PCM_16,a995cafef64f67d23c416c9e83a6b22f
C:\Emotion detection\-Emotion-Recognition-from-Speech\data\raw\RAVDESS\Actor_23\03-01-02-01-01-01-23.wav,03-01-02-01-01-01-23.wav,03,01,02,calm,normal,Kids are talking by the door,1,23,male,test,,3.970625,48000,1,190590,PCM_16,2324aa9b033d8d1b25f6679ff145c479
C:\Emotion detection\-Emotion-Recognition-from-Speech\data\raw\RAVDESS\Actor_23\03-01-02-01-01-02-23.wav,03-01-02-01-01-02-23.wav,03,01,02,calm,normal,Kids are talking by the door,2,23,male,test,,4.070729166666666,48000,1,195395,PCM_16,ea1e8cbfaf147bee42b082ab7a3a5347
C:\Emotion detection\-Emotion-Recognition-from-Speech\data\raw\RAVDESS\Actor_23\03-01-02-01-02-01-23.wav,03-01-02-01-02-01-23.wav,03,01,02,calm,normal,Dogs are sitting by the door,1,23,male,test,,4.170833333333333,48000,1,200200,PCM_16,15b2d3308b8065837ff3152b1570a5a6
C:\Emotion detection\-Emotion-Recognition-from-Speech\data\raw\RAVDESS\Actor_23\03-01-02-01-02-02-23.wav,03-01-02-01-02-02-23.wav,03,01,02,calm,normal,Dogs are sitting by the door,2,23,male,test,,4.004,48000,1,192192,PCM_16,0c3c10d55505b2b66cd49ba1424d49ab
C:\Emotion detection\-Emotion-Recognition-from-Speech\data\raw\RAVDESS\Actor_23\03-01-02-02-01-01-23.wav,03-01-02-02-01-01-23.wav,03,01,02,calm,strong,Kids are talking by the door,1,23,male,test,,4.604604166666666,48000,1,221021,PCM_16,11521d89735b8096017cd7c563436e88
C:\Emotion detection\-Emotion-Recognition-from-Speech\data\raw\RAVDESS\Actor_23\03-01-02-02-01-02-23.wav,03-01-02-02-01-02-23.wav,03,01,02,calm,strong,Kids are talking by the door,2,23,male,test,,4.604583333333333,48000,1,221020,PCM_16,2ae03f319c6f3fadb82fe1b0688b7d3d
C:\Emotion detection\-Emotion-Recognition-from-Speech\data\raw\RAVDESS\Actor_23\03-01-02-02-02-01-23.wav,03-01-02-02-02-01-23.wav,03,01,02,calm,strong,Dogs are sitting by the door,1,23,male,test,,4.104104166666667,48000,1,196997,PCM_16,5f4ffb2464e9914169749ca8111407b3
C:\Emotion detection\-Emotion-Recognition-from-Speech\data\raw\RAVDESS\Actor_23\03-01-02-02-02-02-23.wav,03-01-02-02-02-02-23.wav,03,01,02,calm,strong,Dogs are sitting by the door,2,23,male,test,,4.571229166666667,48000,1,219419,PCM_16,f85f112e915eceed76963e2517862442
C:\Emotion detection\-Emotion-Recognition-from-Speech\data\raw\RAVDESS\Actor_23\03-01-03-01-01-01-23.wav,03-01-03-01-01-01-23.wav,03,01,03,happy,normal,Kids are talking by the door,1,23,male,test,,3.3366666666666664,48000,1,160160,PCM_16,76b13ea6f2c86a01d8c7bb9039b13dd2
C:\Emotion detection\-Emotion-Recognition-from-Speech\data\raw\RAVDESS\Actor_23\03-01-03-01-01-02-23.wav,03-01-03-01-01-02-23.wav,03,01,03,happy,normal,Kids are talking by the door,2,23,male,test,,3.2699375,48000,1,156957,PCM_16,33588651249b811177af9776ed5933af
C:\Emotion detection\-Emotion-Recognition-from-Speech\data\raw\RAVDESS\Actor_23\03-01-03-01-02-01-23.wav,03-01-03-01-02-01-23.wav,03,01,03,happy,normal,Dogs are sitting by the door,1,23,male,test,,3.2365625,48000,1,155355,PCM_16,550a7f6d9f9af818e4b4b24fa79158e2
C:\Emotion detection\-Emotion-Recognition-from-Speech\data\raw\RAVDESS\Actor_23\03-01-03-01-02-02-23.wav,03-01-03-01-02-02-23.wav,03,01,03,happy,normal,Dogs are sitting by the door,2,23,male,test,,3.2699375,48000,1,156957,PCM_16,b1668243cfb35e8fbaaac697b8936de3
C:\Emotion detection\-Emotion-Recognition-from-Speech\data\raw\RAVDESS\Actor_23\03-01-03-02-01-01-23.wav,03-01-03-02-01-01-23.wav,03,01,03,happy,strong,Kids are talking by the door,1,23,male,test,,3.2365833333333334,48000,1,155356,PCM_16,62733c3e0544f8dc18ed5eb4372c81b8
C:\Emotion detection\-Emotion-Recognition-from-Speech\data\raw\RAVDESS\Actor_23\03-01-03-02-01-02-23.wav,03-01-03-02-01-02-23.wav,03,01,03,happy,strong,Kids are talking by the door,2,23,male,test,,3.2031875,48000,1,153753,PCM_16,037e7dcceab6ef8955b162557d87da53
C:\Emotion detection\-Emotion-Recognition-from-Speech\data\raw\RAVDESS\Actor_23\03-01-03-02-02-01-23.wav,03-01-03-02-02-01-23.wav,03,01,03,happy,strong,Dogs are sitting by the door,1,23,male,test,,3.2365625,48000,1,155355,PCM_16,fcfab5c964fea89b162ee14115ef091c
C:\Emotion detection\-Emotion-Recognition-from-Speech\data\raw\RAVDESS\Actor_23\03-01-03-02-02-02-23.wav,03-01-03-02-02-02-23.wav,03,01,03,happy,strong,Dogs are sitting by the door,2,23,male,test,,3.2365625,48000,1,155355,PCM_16,f6416d1e6c16c9a38f095f9718bf5db0
C:\Emotion detection\-Emotion-Recognition-from-Speech\data\raw\RAVDESS\Actor_23\03-01-04-01-01-01-23.wav,03-01-04-01-01-01-23.wav,03,01,04,sad,normal,Kids are talking by the door,1,23,male,test,,3.6036041666666665,48000,1,172973,PCM_16,e50ce911185aefc208a9ee731e7c1086
C:\Emotion detection\-Emotion-Recognition-from-Speech\data\raw\RAVDESS\Actor_23\03-01-04-01-01-02-23.wav,03-01-04-01-01-02-23.wav,03,01,04,sad,normal,Kids are talking by the door,2,23,male,test,,3.8705416666666665,48000,1,185786,PCM_16,8365e5356f683685b352c1c0485e9dd3
C:\Emotion detection\-Emotion-Recognition-from-Speech\data\raw\RAVDESS\Actor_23\03-01-04-01-02-01-23.wav,03-01-04-01-02-01-23.wav,03,01,04,sad,normal,Dogs are sitting by the door,1,23,male,test,,3.5702291666666666,48000,1,171371,PCM_16,303150857bc5694677961735e313eaec
C:\Emotion detection\-Emotion-Recognition-from-Speech\data\raw\RAVDESS\Actor_23\03-01-04-01-02-02-23.wav,03-01-04-01-02-02-23.wav,03,01,04,sad,normal,Dogs are sitting by the door,2,23,male,test,,3.6703333333333332,48000,1,176176,PCM_16,8fc999821b189e29be72547b060c92ca
C:\Emotion detection\-Emotion-Recognition-from-Speech\data\raw\RAVDESS\Actor_23\03-01-04-02-01-01-23.wav,03-01-04-02-01-01-23.wav,03,01,04,sad,strong,Kids are talking by the door,1,23,male,test,,4.2709375,48000,1,205005,PCM_16,d7ea0c16d34e04db7a00c03e8098cbc4
C:\Emotion detection\-Emotion-Recognition-from-Speech\data\raw\RAVDESS\Actor_23\03-01-04-02-01-02-23.wav,03-01-04-02-01-02-23.wav,03,01,04,sad,strong,Kids are talking by the door,2,23,male,test,,4.371020833333334,48000,1,209809,PCM_16,4734d849964462af734a429699f74564
C:\Emotion detection\-Emotion-Recognition-from-Speech\data\raw\RAVDESS\Actor_23\03-01-04-02-02-01-23.wav,03-01-04-02-02-01-23.wav,03,01,04,sad,strong,Dogs are sitting by the door,1,23,male,test,,3.9372708333333333,48000,1,188989,PCM_16,0ec81daf60a0088eab83b13276bea960
C:\Emotion detection\-Emotion-Recognition-from-Speech\data\raw\RAVDESS\Actor_23\03-01-04-02-02-02-23.wav,03-01-04-02-02-02-23.wav,03,01,04,sad,strong,Dogs are sitting by the door,2,23,male,test,,4.7380625,48000,1,227427,PCM_16,6860bc3e809c9562328803e8eef46ff3
C:\Emotion detection\-Emotion-Recognition-from-Speech\data\raw\RAVDESS\Actor_23\03-01-05-01-01-01-23.wav,03-01-05-01-01-01-23.wav,03,01,05,angry,normal,Kids are talking by the door,1,23,male,test,,3.3033125,48000,1,158559,PCM_16,7a2aed6460d16bdfe1e5adde6306f8fd
C:\Emotion detection\-Emotion-Recognition-from-Speech\data\raw\RAVDESS\Actor_23\03-01-05-01-01-02-23.wav,03-01-05-01-01-02-23.wav,03,01,05,angry,normal,Kids are talking by the door,2,23,male,test,,3.3033125,48000,1,158559,PCM_16,43e73229b4b00114c941473cb8a9bf1a
C:\Emotion detection\-Emotion-Recognition-from-Speech\data\raw\RAVDESS\Actor_23\03-01-05-01-02-01-23.wav,03-01-05-01-02-01-23.wav,03,01,05,angry,normal,Dogs are sitting by the door,1,23,male,test,,3.2699375,48000,1,156957,PCM_16,ffbb5e2b22cdb01e38869c839247727b
C:\Emotion detection\-Emotion-Recognition-from-Speech\data\raw\RAVDESS\Actor_23\03-01-05-01-02-02-23.wav,03-01-05-01-02-02-23.wav,03,01,05,angry,normal,Dogs are sitting by the door,2,23,male,test,,3.3366666666666664,48000,1,160160,PCM_16,d06e56d593d5d53cfaf3d2a777184fa4
C:\Emotion detection\-Emotion-Recognition-from-Speech\data\raw\RAVDESS\Actor_23\03-01-05-02-01-01-23.wav,03-01-05-02-01-01-23.wav,03,01,05,angry,strong,Kids are talking by the door,1,23,male,test,,3.403395833333333,48000,1,163363,PCM_16,74b8ab026250a762b568f14974de26dd
C:\Emotion detection\-Emotion-Recognition-from-Speech\data\raw\RAVDESS\Actor_23\03-01-05-02-01-02-23.wav,03-01-05-02-01-02-23.wav,03,01,05,angry,strong,Kids are talking by the door,2,23,male,test,,3.3366666666666664,48000,1,160160,PCM_16,851f4234bcfb36fce8980cecf3b919e8
C:\Emotion detection\-Emotion-Recognition-from-Speech\data\raw\RAVDESS\Actor_23\03-01-05-02-02-01-23.wav,03-01-05-02-02-01-23.wav,03,01,05,angry,strong,Dogs are sitting by the door,1,23,male,test,,3.2365625,48000,1,155355,PCM_16,bf2abfd6be4eb2e9c2e71069f79fd7fd
C:\Emotion detection\-Emotion-Recognition-from-Speech\data\raw\RAVDESS\Actor_23\03-01-05-02-02-02-23.wav,03-01-05-02-02-02-23.wav,03,01,05,angry,strong,Dogs are sitting by the door,2,23,male,test,,3.3032916666666665,48000,1,158558,PCM_16,7e78a3969445caf122b34a1e37ec1e24
C:\Emotion detection\-Emotion-Recognition-from-Speech\data\raw\RAVDESS\Actor_23\03-01-06-01-01-01-23.wav,03-01-06-01-01-01-23.wav,03,01,06,fearful,normal,Kids are talking by the door,1,23,male,test,,3.4367708333333336,48000,1,164965,PCM_16,4127151eb71d66cd3954d4db9e55ed6e
C:\Emotion detection\-Emotion-Recognition-from-Speech\data\raw\RAVDESS\Actor_23\03-01-06-01-01-02-23.wav,03-01-06-01-01-02-23.wav,03,01,06,fearful,normal,Kids are talking by the door,2,23,male,test,,3.2365625,48000,1,155355,PCM_16,e0f26d3be8e419947900bf56ef66a093
C:\Emotion detection\-Emotion-Recognition-from-Speech\data\raw\RAVDESS\Actor_23\03-01-06-01-02-01-23.wav,03-01-06-01-02-01-23.wav,03,01,06,fearful,normal,Dogs are sitting by the door,1,23,male,test,,3.136458333333333,48000,1,150550,PCM_16,03245db1eb069e93e8672d02846c366e
C:\Emotion detection\-Emotion-Recognition-from-Speech\data\raw\RAVDESS\Actor_23\03-01-06-01-02-02-23.wav,03-01-06-01-02-02-23.wav,03,01,06,fearful,normal,Dogs are sitting by the door,2,23,male,test,,3.1031041666666668,48000,1,148949,PCM_16,0639df31f6fe32f4456cafcb97f64654
C:\Emotion detection\-Emotion-Recognition-from-Speech\data\raw\RAVDESS\Actor_23\03-01-06-02-01-01-23.wav,03-01-06-02-01-01-23.wav,03,01,06,fearful,strong,Kids are talking by the door,1,23,male,test,,3.5702291666666666,48000,1,171371,PCM_16,0b8958d4dcb3131fbd3f810176971f7e
C:\Emotion detection\-Emotion-Recognition-from-Speech\data\raw\RAVDESS\Actor_23\03-01-06-02-01-02-23.wav,03-01-06-02-01-02-23.wav,03,01,06,fearful,strong,Kids are talking by the door,2,23,male,test,,3.4367708333333336,48000,1,164965,PCM_16,ac271861deb744ac2546d1d3e6f20a62
C:\Emotion detection\-Emotion-Recognition-from-Speech\data\raw\RAVDESS\Actor_23\03-01-06-02-02-01-23.wav,03-01-06-02-02-01-23.wav,03,01,06,fearful,strong,Dogs are sitting by the door,1,23,male,test,,3.57025,48000,1,171372,PCM_16,b901fbdeb2dbec8f3d1d830b93ff2b09
C:\Emotion detection\-Emotion-Recognition-from-Speech\data\raw\RAVDESS\Actor_23\03-01-06-02-02-02-23.wav,03-01-06-02-02-02-23.wav,03,01,06,fearful,strong,Dogs are sitting by the door,2,23,male,test,,3.536875,48000,1,169770,PCM_16,6ebbcae29649e0e1124b3602150bc9b7
C:\Emotion detection\-Emotion-Recognition-from-Speech\data\raw\RAVDESS\Actor_23\03-01-07-01-01-01-23.wav,03-01-07-01-01-01-23.wav,03,01,07,disgust,normal,Kids are talking by the door,1,23,male,test,,3.5702291666666666,48000,1,171371,PCM_16,8c32dd2be91447e7c72f10a4cc650293
C:\Emotion detection\-Emotion-Recognition-from-Speech\data\raw\RAVDESS\Actor_23\03-01-07-01-01-02-23.wav,03-01-07-01-01-02-23.wav,03,01,07,disgust,normal,Kids are talking by the door,2,23,male,test,,3.5702291666666666,48000,1,171371,PCM_16,3288ddea642102a24cf3ae359b71e4f8
C:\Emotion detection\-Emotion-Recognition-from-Speech\data\raw\RAVDESS\Actor_23\03-01-07-01-02-01-23.wav,03-01-07-01-02-01-23.wav,03,01,07,disgust,normal,Dogs are sitting by the door,1,23,male,test,,3.470125,48000,1,166566,PCM_16,2b129a305d971caf7c58a68d1e6d5199
C:\Emotion detection\-Emotion-Recognition-from-Speech\data\raw\RAVDESS\Actor_23\03-01-07-01-02-02-23.wav,03-01-07-01-02-02-23.wav,03,01,07,disgust,normal,Dogs are sitting by the door,2,23,male,test,,3.3366666666666664,48000,1,160160,PCM_16,d21e391eaaec2024af660f77bbbc9f66
C:\Emotion detection\-Emotion-Recognition-from-Speech\data\raw\RAVDESS\Actor_23\03-01-07-02-01-01-23.wav,03-01-07-02-01-01-23.wav,03,01,07,disgust,strong,Kids are talking by the door,1,23,male,test,,4.070729166666666,48000,1,195395,PCM_16,75fccece48cf74f899eab3ba79974bb7
C:\Emotion detection\-Emotion-Recognition-from-Speech\data\raw\RAVDESS\Actor_23\03-01-07-02-01-02-23.wav,03-01-07-02-01-02-23.wav,03,01,07,disgust,strong,Kids are talking by the door,2,23,male,test,,3.8705208333333334,48000,1,185785,PCM_16,4fb3afeb34eea272f7e12f413503354c
C:\Emotion detection\-Emotion-Recognition-from-Speech\data\raw\RAVDESS\Actor_23\03-01-07-02-02-01-23.wav,03-01-07-02-02-01-23.wav,03,01,07,disgust,strong,Dogs are sitting by the door,1,23,male,test,,3.7370625,48000,1,179379,PCM_16,47e378fa3d431da80725a72bd84362a7
C:\Emotion detection\-Emotion-Recognition-from-Speech\data\raw\RAVDESS\Actor_23\03-01-07-02-02-02-23.wav,03-01-07-02-02-02-23.wav,03,01,07,disgust,strong,Dogs are sitting by the door,2,23,male,test,,3.8705208333333334,48000,1,185785,PCM_16,213d3dafabd070057a71ce5e97b870c5
C:\Emotion detection\-Emotion-Recognition-from-Speech\data\raw\RAVDESS\Actor_23\03-01-08-01-01-01-23.wav,03-01-08-01-01-01-23.wav,03,01,08,surprised,normal,Kids are talking by the door,1,23,male,test,,3.2699375,48000,1,156957,PCM_16,59522c7e17395f040287fe9228120aeb
C:\Emotion detection\-Emotion-Recognition-from-Speech\data\raw\RAVDESS\Actor_23\03-01-08-01-01-02-23.wav,03-01-08-01-01-02-23.wav,03,01,08,surprised,normal,Kids are talking by the door,2,23,male,test,,3.2365625,48000,1,155355,PCM_16,87e8d2e21220b31d00fe7a8fbd249846
C:\Emotion detection\-Emotion-Recognition-from-Speech\data\raw\RAVDESS\Actor_23\03-01-08-01-02-01-23.wav,03-01-08-01-02-01-23.wav,03,01,08,surprised,normal,Dogs are sitting by the door,1,23,male,test,,3.3032916666666665,48000,1,158558,PCM_16,9be06a792e0d614d87c36e95b6f76840
C:\Emotion detection\-Emotion-Recognition-from-Speech\data\raw\RAVDESS\Actor_23\03-01-08-01-02-02-23.wav,03-01-08-01-02-02-23.wav,03,01,08,surprised,normal,Dogs are sitting by the door,2,23,male,test,,3.3033125,48000,1,158559,PCM_16,71d442c58810161b3153d978af6469a1
C:\Emotion detection\-Emotion-Recognition-from-Speech\data\raw\RAVDESS\Actor_23\03-01-08-02-01-01-23.wav,03-01-08-02-01-01-23.wav,03,01,08,surprised,strong,Kids are talking by the door,1,23,male,test,,3.5035,48000,1,168168,PCM_16,ba3f90a498ec5cf7fa779294ab4306db
C:\Emotion detection\-Emotion-Recognition-from-Speech\data\raw\RAVDESS\Actor_23\03-01-08-02-01-02-23.wav,03-01-08-02-01-02-23.wav,03,01,08,surprised,strong,Kids are talking by the door,2,23,male,test,,3.3700208333333332,48000,1,161761,PCM_16,c44d773f208a3fbc18cb0e4975273265
C:\Emotion detection\-Emotion-Recognition-from-Speech\data\raw\RAVDESS\Actor_23\03-01-08-02-02-01-23.wav,03-01-08-02-02-01-23.wav,03,01,08,surprised,strong,Dogs are sitting by the door,1,23,male,test,,3.3366666666666664,48000,1,160160,PCM_16,1b6e9703c49daa88a055dc93239ebe98
C:\Emotion detection\-Emotion-Recognition-from-Speech\data\raw\RAVDESS\Actor_23\03-01-08-02-02-02-23.wav,03-01-08-02-02-02-23.wav,03,01,08,surprised,strong,Dogs are sitting by the door,2,23,male,test,,3.3032916666666665,48000,1,158558,PCM_16,6b294460a28e7c8a5fda409e8799700e
C:\Emotion detection\-Emotion-Recognition-from-Speech\data\raw\RAVDESS\Actor_24\03-01-01-01-01-01-24.wav,03-01-01-01-01-01-24.wav,03,01,01,neutral,normal,Kids are talking by the door,1,24,female,train,,3.703708333333333,48000,1,177778,PCM_16,27de437ee8469a27adeac7e547f7faa8
C:\Emotion detection\-Emotion-Recognition-from-Speech\data\raw\RAVDESS\Actor_24\03-01-01-01-01-02-24.wav,03-01-01-01-01-02-24.wav,03,01,01,neutral,normal,Kids are talking by the door,2,24,female,train,,3.6369583333333333,48000,1,174574,PCM_16,5ccecb60c92a97db3583a933bc6ab520
C:\Emotion detection\-Emotion-Recognition-from-Speech\data\raw\RAVDESS\Actor_24\03-01-01-01-02-01-24.wav,03-01-01-01-02-01-24.wav,03,01,01,neutral,normal,Dogs are sitting by the door,1,24,female,train,,3.636979166666667,48000,1,174575,PCM_16,e883a851b5b7e6449979392ee180e3c3
C:\Emotion detection\-Emotion-Recognition-from-Speech\data\raw\RAVDESS\Actor_24\03-01-01-01-02-02-24.wav,03-01-01-01-02-02-24.wav,03,01,01,neutral,normal,Dogs are sitting by the door,2,24,female,train,,3.6036041666666665,48000,1,172973,PCM_16,33a5537cdf2eeaf5b59662ce2ccbb9be
C:\Emotion detection\-Emotion-Recognition-from-Speech\data\raw\RAVDESS\Actor_24\03-01-02-01-01-01-24.wav,03-01-02-01-01-01-24.wav,03,01,02,calm,normal,Kids are talking by the door,1,24,female,train,,3.5702291666666666,48000,1,171371,PCM_16,f8f797098291659c749441c607b469b5
C:\Emotion detection\-Emotion-Recognition-from-Speech\data\raw\RAVDESS\Actor_24\03-01-02-01-01-02-24.wav,03-01-02-01-01-02-24.wav,03,01,02,calm,normal,Kids are talking by the door,2,24,female,train,,3.5035,48000,1,168168,PCM_16,81b2f1ab79cd27d681c55e20e799c37d
C:\Emotion detection\-Emotion-Recognition-from-Speech\data\raw\RAVDESS\Actor_24\03-01-02-01-02-01-24.wav,03-01-02-01-02-01-24.wav,03,01,02,calm,normal,Dogs are sitting by the door,1,24,female,train,,3.8705416666666665,48000,1,185786,PCM_16,6a1696d6a7cc8a68333f4db6c5dfd872
C:\Emotion detection\-Emotion-Recognition-from-Speech\data\raw\RAVDESS\Actor_24\03-01-02-01-02-02-24.wav,03-01-02-01-02-02-24.wav,03,01,02,calm,normal,Dogs are sitting by the door,2,24,female,train,,3.7036875,48000,1,177777,PCM_16,0fcfbb3a315f4eafa262b03ebd897354
C:\Emotion detection\-Emotion-Recognition-from-Speech\data\raw\RAVDESS\Actor_24\03-01-02-02-01-01-24.wav,03-01-02-02-01-01-24.wav,03,01,02,calm,strong,Kids are talking by the door,1,24,female,train,,4.104104166666667,48000,1,196997,PCM_16,5589c967a780de7c3d260f0761974152
C:\Emotion detection\-Emotion-Recognition-from-Speech\data\raw\RAVDESS\Actor_24\03-01-02-02-01-02-24.wav,03-01-02-02-01-02-24.wav,03,01,02,calm,strong,Kids are talking by the door,2,24,female,train,,4.070729166666666,48000,1,195395,PCM_16,f5b132cf9352a6f500f62820852f3053
C:\Emotion detection\-Emotion-Recognition-from-Speech\data\raw\RAVDESS\Actor_24\03-01-02-02-02-01-24.wav,03-01-02-02-02-01-24.wav,03,01,02,calm,strong,Dogs are sitting by the door,1,24,female,train,,4.037375,48000,1,193794,PCM_16,bebeb2addceb9275070e91b34d163212
C:\Emotion detection\-Emotion-Recognition-from-Speech\data\raw\RAVDESS\Actor_24\03-01-02-02-02-02-24.wav,03-01-02-02-02-02-24.wav,03,01,02,calm,strong,Dogs are sitting by the door,2,24,female,train,,4.104104166666667,48000,1,196997,PCM_16,aca9eda25029b36e2a54e64a1f279888
C:\Emotion detection\-Emotion-Recognition-from-Speech\data\raw\RAVDESS\Actor_24\03-01-03-01-01-01-24.wav,03-01-03-01-01-01-24.wav,03,01,03,happy,normal,Kids are talking by the door,1,24,female,train,,3.6036041666666665,48000,1,172973,PCM_16,f71765330eeba447e1bcf5dbb2e9f5f0
C:\Emotion detection\-Emotion-Recognition-from-Speech\data\raw\RAVDESS\Actor_24\03-01-03-01-01-02-24.wav,03-01-03-01-01-02-24.wav,03,01,03,happy,normal,Kids are talking by the door,2,24,female,train,,3.9038958333333333,48000,1,187387,PCM_16,947231c136ad803d91a515b0621fdec2
C:\Emotion detection\-Emotion-Recognition-from-Speech\data\raw\RAVDESS\Actor_24\03-01-03-01-02-01-24.wav,03-01-03-01-02-01-24.wav,03,01,03,happy,normal,Dogs are sitting by the door,1,24,female,train,,3.5035,48000,1,168168,PCM_16,9f5970e3ba88e9adcd9c8bf597c713ac
C:\Emotion detection\-Emotion-Recognition-from-Speech\data\raw\RAVDESS\Actor_24\03-01-03-01-02-02-24.wav,03-01-03-01-02-02-24.wav,03,01,03,happy,normal,Dogs are sitting by the door,2,24,female,train,,3.7370625,48000,1,179379,PCM_16,ab1078783a7c02a73dfbf0c3e606a23e
C:\Emotion detection\-Emotion-Recognition-from-Speech\data\raw\RAVDESS\Actor_24\03-01-03-02-01-01-24.wav,03-01-03-02-01-01-24.wav,03,01,03,happy,strong,Kids are talking by the door,1,24,female,train,,4.004,48000,1,192192,PCM_16,90547de49a2ef9f868d7520fe72cd7c2
C:\Emotion detection\-Emotion-Recognition-from-Speech\data\raw\RAVDESS\Actor_24\03-01-03-02-01-02-24.wav,03-01-03-02-01-02-24.wav,03,01,03,happy,strong,Kids are talking by the door,2,24,female,train,,3.7704375,48000,1,180981,PCM_16,9831b1c32ea58ce6fb0696a96dbf05e1
C:\Emotion detection\-Emotion-Recognition-from-Speech\data\raw\RAVDESS\Actor_24\03-01-03-02-02-01-24.wav,03-01-03-02-02-01-24.wav,03,01,03,happy,strong,Dogs are sitting by the door,1,24,female,train,,3.8705416666666665,48000,1,185786,PCM_16,07d9d1bd20bca7879b753c6a0b947792
C:\Emotion detection\-Emotion-Recognition-from-Speech\data\raw\RAVDESS\Actor_24\03-01-03-02-02-02-24.wav,03-01-03-02-02-02-24.wav,03,01,03,happy,strong,Dogs are sitting by the door,2,24,female,train,,3.8705416666666665,48000,1,185786,PCM_16,eeafac0ceeec5919774446a0aadeb085
C:\Emotion detection\-Emotion-Recognition-from-Speech\data\raw\RAVDESS\Actor_24\03-01-04-01-01-01-24.wav,03-01-04-01-01-01-24.wav,03,01,04,sad,normal,Kids are talking by the door,1,24,female,train,,4.104104166666667,48000,1,196997,PCM_16,e488dcd88a01a50590669d9bd88f3822
C:\Emotion detection\-Emotion-Recognition-from-Speech\data\raw\RAVDESS\Actor_24\03-01-04-01-01-02-24.wav,03-01-04-01-01-02-24.wav,03,01,04,sad,normal,Kids are talking by the door,2,24,female,train,,3.970625,48000,1,190590,PCM_16,f8ee2d3a343f150ae2e687e3ca8ad500
C:\Emotion detection\-Emotion-Recognition-from-Speech\data\raw\RAVDESS\Actor_24\03-01-04-01-02-01-24.wav,03-01-04-01-02-01-24.wav,03,01,04,sad,normal,Dogs are sitting by the door,1,24,female,train,,3.536875,48000,1,169770,PCM_16,eb0a75a05d8153681c68b52d041a11f0
C:\Emotion detection\-Emotion-Recognition-from-Speech\data\raw\RAVDESS\Actor_24\03-01-04-01-02-02-24.wav,03-01-04-01-02-02-24.wav,03,01,04,sad,normal,Dogs are sitting by the door,2,24,female,train,,3.8371666666666666,48000,1,184184,PCM_16,d4cf43cf18f03a149ee1a18d045f8cda
C:\Emotion detection\-Emotion-Recognition-from-Speech\data\raw\RAVDESS\Actor_24\03-01-04-02-01-01-24.wav,03-01-04-02-01-01-24.wav,03,01,04,sad,strong,Kids are talking by the door,1,24,female,train,,4.404395833333333,48000,1,211411,PCM_16,04a9bdea3a4bcc846c8008dee6a74821
C:\Emotion detection\-Emotion-Recognition-from-Speech\data\raw\RAVDESS\Actor_24\03-01-04-02-01-02-24.wav,03-01-04-02-01-02-24.wav,03,01,04,sad,strong,Kids are talking by the door,2,24,female,train,,4.57125,48000,1,219420,PCM_16,db13ce425a204f4f2352e91501d8438f
C:\Emotion detection\-Emotion-Recognition-from-Speech\data\raw\RAVDESS\Actor_24\03-01-04-02-02-01-24.wav,03-01-04-02-02-01-24.wav,03,01,04,sad,strong,Dogs are sitting by the door,1,24,female,train,,4.204208333333334,48000,1,201802,PCM_16,665caab9800c81790e80b158812422d3
C:\Emotion detection\-Emotion-Recognition-from-Speech\data\raw\RAVDESS\Actor_24\03-01-04-02-02-02-24.wav,03-01-04-02-02-02-24.wav,03,01,04,sad,strong,Dogs are sitting by the door,2,24,female,train,,4.671333333333333,48000,1,224224,PCM_16,a3fb2c4e71e1b6f8f06cc86dc968198b
C:\Emotion detection\-Emotion-Recognition-from-Speech\data\raw\RAVDESS\Actor_24\03-01-05-01-01-01-24.wav,03-01-05-01-01-01-24.wav,03,01,05,angry,normal,Kids are talking by the door,1,24,female,train,,4.104104166666667,48000,1,196997,PCM_16,4795e36e7ae6eb95f29831f382fa6a2d
C:\Emotion detection\-Emotion-Recognition-from-Speech\data\raw\RAVDESS\Actor_24\03-01-05-01-01-02-24.wav,03-01-05-01-01-02-24.wav,03,01,05,angry,normal,Kids are talking by the door,2,24,female,train,,3.7370625,48000,1,179379,PCM_16,6156723b213d2b7622718ef185872bb4
C:\Emotion detection\-Emotion-Recognition-from-Speech\data\raw\RAVDESS\Actor_24\03-01-05-01-02-01-24.wav,03-01-05-01-02-01-24.wav,03,01,05,angry,normal,Dogs are sitting by the door,1,24,female,train,,3.6703333333333332,48000,1,176176,PCM_16,e4dbb786073c294ec6c55eb5f02586fc
C:\Emotion detection\-Emotion-Recognition-from-Speech\data\raw\RAVDESS\Actor_24\03-01-05-01-02-02-24.wav,03-01-05-01-02-02-24.wav,03,01,05,angry,normal,Dogs are sitting by the door,2,24,female,train,,4.2041875,48000,1,201801,PCM_16,6d6cc96a77106907721316addaaba5f6
C:\Emotion detection\-Emotion-Recognition-from-Speech\data\raw\RAVDESS\Actor_24\03-01-05-02-01-01-24.wav,03-01-05-02-01-01-24.wav,03,01,05,angry,strong,Kids are talking by the door,1,24,female,train,,4.371041666666667,48000,1,209810,PCM_16,a111f8d286b632f4b124007ec5aaa396
C:\Emotion detection\-Emotion-Recognition-from-Speech\data\raw\RAVDESS\Actor_24\03-01-05-02-01-02-24.wav,03-01-05-02-01-02-24.wav,03,01,05,angry,strong,Kids are talking by the door,2,24,female,train,,4.371041666666667,48000,1,209810,PCM_16,9493dee119dc3d66ee77526819206d89
C:\Emotion detection\-Emotion-Recognition-from-Speech\data\raw\RAVDESS\Actor_24\03-01-05-02-02-01-24.wav,03-01-05-02-02-01-24.wav,03,01,05,angry,strong,Dogs are sitting by the door,1,24,female,train,,4.170833333333333,48000,1,200200,PCM_16,d852b1167a8b0cd544db601b2d7da593
C:\Emotion detection\-Emotion-Recognition-from-Speech\data\raw\RAVDESS\Actor_24\03-01-05-02-02-02-24.wav,03-01-05-02-02-02-24.wav,03,01,05,angry,strong,Dogs are sitting by the door,2,24,female,train,,5.105104166666667,48000,1,245045,PCM_16,43717d0d00241cb3e7ef0352e4bba5f6
C:\Emotion detection\-Emotion-Recognition-from-Speech\data\raw\RAVDESS\Actor_24\03-01-06-01-01-01-24.wav,03-01-06-01-01-01-24.wav,03,01,06,fearful,normal,Kids are talking by the door,1,24,female,train,,4.104104166666667,48000,1,196997,PCM_16,e17d72ef81d7a6f54576c750d72897e2
C:\Emotion detection\-Emotion-Recognition-from-Speech\data\raw\RAVDESS\Actor_24\03-01-06-01-01-02-24.wav,03-01-06-01-01-02-24.wav,03,01,06,fearful,normal,Kids are talking by the door,2,24,female,train,,4.070729166666666,48000,1,195395,PCM_16,4fd9b5c062c0f075c2ba8fa9a4ec8031
C:\Emotion detection\-Emotion-Recognition-from-Speech\data\raw\RAVDESS\Actor_24\03-01-06-01-02-01-24.wav,03-01-06-01-02-01-24.wav,03,01,06,fearful,normal,Dogs are sitting by the door,1,24,female,train,,3.93725,48000,1,188988,PCM_16,9e6e8769c2a95b224714153072109e9d
C:\Emotion detection\-Emotion-Recognition-from-Speech\data\raw\RAVDESS\Actor_24\03-01-06-01-02-02-24.wav,03-01-06-01-02-02-24.wav,03,01,06,fearful,normal,Dogs are sitting by the door,2,24,female,train,,4.004,48000,1,192192,PCM_16,89f598a456ce625653f9b3fe231a23b2
C:\Emotion detection\-Emotion-Recognition-from-Speech\data\raw\RAVDESS\Actor_24\03-01-06-02-01-01-24.wav,03-01-06-02-01-01-24.wav,03,01,06,fearful,strong,Kids are talking by the door,1,24,female,train,,3.8371666666666666,48000,1,184184,PCM_16,04cbb00a75f6f6eccfaf809196549ab5
C:\Emotion detection\-Emotion-Recognition-from-Speech\data\raw\RAVDESS\Actor_24\03-01-06-02-01-02-24.wav,03-01-06-02-01-02-24.wav,03,01,06,fearful,strong,Kids are talking by the door,2,24,female,train,,4.070729166666666,48000,1,195395,PCM_16,080eecd048c59e20e70da84e10ecfaf4
C:\Emotion detection\-Emotion-Recognition-from-Speech\data\raw\RAVDESS\Actor_24\03-01-06-02-02-01-24.wav,03-01-06-02-02-01-24.wav,03,01,06,fearful,strong,Dogs are sitting by the door,1,24,female,train,,3.6035833333333334,48000,1,172972,PCM_16,5c9bbe7cf25c4b076149ff5bea5ea6b0
C:\Emotion detection\-Emotion-Recognition-from-Speech\data\raw\RAVDESS\Actor_24\03-01-06-02-02-02-24.wav,03-01-06-02-02-02-24.wav,03,01,06,fearful,strong,Dogs are sitting by the door,2,24,female,train,,3.8371666666666666,48000,1,184184,PCM_16,5f46cf8cb4360a84d768e663ffd278f5
C:\Emotion detection\-Emotion-Recognition-from-Speech\data\raw\RAVDESS\Actor_24\03-01-07-01-01-01-24.wav,03-01-07-01-01-01-24.wav,03,01,07,disgust,normal,Kids are talking by the door,1,24,female,train,,4.304291666666667,48000,1,206606,PCM_16,603448228b15d5a35c144ae20a6069dd
C:\Emotion detection\-Emotion-Recognition-from-Speech\data\raw\RAVDESS\Actor_24\03-01-07-01-01-02-24.wav,03-01-07-01-01-02-24.wav,03,01,07,disgust,normal,Kids are talking by the door,2,24,female,train,,4.104104166666667,48000,1,196997,PCM_16,8f90bd30c0b03e5387fbdd6dde98c04b
C:\Emotion detection\-Emotion-Recognition-from-Speech\data\raw\RAVDESS\Actor_24\03-01-07-01-02-01-24.wav,03-01-07-01-02-01-24.wav,03,01,07,disgust,normal,Dogs are sitting by the door,1,24,female,train,,4.004,48000,1,192192,PCM_16,421242d8fe21ba9ddb203adb9b556831
C:\Emotion detection\-Emotion-Recognition-from-Speech\data\raw\RAVDESS\Actor_24\03-01-07-01-02-02-24.wav,03-01-07-01-02-02-24.wav,03,01,07,disgust,normal,Dogs are sitting by the door,2,24,female,train,,4.070729166666666,48000,1,195395,PCM_16,c1c2911de447c7f5062dbc0a4f67bc70
C:\Emotion detection\-Emotion-Recognition-from-Speech\data\raw\RAVDESS\Actor_24\03-01-07-02-01-01-24.wav,03-01-07-02-01-01-24.wav,03,01,07,disgust,strong,Kids are talking by the door,1,24,female,train,,4.337666666666666,48000,1,208208,PCM_16,5eb099cb52407c4dd017f34c279981bd
C:\Emotion detection\-Emotion-Recognition-from-Speech\data\raw\RAVDESS\Actor_24\03-01-07-02-01-02-24.wav,03-01-07-02-01-02-24.wav,03,01,07,disgust,strong,Kids are talking by the door,2,24,female,train,,4.637958333333334,48000,1,222622,PCM_16,61f90a2aa9fbb9b28e8f80e7297b735b
C:\Emotion detection\-Emotion-Recognition-from-Speech\data\raw\RAVDESS\Actor_24\03-01-07-02-02-01-24.wav,03-01-07-02-02-01-24.wav,03,01,07,disgust,strong,Dogs are sitting by the door,1,24,female,train,,4.2375625,48000,1,203403,PCM_16,f21de8faa84dbcdfbf9f301c041dc856
C:\Emotion detection\-Emotion-Recognition-from-Speech\data\raw\RAVDESS\Actor_24\03-01-07-02-02-02-24.wav,03-01-07-02-02-02-24.wav,03,01,07,disgust,strong,Dogs are sitting by the door,2,24,female,train,,4.437770833333333,48000,1,213013,PCM_16,75eb324944e05ba44431d6716fe445fc
C:\Emotion detection\-Emotion-Recognition-from-Speech\data\raw\RAVDESS\Actor_24\03-01-08-01-01-01-24.wav,03-01-08-01-01-01-24.wav,03,01,08,surprised,normal,Kids are talking by the door,1,24,female,train,,3.3033125,48000,1,158559,PCM_16,9f9160cee11fb1d92006d7c107d53e4c
C:\Emotion detection\-Emotion-Recognition-from-Speech\data\raw\RAVDESS\Actor_24\03-01-08-01-01-02-24.wav,03-01-08-01-01-02-24.wav,03,01,08,surprised,normal,Kids are talking by the door,2,24,female,train,,3.4701458333333335,48000,1,166567,PCM_16,413b05ca941e897c070dc91a2454c865
C:\Emotion detection\-Emotion-Recognition-from-Speech\data\raw\RAVDESS\Actor_24\03-01-08-01-02-01-24.wav,03-01-08-01-02-01-24.wav,03,01,08,surprised,normal,Dogs are sitting by the door,1,24,female,train,,3.370041666666667,48000,1,161762,PCM_16,7520d451941c06c76cae74b52e2b133c
C:\Emotion detection\-Emotion-Recognition-from-Speech\data\raw\RAVDESS\Actor_24\03-01-08-01-02-02-24.wav,03-01-08-01-02-02-24.wav,03,01,08,surprised,normal,Dogs are sitting by the door,2,24,female,train,,3.403395833333333,48000,1,163363,PCM_16,fd49d13de3dacf4c440e528a564b4ddb
C:\Emotion detection\-Emotion-Recognition-from-Speech\data\raw\RAVDESS\Actor_24\03-01-08-02-01-01-24.wav,03-01-08-02-01-01-24.wav,03,01,08,surprised,strong,Kids are talking by the door,1,24,female,train,,3.9372708333333333,48000,1,188989,PCM_16,2bd25844741143373dd152507ea40253
C:\Emotion detection\-Emotion-Recognition-from-Speech\data\raw\RAVDESS\Actor_24\03-01-08-02-01-02-24.wav,03-01-08-02-01-02-24.wav,03,01,08,surprised,strong,Kids are talking by the door,2,24,female,train,,3.970625,48000,1,190590,PCM_16,e4cd36e528b002fe85fa058dbe04c7a0
C:\Emotion detection\-Emotion-Recognition-from-Speech\data\raw\RAVDESS\Actor_24\03-01-08-02-02-01-24.wav,03-01-08-02-02-01-24.wav,03,01,08,surprised,strong,Dogs are sitting by the door,1,24,female,train,,3.6703333333333332,48000,1,176176,PCM_16,1bda3eb31cd5591a1c188471b104f810
C:\Emotion detection\-Emotion-Recognition-from-Speech\data\raw\RAVDESS\Actor_24\03-01-08-02-02-02-24.wav,03-01-08-02-02-02-24.wav,03,01,08,surprised,strong,Dogs are sitting by the door,2,24,female,train,,3.6369583333333333,48000,1,174574,PCM_16,507f5c770e2c52fa0fff8803a00bd169
